[
  {
    "pk": 1,
    "fields": {
      "app_label": "admin",
      "model": "logentry"
    },
    "model": "contenttypes.contenttype"
  },
  {
    "pk": 2,
    "fields": {
      "app_label": "auth",
      "model": "permission"
    },
    "model": "contenttypes.contenttype"
  },
  {
    "pk": 3,
    "fields": {
      "app_label": "auth",
      "model": "group"
    },
    "model": "contenttypes.contenttype"
  },
  {
    "pk": 4,
    "fields": {
      "app_label": "auth",
      "model": "user"
    },
    "model": "contenttypes.contenttype"
  },
  {
    "pk": 5,
    "fields": {
      "app_label": "contenttypes",
      "model": "contenttype"
    },
    "model": "contenttypes.contenttype"
  },
  {
    "pk": 6,
    "fields": {
      "app_label": "sessions",
      "model": "session"
    },
    "model": "contenttypes.contenttype"
  },
  {
    "pk": 7,
    "fields": {
      "app_label": "alatting_website",
      "model": "person"
    },
    "model": "contenttypes.contenttype"
  },
  {
    "pk": 8,
    "fields": {
      "app_label": "alatting_website",
      "model": "image"
    },
    "model": "contenttypes.contenttype"
  },
  {
    "pk": 9,
    "fields": {
      "app_label": "alatting_website",
      "model": "music"
    },
    "model": "contenttypes.contenttype"
  },
  {
    "pk": 10,
    "fields": {
      "app_label": "alatting_website",
      "model": "video"
    },
    "model": "contenttypes.contenttype"
  },
  {
    "pk": 11,
    "fields": {
      "app_label": "alatting_website",
      "model": "category"
    },
    "model": "contenttypes.contenttype"
  },
  {
    "pk": 12,
    "fields": {
      "app_label": "alatting_website",
      "model": "address"
    },
    "model": "contenttypes.contenttype"
  },
  {
    "pk": 13,
    "fields": {
      "app_label": "alatting_website",
      "model": "poster"
    },
    "model": "contenttypes.contenttype"
  },
  {
    "pk": 14,
    "fields": {
      "app_label": "alatting_website",
      "model": "posterimage"
    },
    "model": "contenttypes.contenttype"
  },
  {
    "pk": 15,
    "fields": {
      "app_label": "alatting_website",
      "model": "postervideo"
    },
    "model": "contenttypes.contenttype"
  },
  {
    "pk": 16,
    "fields": {
      "app_label": "alatting_website",
      "model": "posterlike"
    },
    "model": "contenttypes.contenttype"
  },
  {
    "pk": 17,
    "fields": {
      "app_label": "alatting_website",
      "model": "comment"
    },
    "model": "contenttypes.contenttype"
  },
  {
    "pk": 18,
    "fields": {
      "app_label": "alatting_website",
      "model": "activityinvitation"
    },
    "model": "contenttypes.contenttype"
  },
  {
    "pk": 19,
    "fields": {
      "app_label": "alatting_website",
      "model": "businessmarketing"
    },
    "model": "contenttypes.contenttype"
  },
  {
    "pk": 20,
    "fields": {
      "app_label": "alatting_website",
      "model": "productsell"
    },
    "model": "contenttypes.contenttype"
  },
  {
    "pk": 21,
    "fields": {
      "app_label": "alatting_website",
      "model": "expertshow"
    },
    "model": "contenttypes.contenttype"
  },
  {
    "pk": 26,
    "fields": {
      "app_label": "alatting_website",
      "model": "templateregion"
    },
    "model": "contenttypes.contenttype"
  },
  {
    "pk": 28,
    "fields": {
      "app_label": "alatting_website",
      "model": "template"
    },
    "model": "contenttypes.contenttype"
  },
  {
    "pk": 29,
    "fields": {
      "app_label": "alatting_website",
      "model": "posterpage"
    },
    "model": "contenttypes.contenttype"
  },
  {
    "pk": "171ioc1foq8ev4hfb7tb9ff032hrepgy",
    "fields": {
      "session_data": "ZTgyZThmZTc5ZWE0YjM3MjE3M2NiNzQwNjY0YThmMTFmMmM2NjhmZTp7Il9hdXRoX3VzZXJfaWQiOiIxIiwiX2F1dGhfdXNlcl9oYXNoIjoiYjYyNjc3OGNjYmM5MGQ0YjNlYTc3OGQ5YWNmYjE1N2QwYjZhNmQ3NiIsIl9hdXRoX3VzZXJfYmFja2VuZCI6ImRqYW5nby5jb250cmliLmF1dGguYmFja2VuZHMuTW9kZWxCYWNrZW5kIn0=",
      "expire_date": "2015-10-22T19:17:40.874Z"
    },
    "model": "sessions.session"
  },
  {
    "pk": "bsmjfwh98imjctha1wla4jn5luuvv54k",
    "fields": {
      "session_data": "ZjAxYzM1MTBjMGU2MzgyNjZlZTkzODc0NjAyNWViZjQxMjE1M2VjMTp7Il9hdXRoX3VzZXJfaWQiOiIxIiwiX2F1dGhfdXNlcl9iYWNrZW5kIjoiZGphbmdvLmNvbnRyaWIuYXV0aC5iYWNrZW5kcy5Nb2RlbEJhY2tlbmQiLCJfYXV0aF91c2VyX2hhc2giOiJiNjI2Nzc4Y2NiYzkwZDRiM2VhNzc4ZDlhY2ZiMTU3ZDBiNmE2ZDc2In0=",
      "expire_date": "2015-10-22T01:09:53.528Z"
    },
    "model": "sessions.session"
  },
  {
    "pk": "dyi69ltqgee9l4lh8friq37f4ghdt8sz",
    "fields": {
      "session_data": "MDRjZTk3ZTE3Zjg2N2QxZWU3ZjhlOGIyMWE4ZDU3Y2NkYjc1Y2I5ZDp7Il9hdXRoX3VzZXJfaGFzaCI6ImI2MjY3NzhjY2JjOTBkNGIzZWE3NzhkOWFjZmIxNTdkMGI2YTZkNzYiLCJfYXV0aF91c2VyX2JhY2tlbmQiOiJkamFuZ28uY29udHJpYi5hdXRoLmJhY2tlbmRzLk1vZGVsQmFja2VuZCIsIl9hdXRoX3VzZXJfaWQiOiIxIn0=",
      "expire_date": "2015-10-23T19:02:28.389Z"
    },
    "model": "sessions.session"
  },
  {
    "pk": "i1exd5cwpopdw46kveypglxlvj6qtynr",
    "fields": {
      "session_data": "YmI1OGY0NTliYjgwMmM3ZmM5YjEzMzY2MDdlYmM3MGE0MDU1YjE5Njp7Il9hdXRoX3VzZXJfYmFja2VuZCI6ImRqYW5nby5jb250cmliLmF1dGguYmFja2VuZHMuTW9kZWxCYWNrZW5kIiwiX2F1dGhfdXNlcl9pZCI6IjEiLCJfYXV0aF91c2VyX2hhc2giOiJiNjI2Nzc4Y2NiYzkwZDRiM2VhNzc4ZDlhY2ZiMTU3ZDBiNmE2ZDc2In0=",
      "expire_date": "2015-10-10T01:38:31.737Z"
    },
    "model": "sessions.session"
  },
  {
    "pk": "kky1gfuhpit36c5dxvuyluu0c8ptvark",
    "fields": {
      "session_data": "MDRjZTk3ZTE3Zjg2N2QxZWU3ZjhlOGIyMWE4ZDU3Y2NkYjc1Y2I5ZDp7Il9hdXRoX3VzZXJfaGFzaCI6ImI2MjY3NzhjY2JjOTBkNGIzZWE3NzhkOWFjZmIxNTdkMGI2YTZkNzYiLCJfYXV0aF91c2VyX2JhY2tlbmQiOiJkamFuZ28uY29udHJpYi5hdXRoLmJhY2tlbmRzLk1vZGVsQmFja2VuZCIsIl9hdXRoX3VzZXJfaWQiOiIxIn0=",
      "expire_date": "2015-10-21T00:37:06.714Z"
    },
    "model": "sessions.session"
  },
  {
    "pk": "ls2yezy9w6wkvvn2aqcye58ruc2hbugb",
    "fields": {
      "session_data": "ZjAxYzM1MTBjMGU2MzgyNjZlZTkzODc0NjAyNWViZjQxMjE1M2VjMTp7Il9hdXRoX3VzZXJfaWQiOiIxIiwiX2F1dGhfdXNlcl9iYWNrZW5kIjoiZGphbmdvLmNvbnRyaWIuYXV0aC5iYWNrZW5kcy5Nb2RlbEJhY2tlbmQiLCJfYXV0aF91c2VyX2hhc2giOiJiNjI2Nzc4Y2NiYzkwZDRiM2VhNzc4ZDlhY2ZiMTU3ZDBiNmE2ZDc2In0=",
      "expire_date": "2015-10-07T21:25:08.700Z"
    },
    "model": "sessions.session"
  },
  {
    "pk": "p8afn31drvfg1yrbtd0m7947g9qlplgi",
    "fields": {
      "session_data": "ZTgyZThmZTc5ZWE0YjM3MjE3M2NiNzQwNjY0YThmMTFmMmM2NjhmZTp7Il9hdXRoX3VzZXJfaWQiOiIxIiwiX2F1dGhfdXNlcl9oYXNoIjoiYjYyNjc3OGNjYmM5MGQ0YjNlYTc3OGQ5YWNmYjE1N2QwYjZhNmQ3NiIsIl9hdXRoX3VzZXJfYmFja2VuZCI6ImRqYW5nby5jb250cmliLmF1dGguYmFja2VuZHMuTW9kZWxCYWNrZW5kIn0=",
      "expire_date": "2015-10-24T17:35:02.187Z"
    },
    "model": "sessions.session"
  },
  {
    "pk": "xtnipb8nikrlprrob8fnf45iqv9ds0o5",
    "fields": {
      "session_data": "ZjAxYzM1MTBjMGU2MzgyNjZlZTkzODc0NjAyNWViZjQxMjE1M2VjMTp7Il9hdXRoX3VzZXJfaWQiOiIxIiwiX2F1dGhfdXNlcl9iYWNrZW5kIjoiZGphbmdvLmNvbnRyaWIuYXV0aC5iYWNrZW5kcy5Nb2RlbEJhY2tlbmQiLCJfYXV0aF91c2VyX2hhc2giOiJiNjI2Nzc4Y2NiYzkwZDRiM2VhNzc4ZDlhY2ZiMTU3ZDBiNmE2ZDc2In0=",
      "expire_date": "2015-10-28T21:31:48.368Z"
    },
    "model": "sessions.session"
  },
  {
    "pk": 1,
    "fields": {
      "file": "images/2015/09/23/2e070467cd9b4663b2ab490513785416.PNG",
      "created_at": "2015-09-23T21:26:45.135Z",
      "width": 3264,
      "height": 2448,
      "format": "PNG",
      "uuid": "06ea099b354b4e4a8201e8adf4d07335"
    },
    "model": "alatting_website.image"
  },
  {
    "pk": 2,
    "fields": {
      "file": "images/2015/09/23/5e00488cb64b4067800b634dc6ffdee9.png",
      "created_at": "2015-09-23T21:33:37.249Z",
      "width": 2448,
      "height": 3264,
      "format": "png",
      "uuid": "b7aa53cdc86140feb3227bba54fe3893"
    },
    "model": "alatting_website.image"
  },
  {
    "pk": 3,
    "fields": {
      "file": "images/2015/09/23/3fdcb0c0f9d84f80bc4dcd8805a6dc54.png",
      "created_at": "2015-09-23T21:33:50.580Z",
      "width": 2448,
      "height": 2448,
      "format": "png",
      "uuid": "ab01647941b44f809defe850c31d4fea"
    },
    "model": "alatting_website.image"
  },
  {
    "pk": 4,
    "fields": {
      "file": "images/2015/09/23/71be2fb3dc5e43ffab21cf7dba007062.PNG",
      "created_at": "2015-09-23T21:33:54.510Z",
      "width": 1460,
      "height": 775,
      "format": "PNG",
      "uuid": "222ca9b4c2fb4492a05995da25f99456"
    },
    "model": "alatting_website.image"
  },
  {
    "pk": 5,
    "fields": {
      "file": "images/2015/09/23/0dc6eb03c4f94649b28b5977ecb3039b.PNG",
      "created_at": "2015-09-23T21:33:58.380Z",
      "width": 991,
      "height": 909,
      "format": "PNG",
      "uuid": "21414319fdf84aefab396583439793bf"
    },
    "model": "alatting_website.image"
  },
  {
    "pk": 6,
    "fields": {
      "file": "images/2015/09/23/4d712c75f5cb4e64827939f2b62679a0.PNG",
      "created_at": "2015-09-23T21:34:02.550Z",
      "width": 1026,
      "height": 906,
      "format": "PNG",
      "uuid": "911c2c62b1a449c9bcd179eb52ab5f7a"
    },
    "model": "alatting_website.image"
  },
  {
    "pk": 7,
    "fields": {
      "file": "images/2015/09/23/9f0955515312418b9eae8d129cd0ac2b.PNG",
      "created_at": "2015-09-23T21:34:06.234Z",
      "width": 1013,
      "height": 781,
      "format": "PNG",
      "uuid": "12a59da997e548d89d7d44c888aa7635"
    },
    "model": "alatting_website.image"
  },
  {
    "pk": 8,
    "fields": {
      "file": "images/2015/09/23/8fb83b6391f747449490d9f17af75a76.png",
      "created_at": "2015-09-23T21:34:10.524Z",
      "width": 2000,
      "height": 1333,
      "format": "png",
      "uuid": "9cfd838210d443d881205500af0d356e"
    },
    "model": "alatting_website.image"
  },
  {
    "pk": 9,
    "fields": {
      "file": "images/2015/09/23/ed2ac1e260ba45e6bf54d6ee0651788d.png",
      "created_at": "2015-09-23T21:34:15.537Z",
      "width": 2000,
      "height": 1333,
      "format": "png",
      "uuid": "0ee4169c782f46af9397d0ea2cb11e00"
    },
    "model": "alatting_website.image"
  },
  {
    "pk": 10,
    "fields": {
      "file": "images/2015/09/23/9d557ff27bb545ffac2c5dc84f0e67e2.png",
      "created_at": "2015-09-23T21:34:18.899Z",
      "width": 3264,
      "height": 2448,
      "format": "png",
      "uuid": "d19024e7c8254348a21300ca274bd0e7"
    },
    "model": "alatting_website.image"
  },
  {
    "pk": 11,
    "fields": {
      "file": "images/2015/09/23/3c97a890175d458589b3ad09decf2fc6.png",
      "created_at": "2015-09-23T21:34:29.587Z",
      "width": 594,
      "height": 128,
      "format": "png",
      "uuid": "8c85966185c8472d98ca7af1e0126598"
    },
    "model": "alatting_website.image"
  },
  {
    "pk": 12,
    "fields": {
      "file": "images/2015/09/23/fbd08c2eb10445409a5134924d69f745.png",
      "created_at": "2015-09-23T21:34:50.980Z",
      "width": 2000,
      "height": 1333,
      "format": "png",
      "uuid": "3283219c4b8f4c5e9223a06deea408f0"
    },
    "model": "alatting_website.image"
  },
  {
    "pk": 1,
    "fields": {
      "format": "mp3",
      "file": "music/2015/09/23/5c547a48e4324e5d9f59d3d3a36dcf6f.mp3",
      "created_at": "2015-09-23T21:36:17.244Z",
      "uuid": "e0aa350680c14f458b7bbb45ee29acec"
    },
    "model": "alatting_website.music"
  },
  {
    "pk": 1,
    "fields": {
      "format": "mp4",
      "file": "videos/2015/09/23/0fe873324f3745c7b2c30f1d7ad58290.mp4",
      "created_at": "2015-09-23T21:36:31.875Z",
      "uuid": "48280de11e0549a0b5d07bc4ab65cadb"
    },
    "model": "alatting_website.video"
  },
  {
    "pk": 1,
    "fields": {
      "parent": null,
      "name": "Activity Invitation",
      "description": "Activity / Party Invitation",
      "tags": ""
    },
    "model": "alatting_website.category"
  },
  {
    "pk": 2,
    "fields": {
      "parent": null,
      "name": "Business Marketing",
      "description": "Business Marketing",
      "tags": ""
    },
    "model": "alatting_website.category"
  },
  {
    "pk": 3,
    "fields": {
      "parent": null,
      "name": "Product Promotion",
      "description": "Profuct Promotion",
      "tags": ""
    },
    "model": "alatting_website.category"
  },
  {
    "pk": 4,
    "fields": {
      "parent": null,
      "name": "Personal & Expert Branding",
      "description": "Personal & Expert Brandin",
      "tags": ""
    },
    "model": "alatting_website.category"
  },
  {
    "pk": 5,
    "fields": {
      "parent": 1,
      "name": "Marriage Invitation",
      "description": "Marriage Invitation",
      "tags": ""
    },
    "model": "alatting_website.category"
  },
  {
    "pk": 6,
    "fields": {
      "parent": 1,
      "name": "Dating Invitation",
      "description": "Dating Invitation",
      "tags": ""
    },
    "model": "alatting_website.category"
  },
  {
    "pk": 7,
    "fields": {
      "parent": 2,
      "name": "Education Marketing",
      "description": "Education Marketing",
      "tags": ""
    },
    "model": "alatting_website.category"
  },
  {
    "pk": 8,
    "fields": {
      "parent": 2,
      "name": "School Marketing",
      "description": "School Marketing",
      "tags": ""
    },
    "model": "alatting_website.category"
  },
  {
    "pk": 9,
    "fields": {
      "parent": 3,
      "name": "Art Auction",
      "description": "Art Auctio",
      "tags": ""
    },
    "model": "alatting_website.category"
  },
  {
    "pk": 10,
    "fields": {
      "parent": 3,
      "name": "Cosmetics Promotion",
      "description": "Cosmetics Promotion",
      "tags": ""
    },
    "model": "alatting_website.category"
  },
  {
    "pk": 11,
    "fields": {
      "parent": 4,
      "name": "Lawyer Branding",
      "description": "Lawyer Branding",
      "tags": ""
    },
    "model": "alatting_website.category"
  },
  {
    "pk": 12,
    "fields": {
      "parent": 4,
      "name": "Doctor Branding",
      "description": "Doctor Branding",
      "tags": ""
    },
    "model": "alatting_website.category"
  },
  {
    "pk": 13,
    "fields": {
      "parent": 1,
      "name": "Birthday Invitation",
      "description": "Birthday Invitation",
      "tags": ""
    },
    "model": "alatting_website.category"
  },
  {
    "pk": 14,
    "fields": {
      "parent": 2,
      "name": "Enterprise Marketing",
      "description": "Enterprise Marketing",
      "tags": ""
    },
    "model": "alatting_website.category"
  },
  {
    "pk": 15,
    "fields": {
      "parent": 3,
      "name": "Car Promotion",
      "description": "Car Promotion",
      "tags": ""
    },
    "model": "alatting_website.category"
  },
  {
    "pk": 16,
    "fields": {
      "parent": 4,
      "name": "Designer Branding",
      "description": "Designer Branding",
      "tags": ""
    },
    "model": "alatting_website.category"
  },
  {
    "pk": 1,
    "fields": {
      "post_code": "91007",
      "state": "CA",
      "created_at": "2015-09-23T21:28:07.285Z",
      "city": "Arcadia",
      "address2": "",
      "updated_at": "2015-09-23T21:28:07.285Z",
      "address1": "834 W Duarte Road",
      "country": "USA"
    },
    "model": "alatting_website.address"
  },
  {
    "pk": 1,
    "fields": {
      "name": "first"
    },
    "model": "alatting_website.template"
  },
  {
    "pk": 1,
    "fields": {
      "name": "top-left",
      "top": 0.0,
      "height": 49.0,
      "template": 1,
      "polygon": "0 0, 100% 0, 0 100%",
      "left": 0.0,
      "width": 63.5
    },
    "model": "alatting_website.templateregion"
  },
  {
    "pk": 2,
    "fields": {
      "name": "top-right",
      "top": 0.0,
      "height": 49.0,
      "template": 1,
      "polygon": "0 23.2%, 30.3% 0, 100% 0, 100% 100%",
      "left": 51.0,
      "width": 49.0
    },
    "model": "alatting_website.templateregion"
  },
  {
    "pk": 3,
    "fields": {
      "name": "middle",
      "top": 12.06,
      "height": 84.58,
      "template": 1,
      "polygon": "0 54.73%,0 45.27%, 50% 0, 100% 45.27%, 100% 54.73%, 50% 100%",
      "left": 0.0,
      "width": 100.0
    },
    "model": "alatting_website.templateregion"
  },
  {
    "pk": 4,
    "fields": {
      "name": "bottom-left",
      "top": 60.0,
      "height": 40.0,
      "template": 1,
      "polygon": "44% 44%, 100% 100%, 0 100%, 0 86%",
      "left": 0.0,
      "width": 52.0
    },
    "model": "alatting_website.templateregion"
  },
  {
    "pk": 5,
    "fields": {
      "name": "bottom-right",
      "top": 60.0,
      "height": 40.0,
      "template": 1,
      "polygon": "0 94%, 100% 0, 100% 100%, 6% 100%",
      "left": 51.3,
      "width": 48.7
    },
    "model": "alatting_website.templateregion"
  },
  {
    "pk": 1,
    "fields": {
      "template": 1,
      "poster": 1,
      "name": "COMPANY",
      "index": 0
    },
    "model": "alatting_website.posterpage"
  },
  {
    "pk": 1,
    "fields": {
      "image": 1,
      "poster": 1,
      "name": "image_1"
    },
    "model": "alatting_website.posterimage"
  },
  {
    "pk": 2,
    "fields": {
      "image": 2,
      "poster": 1,
      "name": "image_2"
    },
    "model": "alatting_website.posterimage"
  },
  {
    "pk": 3,
    "fields": {
      "image": 3,
      "poster": 1,
      "name": "image_3"
    },
    "model": "alatting_website.posterimage"
  },
  {
    "pk": 4,
    "fields": {
      "image": 6,
      "poster": 1,
      "name": "image_4"
    },
    "model": "alatting_website.posterimage"
  },
  {
    "pk": 5,
    "fields": {
      "image": 5,
      "poster": 1,
      "name": "image_5"
    },
    "model": "alatting_website.posterimage"
  },
  {
    "pk": 7,
    "fields": {
      "image": 7,
      "poster": 1,
      "name": "image_7"
    },
    "model": "alatting_website.posterimage"
  },
  {
    "pk": 8,
    "fields": {
      "image": 8,
      "poster": 1,
      "name": "image_8"
    },
    "model": "alatting_website.posterimage"
  },
  {
    "pk": 9,
    "fields": {
      "image": 9,
      "poster": 1,
      "name": "image_9"
    },
    "model": "alatting_website.posterimage"
  },
  {
    "pk": 10,
    "fields": {
      "image": 10,
      "poster": 1,
      "name": "image_10"
    },
    "model": "alatting_website.posterimage"
  },
  {
    "pk": 11,
    "fields": {
      "image": 11,
      "poster": 1,
      "name": "logo"
    },
    "model": "alatting_website.posterimage"
  },
  {
    "pk": 12,
    "fields": {
      "image": 12,
      "poster": 1,
      "name": "image_12"
    },
    "model": "alatting_website.posterimage"
  },
  {
    "pk": 1,
    "fields": {
      "video": 1,
      "poster": 1,
      "name": "video_1"
    },
    "model": "alatting_website.postervideo"
  },
  {
    "pk": 1,
    "fields": {
      "codename": "add_logentry",
      "content_type": 1,
      "name": "Can add log entry"
    },
    "model": "auth.permission"
  },
  {
    "pk": 2,
    "fields": {
      "codename": "change_logentry",
      "content_type": 1,
      "name": "Can change log entry"
    },
    "model": "auth.permission"
  },
  {
    "pk": 3,
    "fields": {
      "codename": "delete_logentry",
      "content_type": 1,
      "name": "Can delete log entry"
    },
    "model": "auth.permission"
  },
  {
    "pk": 4,
    "fields": {
      "codename": "add_permission",
      "content_type": 2,
      "name": "Can add permission"
    },
    "model": "auth.permission"
  },
  {
    "pk": 5,
    "fields": {
      "codename": "change_permission",
      "content_type": 2,
      "name": "Can change permission"
    },
    "model": "auth.permission"
  },
  {
    "pk": 6,
    "fields": {
      "codename": "delete_permission",
      "content_type": 2,
      "name": "Can delete permission"
    },
    "model": "auth.permission"
  },
  {
    "pk": 7,
    "fields": {
      "codename": "add_group",
      "content_type": 3,
      "name": "Can add group"
    },
    "model": "auth.permission"
  },
  {
    "pk": 8,
    "fields": {
      "codename": "change_group",
      "content_type": 3,
      "name": "Can change group"
    },
    "model": "auth.permission"
  },
  {
    "pk": 9,
    "fields": {
      "codename": "delete_group",
      "content_type": 3,
      "name": "Can delete group"
    },
    "model": "auth.permission"
  },
  {
    "pk": 10,
    "fields": {
      "codename": "add_user",
      "content_type": 4,
      "name": "Can add user"
    },
    "model": "auth.permission"
  },
  {
    "pk": 11,
    "fields": {
      "codename": "change_user",
      "content_type": 4,
      "name": "Can change user"
    },
    "model": "auth.permission"
  },
  {
    "pk": 12,
    "fields": {
      "codename": "delete_user",
      "content_type": 4,
      "name": "Can delete user"
    },
    "model": "auth.permission"
  },
  {
    "pk": 13,
    "fields": {
      "codename": "add_contenttype",
      "content_type": 5,
      "name": "Can add content type"
    },
    "model": "auth.permission"
  },
  {
    "pk": 14,
    "fields": {
      "codename": "change_contenttype",
      "content_type": 5,
      "name": "Can change content type"
    },
    "model": "auth.permission"
  },
  {
    "pk": 15,
    "fields": {
      "codename": "delete_contenttype",
      "content_type": 5,
      "name": "Can delete content type"
    },
    "model": "auth.permission"
  },
  {
    "pk": 16,
    "fields": {
      "codename": "add_session",
      "content_type": 6,
      "name": "Can add session"
    },
    "model": "auth.permission"
  },
  {
    "pk": 17,
    "fields": {
      "codename": "change_session",
      "content_type": 6,
      "name": "Can change session"
    },
    "model": "auth.permission"
  },
  {
    "pk": 18,
    "fields": {
      "codename": "delete_session",
      "content_type": 6,
      "name": "Can delete session"
    },
    "model": "auth.permission"
  },
  {
    "pk": 19,
    "fields": {
      "codename": "add_person",
      "content_type": 7,
      "name": "Can add person"
    },
    "model": "auth.permission"
  },
  {
    "pk": 20,
    "fields": {
      "codename": "change_person",
      "content_type": 7,
      "name": "Can change person"
    },
    "model": "auth.permission"
  },
  {
    "pk": 21,
    "fields": {
      "codename": "delete_person",
      "content_type": 7,
      "name": "Can delete person"
    },
    "model": "auth.permission"
  },
  {
    "pk": 22,
    "fields": {
      "codename": "add_image",
      "content_type": 8,
      "name": "Can add image"
    },
    "model": "auth.permission"
  },
  {
    "pk": 23,
    "fields": {
      "codename": "change_image",
      "content_type": 8,
      "name": "Can change image"
    },
    "model": "auth.permission"
  },
  {
    "pk": 24,
    "fields": {
      "codename": "delete_image",
      "content_type": 8,
      "name": "Can delete image"
    },
    "model": "auth.permission"
  },
  {
    "pk": 25,
    "fields": {
      "codename": "add_music",
      "content_type": 9,
      "name": "Can add music"
    },
    "model": "auth.permission"
  },
  {
    "pk": 26,
    "fields": {
      "codename": "change_music",
      "content_type": 9,
      "name": "Can change music"
    },
    "model": "auth.permission"
  },
  {
    "pk": 27,
    "fields": {
      "codename": "delete_music",
      "content_type": 9,
      "name": "Can delete music"
    },
    "model": "auth.permission"
  },
  {
    "pk": 28,
    "fields": {
      "codename": "add_video",
      "content_type": 10,
      "name": "Can add video"
    },
    "model": "auth.permission"
  },
  {
    "pk": 29,
    "fields": {
      "codename": "change_video",
      "content_type": 10,
      "name": "Can change video"
    },
    "model": "auth.permission"
  },
  {
    "pk": 30,
    "fields": {
      "codename": "delete_video",
      "content_type": 10,
      "name": "Can delete video"
    },
    "model": "auth.permission"
  },
  {
    "pk": 31,
    "fields": {
      "codename": "add_category",
      "content_type": 11,
      "name": "Can add category"
    },
    "model": "auth.permission"
  },
  {
    "pk": 32,
    "fields": {
      "codename": "change_category",
      "content_type": 11,
      "name": "Can change category"
    },
    "model": "auth.permission"
  },
  {
    "pk": 33,
    "fields": {
      "codename": "delete_category",
      "content_type": 11,
      "name": "Can delete category"
    },
    "model": "auth.permission"
  },
  {
    "pk": 34,
    "fields": {
      "codename": "add_address",
      "content_type": 12,
      "name": "Can add address"
    },
    "model": "auth.permission"
  },
  {
    "pk": 35,
    "fields": {
      "codename": "change_address",
      "content_type": 12,
      "name": "Can change address"
    },
    "model": "auth.permission"
  },
  {
    "pk": 36,
    "fields": {
      "codename": "delete_address",
      "content_type": 12,
      "name": "Can delete address"
    },
    "model": "auth.permission"
  },
  {
    "pk": 37,
    "fields": {
      "codename": "add_poster",
      "content_type": 13,
      "name": "Can add poster"
    },
    "model": "auth.permission"
  },
  {
    "pk": 38,
    "fields": {
      "codename": "change_poster",
      "content_type": 13,
      "name": "Can change poster"
    },
    "model": "auth.permission"
  },
  {
    "pk": 39,
    "fields": {
      "codename": "delete_poster",
      "content_type": 13,
      "name": "Can delete poster"
    },
    "model": "auth.permission"
  },
  {
    "pk": 40,
    "fields": {
      "codename": "add_posterimage",
      "content_type": 14,
      "name": "Can add poster image"
    },
    "model": "auth.permission"
  },
  {
    "pk": 41,
    "fields": {
      "codename": "change_posterimage",
      "content_type": 14,
      "name": "Can change poster image"
    },
    "model": "auth.permission"
  },
  {
    "pk": 42,
    "fields": {
      "codename": "delete_posterimage",
      "content_type": 14,
      "name": "Can delete poster image"
    },
    "model": "auth.permission"
  },
  {
    "pk": 43,
    "fields": {
      "codename": "add_postervideo",
      "content_type": 15,
      "name": "Can add poster video"
    },
    "model": "auth.permission"
  },
  {
    "pk": 44,
    "fields": {
      "codename": "change_postervideo",
      "content_type": 15,
      "name": "Can change poster video"
    },
    "model": "auth.permission"
  },
  {
    "pk": 45,
    "fields": {
      "codename": "delete_postervideo",
      "content_type": 15,
      "name": "Can delete poster video"
    },
    "model": "auth.permission"
  },
  {
    "pk": 46,
    "fields": {
      "codename": "add_posterlike",
      "content_type": 16,
      "name": "Can add poster like"
    },
    "model": "auth.permission"
  },
  {
    "pk": 47,
    "fields": {
      "codename": "change_posterlike",
      "content_type": 16,
      "name": "Can change poster like"
    },
    "model": "auth.permission"
  },
  {
    "pk": 48,
    "fields": {
      "codename": "delete_posterlike",
      "content_type": 16,
      "name": "Can delete poster like"
    },
    "model": "auth.permission"
  },
  {
    "pk": 49,
    "fields": {
      "codename": "add_comment",
      "content_type": 17,
      "name": "Can add comment"
    },
    "model": "auth.permission"
  },
  {
    "pk": 50,
    "fields": {
      "codename": "change_comment",
      "content_type": 17,
      "name": "Can change comment"
    },
    "model": "auth.permission"
  },
  {
    "pk": 51,
    "fields": {
      "codename": "delete_comment",
      "content_type": 17,
      "name": "Can delete comment"
    },
    "model": "auth.permission"
  },
  {
    "pk": 52,
    "fields": {
      "codename": "add_activityinvitation",
      "content_type": 18,
      "name": "Can add activity invitation"
    },
    "model": "auth.permission"
  },
  {
    "pk": 53,
    "fields": {
      "codename": "change_activityinvitation",
      "content_type": 18,
      "name": "Can change activity invitation"
    },
    "model": "auth.permission"
  },
  {
    "pk": 54,
    "fields": {
      "codename": "delete_activityinvitation",
      "content_type": 18,
      "name": "Can delete activity invitation"
    },
    "model": "auth.permission"
  },
  {
    "pk": 55,
    "fields": {
      "codename": "add_businessmarketing",
      "content_type": 19,
      "name": "Can add business marketing"
    },
    "model": "auth.permission"
  },
  {
    "pk": 56,
    "fields": {
      "codename": "change_businessmarketing",
      "content_type": 19,
      "name": "Can change business marketing"
    },
    "model": "auth.permission"
  },
  {
    "pk": 57,
    "fields": {
      "codename": "delete_businessmarketing",
      "content_type": 19,
      "name": "Can delete business marketing"
    },
    "model": "auth.permission"
  },
  {
    "pk": 58,
    "fields": {
      "codename": "add_productsell",
      "content_type": 20,
      "name": "Can add product sell"
    },
    "model": "auth.permission"
  },
  {
    "pk": 59,
    "fields": {
      "codename": "change_productsell",
      "content_type": 20,
      "name": "Can change product sell"
    },
    "model": "auth.permission"
  },
  {
    "pk": 60,
    "fields": {
      "codename": "delete_productsell",
      "content_type": 20,
      "name": "Can delete product sell"
    },
    "model": "auth.permission"
  },
  {
    "pk": 61,
    "fields": {
      "codename": "add_expertshow",
      "content_type": 21,
      "name": "Can add expert show"
    },
    "model": "auth.permission"
  },
  {
    "pk": 62,
    "fields": {
      "codename": "change_expertshow",
      "content_type": 21,
      "name": "Can change expert show"
    },
    "model": "auth.permission"
  },
  {
    "pk": 63,
    "fields": {
      "codename": "delete_expertshow",
      "content_type": 21,
      "name": "Can delete expert show"
    },
    "model": "auth.permission"
  },
  {
    "pk": 76,
    "fields": {
      "codename": "add_templateregion",
      "content_type": 26,
      "name": "Can add template region"
    },
    "model": "auth.permission"
  },
  {
    "pk": 77,
    "fields": {
      "codename": "change_templateregion",
      "content_type": 26,
      "name": "Can change template region"
    },
    "model": "auth.permission"
  },
  {
    "pk": 78,
    "fields": {
      "codename": "delete_templateregion",
      "content_type": 26,
      "name": "Can delete template region"
    },
    "model": "auth.permission"
  },
  {
    "pk": 82,
    "fields": {
      "codename": "add_template",
      "content_type": 28,
      "name": "Can add template"
    },
    "model": "auth.permission"
  },
  {
    "pk": 83,
    "fields": {
      "codename": "change_template",
      "content_type": 28,
      "name": "Can change template"
    },
    "model": "auth.permission"
  },
  {
    "pk": 84,
    "fields": {
      "codename": "delete_template",
      "content_type": 28,
      "name": "Can delete template"
    },
    "model": "auth.permission"
  },
  {
    "pk": 85,
    "fields": {
      "codename": "add_posterpage",
      "content_type": 29,
      "name": "Can add poster page"
    },
    "model": "auth.permission"
  },
  {
    "pk": 86,
    "fields": {
      "codename": "change_posterpage",
      "content_type": 29,
      "name": "Can change poster page"
    },
    "model": "auth.permission"
  },
  {
    "pk": 87,
    "fields": {
      "codename": "delete_posterpage",
      "content_type": 29,
      "name": "Can delete poster page"
    },
    "model": "auth.permission"
  },
  {
    "pk": 1,
    "fields": {
      "password": "pbkdf2_sha256$20000$7F1enBpjW72o$31j7WkbjcY3LaVu2AbmkuvIUL125WmvBig17sAaZhOw=",
      "last_name": "",
      "user_permissions": [],
      "groups": [],
      "is_superuser": true,
      "email": "info@info.com",
      "username": "info",
      "first_name": "",
      "date_joined": "2015-09-23T21:25:04.694Z",
      "is_active": true,
      "is_staff": true,
      "last_login": "2015-10-14T21:31:48.212Z"
    },
    "model": "auth.user"
  },
  {
    "pk": 1,
    "fields": {
      "music": 1,
      "width": 800,
      "forwarded_count": 0,
      "views_count": 1573,
      "sub_category": 14,
      "logo_title": "Alatting Inc",
      "created_at": "2015-09-23T21:31:56.992Z",
      "reviews_score": 0,
      "status": "Draft",
      "address": 1,
      "phone": "2138805270",
      "css": "html5/2015/09/23/d41a8813c084476b9121e86b42b8d1a9.css",
      "script": "html5/2015/09/23/d41a8813c084476b9121e86b42b8d1a9.js",
      "logo_image": 1,
      "lifetime_value": "json",
      "short_description": "This is alatting.com",
      "tags": "",
      "mobile": "",
      "likes_count": 0,
      "email": "",
      "url": "fdf",
      "comments_count": 0,
      "unique_name": "Alatting Inc",
      "main_category": 2,
      "lifetime_type": "specific",
      "html": "html5/2015/09/23/d41a8813c084476b9121e86b42b8d1a9.json",
      "height": 1024,
      "creator": 1
    },
    "model": "alatting_website.poster"
  },
  {
    "pk": 1,
    "fields": {
      "need_pre_notification": true,
      "rejected_count": 0,
      "activity_reminder_message": "",
      "invitation_message": "fdsafds",
      "activity_status": "coming",
      "pre_minutes_to_notify": 0,
      "accepted_count": 0,
      "parking_notice_message": "",
      "activity_start_time": "2015-09-23T21:31:22Z",
      "activity_end_time": "2015-09-23T21:31:24Z",
      "special_description": ""
    },
    "model": "alatting_website.activityinvitation"
  },
  {
    "pk": 1,
    "fields": {
      "content_type": 8,
      "object_repr": "1",
      "user": 1,
      "change_message": "",
      "object_id": "1",
      "action_time": "2015-09-23T21:26:45.169Z",
      "action_flag": 1
    },
    "model": "admin.logentry"
  },
  {
    "pk": 2,
    "fields": {
      "content_type": 12,
      "object_repr": "834 W Duarte Road",
      "user": 1,
      "change_message": "",
      "object_id": "1",
      "action_time": "2015-09-23T21:28:07.286Z",
      "action_flag": 1
    },
    "model": "admin.logentry"
  },
  {
    "pk": 3,
    "fields": {
      "content_type": 18,
      "object_repr": "1",
      "user": 1,
      "change_message": "",
      "object_id": "1",
      "action_time": "2015-09-23T21:31:57.077Z",
      "action_flag": 1
    },
    "model": "admin.logentry"
  },
  {
    "pk": 4,
    "fields": {
      "content_type": 8,
      "object_repr": "2",
      "user": 1,
      "change_message": "",
      "object_id": "2",
      "action_time": "2015-09-23T21:33:37.250Z",
      "action_flag": 1
    },
    "model": "admin.logentry"
  },
  {
    "pk": 5,
    "fields": {
      "content_type": 8,
      "object_repr": "3",
      "user": 1,
      "change_message": "",
      "object_id": "3",
      "action_time": "2015-09-23T21:33:50.587Z",
      "action_flag": 1
    },
    "model": "admin.logentry"
  },
  {
    "pk": 6,
    "fields": {
      "content_type": 8,
      "object_repr": "4",
      "user": 1,
      "change_message": "",
      "object_id": "4",
      "action_time": "2015-09-23T21:33:54.517Z",
      "action_flag": 1
    },
    "model": "admin.logentry"
  },
  {
    "pk": 7,
    "fields": {
      "content_type": 8,
      "object_repr": "5",
      "user": 1,
      "change_message": "",
      "object_id": "5",
      "action_time": "2015-09-23T21:33:58.381Z",
      "action_flag": 1
    },
    "model": "admin.logentry"
  },
  {
    "pk": 8,
    "fields": {
      "content_type": 8,
      "object_repr": "6",
      "user": 1,
      "change_message": "",
      "object_id": "6",
      "action_time": "2015-09-23T21:34:02.551Z",
      "action_flag": 1
    },
    "model": "admin.logentry"
  },
  {
    "pk": 9,
    "fields": {
      "content_type": 8,
      "object_repr": "7",
      "user": 1,
      "change_message": "",
      "object_id": "7",
      "action_time": "2015-09-23T21:34:06.235Z",
      "action_flag": 1
    },
    "model": "admin.logentry"
  },
  {
    "pk": 10,
    "fields": {
      "content_type": 8,
      "object_repr": "8",
      "user": 1,
      "change_message": "",
      "object_id": "8",
      "action_time": "2015-09-23T21:34:10.525Z",
      "action_flag": 1
    },
    "model": "admin.logentry"
  },
  {
    "pk": 11,
    "fields": {
      "content_type": 8,
      "object_repr": "9",
      "user": 1,
      "change_message": "",
      "object_id": "9",
      "action_time": "2015-09-23T21:34:15.542Z",
      "action_flag": 1
    },
    "model": "admin.logentry"
  },
  {
    "pk": 12,
    "fields": {
      "content_type": 8,
      "object_repr": "10",
      "user": 1,
      "change_message": "",
      "object_id": "10",
      "action_time": "2015-09-23T21:34:18.903Z",
      "action_flag": 1
    },
    "model": "admin.logentry"
  },
  {
    "pk": 13,
    "fields": {
      "content_type": 8,
      "object_repr": "11",
      "user": 1,
      "change_message": "",
      "object_id": "11",
      "action_time": "2015-09-23T21:34:29.594Z",
      "action_flag": 1
    },
    "model": "admin.logentry"
  },
  {
    "pk": 14,
    "fields": {
      "content_type": 8,
      "object_repr": "12",
      "user": 1,
      "change_message": "",
      "object_id": "12",
      "action_time": "2015-09-23T21:34:50.984Z",
      "action_flag": 1
    },
    "model": "admin.logentry"
  },
  {
    "pk": 15,
    "fields": {
      "content_type": 9,
      "object_repr": "1",
      "user": 1,
      "change_message": "",
      "object_id": "1",
      "action_time": "2015-09-23T21:36:17.272Z",
      "action_flag": 1
    },
    "model": "admin.logentry"
  },
  {
    "pk": 16,
    "fields": {
      "content_type": 10,
      "object_repr": "1",
      "user": 1,
      "change_message": "",
      "object_id": "1",
      "action_time": "2015-09-23T21:36:32.642Z",
      "action_flag": 1
    },
    "model": "admin.logentry"
  },
  {
    "pk": 17,
    "fields": {
      "content_type": 18,
      "object_repr": "1",
      "user": 1,
      "change_message": "Changed music.",
      "object_id": "1",
      "action_time": "2015-09-23T21:37:14.518Z",
      "action_flag": 2
    },
    "model": "admin.logentry"
  },
  {
    "pk": 18,
    "fields": {
      "content_type": 14,
      "object_repr": "1",
      "user": 1,
      "change_message": "",
      "object_id": "1",
      "action_time": "2015-09-23T21:37:34.783Z",
      "action_flag": 1
    },
    "model": "admin.logentry"
  },
  {
    "pk": 19,
    "fields": {
      "content_type": 14,
      "object_repr": "2",
      "user": 1,
      "change_message": "",
      "object_id": "2",
      "action_time": "2015-09-23T21:37:55.151Z",
      "action_flag": 1
    },
    "model": "admin.logentry"
  },
  {
    "pk": 20,
    "fields": {
      "content_type": 14,
      "object_repr": "3",
      "user": 1,
      "change_message": "",
      "object_id": "3",
      "action_time": "2015-09-23T21:38:05.449Z",
      "action_flag": 1
    },
    "model": "admin.logentry"
  },
  {
    "pk": 21,
    "fields": {
      "content_type": 14,
      "object_repr": "4",
      "user": 1,
      "change_message": "",
      "object_id": "4",
      "action_time": "2015-09-23T21:42:22.150Z",
      "action_flag": 1
    },
    "model": "admin.logentry"
  },
  {
    "pk": 22,
    "fields": {
      "content_type": 14,
      "object_repr": "4",
      "user": 1,
      "change_message": "Changed name.",
      "object_id": "4",
      "action_time": "2015-09-24T00:42:15.645Z",
      "action_flag": 2
    },
    "model": "admin.logentry"
  },
  {
    "pk": 23,
    "fields": {
      "content_type": 14,
      "object_repr": "5",
      "user": 1,
      "change_message": "",
      "object_id": "5",
      "action_time": "2015-09-24T00:42:31.465Z",
      "action_flag": 1
    },
    "model": "admin.logentry"
  },
  {
    "pk": 24,
    "fields": {
      "content_type": 14,
      "object_repr": "6",
      "user": 1,
      "change_message": "",
      "object_id": "6",
      "action_time": "2015-09-24T00:42:39.137Z",
      "action_flag": 1
    },
    "model": "admin.logentry"
  },
  {
    "pk": 25,
    "fields": {
      "content_type": 14,
      "object_repr": "7",
      "user": 1,
      "change_message": "",
      "object_id": "7",
      "action_time": "2015-09-24T00:42:46.260Z",
      "action_flag": 1
    },
    "model": "admin.logentry"
  },
  {
    "pk": 26,
    "fields": {
      "content_type": 14,
      "object_repr": "8",
      "user": 1,
      "change_message": "",
      "object_id": "8",
      "action_time": "2015-09-24T00:42:53.729Z",
      "action_flag": 1
    },
    "model": "admin.logentry"
  },
  {
    "pk": 27,
    "fields": {
      "content_type": 14,
      "object_repr": "9",
      "user": 1,
      "change_message": "",
      "object_id": "9",
      "action_time": "2015-09-24T00:43:01.045Z",
      "action_flag": 1
    },
    "model": "admin.logentry"
  },
  {
    "pk": 28,
    "fields": {
      "content_type": 14,
      "object_repr": "10",
      "user": 1,
      "change_message": "",
      "object_id": "10",
      "action_time": "2015-09-24T00:43:12.705Z",
      "action_flag": 1
    },
    "model": "admin.logentry"
  },
  {
    "pk": 29,
    "fields": {
      "content_type": 14,
      "object_repr": "11",
      "user": 1,
      "change_message": "",
      "object_id": "11",
      "action_time": "2015-09-24T00:43:20.555Z",
      "action_flag": 1
    },
    "model": "admin.logentry"
  },
  {
    "pk": 30,
    "fields": {
      "content_type": 14,
      "object_repr": "12",
      "user": 1,
      "change_message": "",
      "object_id": "12",
      "action_time": "2015-09-24T00:43:28.736Z",
      "action_flag": 1
    },
    "model": "admin.logentry"
  },
  {
    "pk": 31,
    "fields": {
      "content_type": 15,
      "object_repr": "1",
      "user": 1,
      "change_message": "",
      "object_id": "1",
      "action_time": "2015-09-24T00:47:13.804Z",
      "action_flag": 1
    },
    "model": "admin.logentry"
  },
  {
    "pk": 32,
    "fields": {
      "content_type": 13,
      "object_repr": "1",
      "user": 1,
      "change_message": "Changed css.",
      "object_id": "1",
      "action_time": "2015-09-26T01:37:55.844Z",
      "action_flag": 2
    },
    "model": "admin.logentry"
  },
  {
    "pk": 33,
    "fields": {
      "content_type": 13,
      "object_repr": "1",
      "user": 1,
      "change_message": "Changed css.",
      "object_id": "1",
      "action_time": "2015-09-26T01:42:00.308Z",
      "action_flag": 2
    },
    "model": "admin.logentry"
  },
  {
    "pk": 34,
    "fields": {
      "content_type": 13,
      "object_repr": "1",
      "user": 1,
      "change_message": "Changed views_count and css.",
      "object_id": "1",
      "action_time": "2015-09-26T01:44:39.942Z",
      "action_flag": 2
    },
    "model": "admin.logentry"
  },
  {
    "pk": 35,
    "fields": {
      "content_type": 13,
      "object_repr": "1",
      "user": 1,
      "change_message": "Changed css.",
      "object_id": "1",
      "action_time": "2015-09-26T01:44:55.477Z",
      "action_flag": 2
    },
    "model": "admin.logentry"
  },
  {
    "pk": 36,
    "fields": {
      "content_type": 13,
      "object_repr": "1",
      "user": 1,
      "change_message": "Changed script.",
      "object_id": "1",
      "action_time": "2015-09-26T01:54:32.514Z",
      "action_flag": 2
    },
    "model": "admin.logentry"
  },
  {
    "pk": 37,
    "fields": {
      "content_type": 13,
      "object_repr": "1",
      "user": 1,
      "change_message": "Changed css.",
      "object_id": "1",
      "action_time": "2015-09-26T01:59:27.665Z",
      "action_flag": 2
    },
    "model": "admin.logentry"
  },
  {
    "pk": 38,
    "fields": {
      "content_type": 13,
      "object_repr": "1",
      "user": 1,
      "change_message": "Changed css.",
      "object_id": "1",
      "action_time": "2015-09-26T02:02:11.067Z",
      "action_flag": 2
    },
    "model": "admin.logentry"
  },
  {
    "pk": 39,
    "fields": {
      "content_type": 13,
      "object_repr": "1",
      "user": 1,
      "change_message": "Changed css.",
      "object_id": "1",
      "action_time": "2015-09-26T02:02:33.381Z",
      "action_flag": 2
    },
    "model": "admin.logentry"
  },
  {
    "pk": 40,
    "fields": {
      "content_type": 14,
      "object_repr": "2",
      "user": 1,
      "change_message": "Changed name.",
      "object_id": "2",
      "action_time": "2015-09-30T01:24:01.375Z",
      "action_flag": 2
    },
    "model": "admin.logentry"
  },
  {
    "pk": 41,
    "fields": {
      "content_type": 14,
      "object_repr": "2",
      "user": 1,
      "change_message": "Changed name.",
      "object_id": "2",
      "action_time": "2015-09-30T01:24:01.839Z",
      "action_flag": 2
    },
    "model": "admin.logentry"
  },
  {
    "pk": 42,
    "fields": {
      "content_type": 8,
      "object_repr": "2",
      "user": 1,
      "change_message": "Changed file.",
      "object_id": "2",
      "action_time": "2015-10-07T00:38:16.968Z",
      "action_flag": 2
    },
    "model": "admin.logentry"
  },
  {
    "pk": 43,
    "fields": {
      "content_type": 13,
      "object_repr": "1",
      "user": 1,
      "change_message": "Changed html, css and script.",
      "object_id": "1",
      "action_time": "2015-10-08T01:11:02.390Z",
      "action_flag": 2
    },
    "model": "admin.logentry"
  },
  {
    "pk": 44,
    "fields": {
      "content_type": 13,
      "object_repr": "1",
      "user": 1,
      "change_message": "Changed html, css and script.",
      "object_id": "1",
      "action_time": "2015-10-08T01:14:40.735Z",
      "action_flag": 2
    },
    "model": "admin.logentry"
  },
  {
    "pk": 45,
    "fields": {
      "content_type": 28,
      "object_repr": "Template object",
      "user": 1,
      "change_message": "",
      "object_id": "1",
      "action_time": "2015-10-08T21:48:24.520Z",
      "action_flag": 1
    },
    "model": "admin.logentry"
  },
  {
    "pk": 46,
    "fields": {
      "content_type": 13,
      "object_repr": "1",
      "user": 1,
      "change_message": "Changed html.",
      "object_id": "1",
      "action_time": "2015-10-09T19:03:39.636Z",
      "action_flag": 2
    },
    "model": "admin.logentry"
  },
  {
    "pk": 47,
    "fields": {
      "content_type": 13,
      "object_repr": "1",
      "user": 1,
      "change_message": "Changed views_count and html.",
      "object_id": "1",
      "action_time": "2015-10-09T19:14:10.942Z",
      "action_flag": 2
    },
    "model": "admin.logentry"
  },
  {
    "pk": 48,
    "fields": {
      "content_type": 13,
      "object_repr": "1",
      "user": 1,
      "change_message": "Changed html.",
      "object_id": "1",
      "action_time": "2015-10-09T19:47:35.296Z",
      "action_flag": 2
    },
    "model": "admin.logentry"
  },
  {
    "pk": 49,
    "fields": {
      "content_type": 13,
      "object_repr": "1",
      "user": 1,
      "change_message": "Changed html.",
      "object_id": "1",
      "action_time": "2015-10-09T19:53:02.153Z",
      "action_flag": 2
    },
    "model": "admin.logentry"
  },
  {
    "pk": 50,
    "fields": {
      "content_type": 26,
      "object_repr": "top-left",
      "user": 1,
      "change_message": "",
      "object_id": "1",
      "action_time": "2015-10-09T22:29:48.466Z",
      "action_flag": 1
    },
    "model": "admin.logentry"
  },
  {
    "pk": 51,
    "fields": {
      "content_type": 29,
      "object_repr": "COMPANY",
      "user": 1,
      "change_message": "",
      "object_id": "1",
      "action_time": "2015-10-09T22:36:52.547Z",
      "action_flag": 1
    },
    "model": "admin.logentry"
  },
  {
    "pk": 52,
    "fields": {
      "content_type": 13,
      "object_repr": "1",
      "user": 1,
      "change_message": "Changed html.",
      "object_id": "1",
      "action_time": "2015-10-09T22:39:19.931Z",
      "action_flag": 2
    },
    "model": "admin.logentry"
  },
  {
    "pk": 53,
    "fields": {
      "content_type": 13,
      "object_repr": "1",
      "user": 1,
      "change_message": "Changed views_count and html.",
      "object_id": "1",
      "action_time": "2015-10-09T23:03:33.459Z",
      "action_flag": 2
    },
    "model": "admin.logentry"
  },
  {
    "pk": 54,
    "fields": {
      "content_type": 13,
      "object_repr": "1",
      "user": 1,
      "change_message": "Changed views_count and html.",
      "object_id": "1",
      "action_time": "2015-10-09T23:04:12.082Z",
      "action_flag": 2
    },
    "model": "admin.logentry"
  },
  {
    "pk": 55,
    "fields": {
      "content_type": 26,
      "object_repr": "top-right",
      "user": 1,
      "change_message": "",
      "object_id": "2",
      "action_time": "2015-10-09T23:42:48.751Z",
      "action_flag": 1
    },
    "model": "admin.logentry"
  },
  {
    "pk": 56,
    "fields": {
      "content_type": 26,
      "object_repr": "middle",
      "user": 1,
      "change_message": "",
      "object_id": "3",
      "action_time": "2015-10-09T23:44:06.494Z",
      "action_flag": 1
    },
    "model": "admin.logentry"
  },
  {
    "pk": 57,
    "fields": {
      "content_type": 26,
      "object_repr": "bottom-left",
      "user": 1,
      "change_message": "",
      "object_id": "4",
      "action_time": "2015-10-09T23:45:19.267Z",
      "action_flag": 1
    },
    "model": "admin.logentry"
  },
  {
    "pk": 58,
    "fields": {
      "content_type": 26,
      "object_repr": "bottom-right",
      "user": 1,
      "change_message": "",
      "object_id": "5",
      "action_time": "2015-10-09T23:46:07.852Z",
      "action_flag": 1
    },
    "model": "admin.logentry"
  },
  {
    "pk": 59,
    "fields": {
      "content_type": 13,
      "object_repr": "1",
      "user": 1,
      "change_message": "Changed views_count and html.",
      "object_id": "1",
      "action_time": "2015-10-09T23:52:50.429Z",
      "action_flag": 2
    },
    "model": "admin.logentry"
  },
  {
    "pk": 60,
    "fields": {
      "content_type": 26,
      "object_repr": "middle",
      "user": 1,
      "change_message": "Changed width and polygon.",
      "object_id": "3",
      "action_time": "2015-10-10T00:24:04.991Z",
      "action_flag": 2
    },
    "model": "admin.logentry"
  },
  {
    "pk": 61,
    "fields": {
      "content_type": 13,
      "object_repr": "1",
      "user": 1,
      "change_message": "Changed css.",
      "object_id": "1",
      "action_time": "2015-10-10T17:35:46.167Z",
      "action_flag": 2
    },
    "model": "admin.logentry"
  },
  {
    "pk": 62,
    "fields": {
      "content_type": 8,
      "object_repr": "1",
      "user": 1,
      "change_message": "Changed file.",
      "object_id": "1",
      "action_time": "2015-10-10T17:41:34.368Z",
      "action_flag": 2
    },
    "model": "admin.logentry"
  },
  {
    "pk": 63,
    "fields": {
      "content_type": 8,
      "object_repr": "2",
      "user": 1,
      "change_message": "Changed file.",
      "object_id": "2",
      "action_time": "2015-10-10T17:41:51.498Z",
      "action_flag": 2
    },
    "model": "admin.logentry"
  },
  {
    "pk": 64,
    "fields": {
      "content_type": 8,
      "object_repr": "3",
      "user": 1,
      "change_message": "Changed file.",
      "object_id": "3",
      "action_time": "2015-10-10T17:42:01.227Z",
      "action_flag": 2
    },
    "model": "admin.logentry"
  },
  {
    "pk": 65,
    "fields": {
      "content_type": 8,
      "object_repr": "4",
      "user": 1,
      "change_message": "Changed file.",
      "object_id": "4",
      "action_time": "2015-10-10T17:43:28.478Z",
      "action_flag": 2
    },
    "model": "admin.logentry"
  },
  {
    "pk": 66,
    "fields": {
      "content_type": 8,
      "object_repr": "5",
      "user": 1,
      "change_message": "Changed file.",
      "object_id": "5",
      "action_time": "2015-10-10T17:43:43.147Z",
      "action_flag": 2
    },
    "model": "admin.logentry"
  },
  {
    "pk": 67,
    "fields": {
      "content_type": 8,
      "object_repr": "6",
      "user": 1,
      "change_message": "Changed file.",
      "object_id": "6",
      "action_time": "2015-10-10T17:43:53.220Z",
      "action_flag": 2
    },
    "model": "admin.logentry"
  },
  {
    "pk": 68,
    "fields": {
      "content_type": 8,
      "object_repr": "7",
      "user": 1,
      "change_message": "Changed file.",
      "object_id": "7",
      "action_time": "2015-10-10T17:44:38.882Z",
      "action_flag": 2
    },
    "model": "admin.logentry"
  },
  {
    "pk": 69,
    "fields": {
      "content_type": 8,
      "object_repr": "8",
      "user": 1,
      "change_message": "Changed file.",
      "object_id": "8",
      "action_time": "2015-10-10T17:44:52.280Z",
      "action_flag": 2
    },
    "model": "admin.logentry"
  },
  {
    "pk": 70,
    "fields": {
      "content_type": 8,
      "object_repr": "9",
      "user": 1,
      "change_message": "Changed file.",
      "object_id": "9",
      "action_time": "2015-10-10T17:45:02.304Z",
      "action_flag": 2
    },
    "model": "admin.logentry"
  },
  {
    "pk": 71,
    "fields": {
      "content_type": 8,
      "object_repr": "10",
      "user": 1,
      "change_message": "Changed file.",
      "object_id": "10",
      "action_time": "2015-10-10T17:45:17.221Z",
      "action_flag": 2
    },
    "model": "admin.logentry"
  },
  {
    "pk": 72,
    "fields": {
      "content_type": 8,
      "object_repr": "11",
      "user": 1,
      "change_message": "Changed file.",
      "object_id": "11",
      "action_time": "2015-10-10T17:47:38.111Z",
      "action_flag": 2
    },
    "model": "admin.logentry"
  },
  {
    "pk": 73,
    "fields": {
      "content_type": 14,
      "object_repr": "2",
      "user": 1,
      "change_message": "Changed name.",
      "object_id": "2",
      "action_time": "2015-10-10T17:48:39.919Z",
      "action_flag": 2
    },
    "model": "admin.logentry"
  },
  {
    "pk": 74,
    "fields": {
      "content_type": 14,
      "object_repr": "11",
      "user": 1,
      "change_message": "Changed name.",
      "object_id": "11",
      "action_time": "2015-10-10T17:48:51.023Z",
      "action_flag": 2
    },
    "model": "admin.logentry"
  },
  {
    "pk": 75,
    "fields": {
      "content_type": 10,
      "object_repr": "1",
      "user": 1,
      "change_message": "Changed file.",
      "object_id": "1",
      "action_time": "2015-10-10T18:43:07.594Z",
      "action_flag": 2
    },
    "model": "admin.logentry"
  },
  {
    "pk": 76,
    "fields": {
      "content_type": 26,
      "object_repr": "bottom-left",
      "user": 1,
      "change_message": "Changed polygon.",
      "object_id": "4",
      "action_time": "2015-10-10T21:41:18.866Z",
      "action_flag": 2
    },
    "model": "admin.logentry"
  },
  {
    "pk": 77,
    "fields": {
      "content_type": 26,
      "object_repr": "bottom-left",
      "user": 1,
      "change_message": "Changed polygon.",
      "object_id": "4",
      "action_time": "2015-10-10T22:01:30.128Z",
      "action_flag": 2
    },
    "model": "admin.logentry"
  },
  {
    "pk": 78,
    "fields": {
      "content_type": 10,
      "object_repr": "1",
      "user": 1,
      "change_message": "Changed file.",
      "object_id": "1",
      "action_time": "2015-10-14T21:33:46.407Z",
      "action_flag": 2
    },
    "model": "admin.logentry"
  }
]