[{"fields": {"app_label": "admin", "model": "logentry"}, "model": "contenttypes.contenttype", "pk": 1}, {"fields": {"app_label": "auth", "model": "permission"}, "model": "contenttypes.contenttype", "pk": 2}, {"fields": {"app_label": "auth", "model": "group"}, "model": "contenttypes.contenttype", "pk": 3}, {"fields": {"app_label": "auth", "model": "user"}, "model": "contenttypes.contenttype", "pk": 4}, {"fields": {"app_label": "contenttypes", "model": "contenttype"}, "model": "contenttypes.contenttype", "pk": 5}, {"fields": {"app_label": "sessions", "model": "session"}, "model": "contenttypes.contenttype", "pk": 6}, {"fields": {"app_label": "alatting_website", "model": "person"}, "model": "contenttypes.contenttype", "pk": 7}, {"fields": {"app_label": "alatting_website", "model": "image"}, "model": "contenttypes.contenttype", "pk": 8}, {"fields": {"app_label": "alatting_website", "model": "music"}, "model": "contenttypes.contenttype", "pk": 9}, {"fields": {"app_label": "alatting_website", "model": "video"}, "model": "contenttypes.contenttype", "pk": 10}, {"fields": {"app_label": "alatting_website", "model": "category"}, "model": "contenttypes.contenttype", "pk": 11}, {"fields": {"app_label": "alatting_website", "model": "address"}, "model": "contenttypes.contenttype", "pk": 12}, {"fields": {"app_label": "alatting_website", "model": "template"}, "model": "contenttypes.contenttype", "pk": 13}, {"fields": {"app_label": "alatting_website", "model": "templateregion"}, "model": "contenttypes.contenttype", "pk": 14}, {"fields": {"app_label": "alatting_website", "model": "poster"}, "model": "contenttypes.contenttype", "pk": 15}, {"fields": {"app_label": "alatting_website", "model": "posterpage"}, "model": "contenttypes.contenttype", "pk": 16}, {"fields": {"app_label": "alatting_website", "model": "posterimage"}, "model": "contenttypes.contenttype", "pk": 17}, {"fields": {"app_label": "alatting_website", "model": "postervideo"}, "model": "contenttypes.contenttype", "pk": 18}, {"fields": {"app_label": "alatting_website", "model": "posterlike"}, "model": "contenttypes.contenttype", "pk": 19}, {"fields": {"app_label": "alatting_website", "model": "comment"}, "model": "contenttypes.contenttype", "pk": 20}, {"fields": {"app_label": "alatting_website", "model": "activityinvitation"}, "model": "contenttypes.contenttype", "pk": 21}, {"fields": {"app_label": "alatting_website", "model": "businessmarketing"}, "model": "contenttypes.contenttype", "pk": 22}, {"fields": {"app_label": "alatting_website", "model": "productsell"}, "model": "contenttypes.contenttype", "pk": 23}, {"fields": {"app_label": "alatting_website", "model": "expertshow"}, "model": "contenttypes.contenttype", "pk": 24}, {"fields": {"expire_date": "2015-10-16T19:49:51.374Z", "session_data": "MTA1MDg4ZWQ1MGUyOTJiNWQ4NDcyZjlkM2M0NTY4YzIzYjYwYjE4Mzp7Il9hdXRoX3VzZXJfaGFzaCI6IjY4ZDJmYmYxNWMzODg4NGI5N2YwMzg5NGE2OGVhYmJhOTc4NWI5YWUiLCJfYXV0aF91c2VyX2lkIjoiMSIsIl9hdXRoX3VzZXJfYmFja2VuZCI6ImRqYW5nby5jb250cmliLmF1dGguYmFja2VuZHMuTW9kZWxCYWNrZW5kIn0="}, "model": "sessions.session", "pk": "1cz1kjw4goaymx0pa06uobsy6g2743mr"}, {"fields": {"expire_date": "2015-10-09T23:56:05.263Z", "session_data": "M2Y4ZjZlZDI4MmMzZTFjZDU2NGM5YjIyMTU2OGI0MjJmOWM5OTI5ZTp7Il9hdXRoX3VzZXJfaGFzaCI6IjY4ZDJmYmYxNWMzODg4NGI5N2YwMzg5NGE2OGVhYmJhOTc4NWI5YWUiLCJfYXV0aF91c2VyX2JhY2tlbmQiOiJkamFuZ28uY29udHJpYi5hdXRoLmJhY2tlbmRzLk1vZGVsQmFja2VuZCIsIl9hdXRoX3VzZXJfaWQiOiIxIn0="}, "model": "sessions.session", "pk": "5oqo3eou48887xhh2qhen0d5snpnwq9k"}, {"fields": {"expire_date": "2015-10-07T21:55:39.766Z", "session_data": "ZGUxNTJhYzdlNDc2NTJlZTQ0ZDZhMzE4YjBjNGJmY2Q3MjNjMTlmOTp7Il9hdXRoX3VzZXJfYmFja2VuZCI6ImRqYW5nby5jb250cmliLmF1dGguYmFja2VuZHMuTW9kZWxCYWNrZW5kIiwiX2F1dGhfdXNlcl9oYXNoIjoiNjhkMmZiZjE1YzM4ODg0Yjk3ZjAzODk0YTY4ZWFiYmE5Nzg1YjlhZSIsIl9hdXRoX3VzZXJfaWQiOiIxIn0="}, "model": "sessions.session", "pk": "88amrtvkrynctq40hsanxzjpim44ma2a"}, {"fields": {"expire_date": "2015-10-22T21:44:11.282Z", "session_data": "ZGUxNTJhYzdlNDc2NTJlZTQ0ZDZhMzE4YjBjNGJmY2Q3MjNjMTlmOTp7Il9hdXRoX3VzZXJfYmFja2VuZCI6ImRqYW5nby5jb250cmliLmF1dGguYmFja2VuZHMuTW9kZWxCYWNrZW5kIiwiX2F1dGhfdXNlcl9oYXNoIjoiNjhkMmZiZjE1YzM4ODg0Yjk3ZjAzODk0YTY4ZWFiYmE5Nzg1YjlhZSIsIl9hdXRoX3VzZXJfaWQiOiIxIn0="}, "model": "sessions.session", "pk": "nwbjywfon0idtmjjyunoqh1t1wsjqdhh"}, {"fields": {"expire_date": "2015-10-09T23:55:55.953Z", "session_data": "M2Y4ZjZlZDI4MmMzZTFjZDU2NGM5YjIyMTU2OGI0MjJmOWM5OTI5ZTp7Il9hdXRoX3VzZXJfaGFzaCI6IjY4ZDJmYmYxNWMzODg4NGI5N2YwMzg5NGE2OGVhYmJhOTc4NWI5YWUiLCJfYXV0aF91c2VyX2JhY2tlbmQiOiJkamFuZ28uY29udHJpYi5hdXRoLmJhY2tlbmRzLk1vZGVsQmFja2VuZCIsIl9hdXRoX3VzZXJfaWQiOiIxIn0="}, "model": "sessions.session", "pk": "r5mb5ipt79xk4edet2cp3j7q2vva6r3m"}, {"fields": {"expire_date": "2015-10-24T00:33:15.709Z", "session_data": "MTA1MDg4ZWQ1MGUyOTJiNWQ4NDcyZjlkM2M0NTY4YzIzYjYwYjE4Mzp7Il9hdXRoX3VzZXJfaGFzaCI6IjY4ZDJmYmYxNWMzODg4NGI5N2YwMzg5NGE2OGVhYmJhOTc4NWI5YWUiLCJfYXV0aF91c2VyX2lkIjoiMSIsIl9hdXRoX3VzZXJfYmFja2VuZCI6ImRqYW5nby5jb250cmliLmF1dGguYmFja2VuZHMuTW9kZWxCYWNrZW5kIn0="}, "model": "sessions.session", "pk": "wmvitxp1p7l9yb5krtiumn87k9ur83mv"}, {"fields": {"expire_date": "2015-10-29T22:52:32.803Z", "session_data": "MTA1MDg4ZWQ1MGUyOTJiNWQ4NDcyZjlkM2M0NTY4YzIzYjYwYjE4Mzp7Il9hdXRoX3VzZXJfaGFzaCI6IjY4ZDJmYmYxNWMzODg4NGI5N2YwMzg5NGE2OGVhYmJhOTc4NWI5YWUiLCJfYXV0aF91c2VyX2lkIjoiMSIsIl9hdXRoX3VzZXJfYmFja2VuZCI6ImRqYW5nby5jb250cmliLmF1dGguYmFja2VuZHMuTW9kZWxCYWNrZW5kIn0="}, "model": "sessions.session", "pk": "ww3p68gdb16h4ljiztvanncjdvhiggmi"}, {"fields": {"file": "images/2015/09/23/92180490f431414e9b160002d91f15db.png", "format": "png", "uuid": "a14f859435c34577acd1abaa609698a0", "width": 594, "created_at": "2015-09-23T21:56:48.068Z", "height": 128}, "model": "alatting_website.image", "pk": 1}, {"fields": {"file": "images/2015/09/23/2bcd27648100432e8c86d193271591cf.png", "format": "png", "uuid": "8167084b575e497cab36fd54e56c6665", "width": 1920, "created_at": "2015-09-23T22:02:25.830Z", "height": 1440}, "model": "alatting_website.image", "pk": 2}, {"fields": {"file": "images/2015/09/23/4c795e20ec2f489d862a79a5a428826b.PNG", "format": "PNG", "uuid": "d853a5c31b5945a098d7e4daed81556d", "width": 1460, "created_at": "2015-09-23T22:02:39.347Z", "height": 775}, "model": "alatting_website.image", "pk": 3}, {"fields": {"file": "images/2015/09/23/eab0c4ef73704536b3e026475a1aae67.PNG", "format": "PNG", "uuid": "7b6b26263c2245fd8d9f5c725d4a32b9", "width": 991, "created_at": "2015-09-23T22:02:43.880Z", "height": 909}, "model": "alatting_website.image", "pk": 4}, {"fields": {"file": "images/2015/09/23/7b7837c7bfbc47eba950952ff1490b06.PNG", "format": "PNG", "uuid": "d9478b15a40f46e9bfae38194dd50eb0", "width": 1026, "created_at": "2015-09-23T22:02:47.192Z", "height": 906}, "model": "alatting_website.image", "pk": 5}, {"fields": {"file": "images/2015/09/23/ba39ba074c294f409e0d96244829b5ee.PNG", "format": "PNG", "uuid": "3334826e3cd04832a3378b8f49e4c170", "width": 1013, "created_at": "2015-09-23T22:03:08.355Z", "height": 781}, "model": "alatting_website.image", "pk": 6}, {"fields": {"file": "images/2015/09/23/c1ef0a0998b24b42bfbead5151e1148b.PNG", "format": "PNG", "uuid": "7fcf9aa2e5614d1b9a09ab2548512bdc", "width": 3264, "created_at": "2015-09-23T22:03:22.851Z", "height": 2448}, "model": "alatting_website.image", "pk": 7}, {"fields": {"file": "images/2015/09/23/9b284ac9954b4e8b8779fe088d9b55f8.png", "format": "png", "uuid": "6de839654b3e4461a7a973ba5b05a2b0", "width": 2448, "created_at": "2015-09-23T22:03:46.635Z", "height": 3264}, "model": "alatting_website.image", "pk": 8}, {"fields": {"file": "images/2015/09/23/0d2c62213b844e29970abb69c7eaccf6.png", "format": "png", "uuid": "0ac5117d7b3b4e2f8d7d87030233ab75", "width": 2448, "created_at": "2015-09-23T22:04:06.078Z", "height": 2448}, "model": "alatting_website.image", "pk": 9}, {"fields": {"file": "images/2015/09/23/62e4733884394971a7615fc173236acd.png", "format": "png", "uuid": "a84043037f2447649a8baa14db8bc1e3", "width": 2000, "created_at": "2015-09-23T22:04:16.662Z", "height": 1333}, "model": "alatting_website.image", "pk": 10}, {"fields": {"file": "images/2015/09/23/f375ac8eb4f548a9a43f203daf2336c0.png", "format": "png", "uuid": "67f7ae9b91b742779f2c2cdae5f4ef85", "width": 2000, "created_at": "2015-09-23T22:04:26.574Z", "height": 1333}, "model": "alatting_website.image", "pk": 11}, {"fields": {"file": "images/2015/09/23/22ca7b1a54a040838c32643d64afaa48.png", "format": "png", "uuid": "8f9aaf83a231456cb108e34fb23962ed", "width": 3264, "created_at": "2015-09-23T22:04:55.687Z", "height": 2448}, "model": "alatting_website.image", "pk": 12}, {"fields": {"created_at": "2015-09-23T21:59:22.927Z", "uuid": "e00f5c389f1b46948530079e368fa8d9", "format": "mp3", "file": "music/2015/09/23/745f07fbc5014e54b9835bf5d985b5b8.mp3"}, "model": "alatting_website.music", "pk": 1}, {"fields": {"created_at": "2015-09-23T22:10:21.833Z", "uuid": "48f4b841f23d4db897e6f9c51bb86643", "format": "mp4", "file": "videos/2015/09/23/4ca3bb5041bf4d059c5d270606ed4631.mp4"}, "model": "alatting_website.video", "pk": 1}, {"fields": {"tags": "", "parent": null, "name": "Activity Invitation", "description": "Activity / Party Invitation"}, "model": "alatting_website.category", "pk": 1}, {"fields": {"tags": "", "parent": null, "name": "Business Marketing", "description": "Business Marketing"}, "model": "alatting_website.category", "pk": 2}, {"fields": {"tags": "", "parent": null, "name": "Product Promotion", "description": "Profuct Promotion"}, "model": "alatting_website.category", "pk": 3}, {"fields": {"tags": "", "parent": null, "name": "Personal & Expert Branding", "description": "Personal & Expert Brandin"}, "model": "alatting_website.category", "pk": 4}, {"fields": {"tags": "", "parent": 1, "name": "Marriage Invitation", "description": "Marriage Invitation"}, "model": "alatting_website.category", "pk": 5}, {"fields": {"tags": "", "parent": 1, "name": "Dating Invitation", "description": "Dating Invitation"}, "model": "alatting_website.category", "pk": 6}, {"fields": {"tags": "", "parent": 2, "name": "Education Marketing", "description": "Education Marketing"}, "model": "alatting_website.category", "pk": 7}, {"fields": {"tags": "", "parent": 2, "name": "School Marketing", "description": "School Marketing"}, "model": "alatting_website.category", "pk": 8}, {"fields": {"tags": "", "parent": 3, "name": "Art Auction", "description": "Art Auctio"}, "model": "alatting_website.category", "pk": 9}, {"fields": {"tags": "", "parent": 3, "name": "Cosmetics Promotion", "description": "Cosmetics Promotion"}, "model": "alatting_website.category", "pk": 10}, {"fields": {"tags": "", "parent": 4, "name": "Lawyer Branding", "description": "Lawyer Branding"}, "model": "alatting_website.category", "pk": 11}, {"fields": {"tags": "", "parent": 4, "name": "Doctor Branding", "description": "Doctor Branding"}, "model": "alatting_website.category", "pk": 12}, {"fields": {"tags": "", "parent": 1, "name": "Birthday Invitation", "description": "Birthday Invitation"}, "model": "alatting_website.category", "pk": 13}, {"fields": {"tags": "", "parent": 2, "name": "Enterprise Marketing", "description": "Enterprise Marketing"}, "model": "alatting_website.category", "pk": 14}, {"fields": {"tags": "", "parent": 3, "name": "Car Promotion", "description": "Car Promotion"}, "model": "alatting_website.category", "pk": 15}, {"fields": {"tags": "", "parent": 4, "name": "Designer Branding", "description": "Designer Branding"}, "model": "alatting_website.category", "pk": 16}, {"fields": {"country": "USA", "address2": "", "updated_at": "2015-09-23T21:58:21.342Z", "post_code": "91007", "state": "CA", "created_at": "2015-09-23T21:58:21.342Z", "city": "Pasadena", "address1": "2181 Foothill Blvd"}, "model": "alatting_website.address", "pk": 1}, {"fields": {"country": "USA", "address2": "", "updated_at": "2015-09-23T21:58:43.584Z", "post_code": "91007", "state": "CA", "created_at": "2015-09-23T21:58:43.584Z", "city": "Pasadena", "address1": "2181 Foothill Blvd"}, "model": "alatting_website.address", "pk": 2}, {"fields": {"name": "first"}, "model": "alatting_website.template", "pk": 1}, {"fields": {"template": 1, "left": 0.0, "width": 63.5, "top": 0.0, "polygon": "0 0, 100% 0, 0 100%", "name": "top-left", "height": 49.0}, "model": "alatting_website.templateregion", "pk": 1}, {"fields": {"template": 1, "left": 51.0, "width": 49.0, "top": 0.0, "polygon": "0 23.2%, 30.3% 0, 100% 0, 100% 100%", "name": "top-right", "height": 49.0}, "model": "alatting_website.templateregion", "pk": 2}, {"fields": {"template": 1, "left": 0.0, "width": 100.0, "top": 12.06, "polygon": "0 54.73%,0 45.27%, 50% 0, 100% 45.27%, 100% 54.73%, 50% 100%", "name": "middle", "height": 84.58}, "model": "alatting_website.templateregion", "pk": 3}, {"fields": {"template": 1, "left": 0.0, "width": 52.0, "top": 60.0, "polygon": "44% 44%, 100% 100%, 0 100%, 0 86%", "name": "bottom-left", "height": 40.0}, "model": "alatting_website.templateregion", "pk": 4}, {"fields": {"template": 1, "left": 51.3, "width": 48.7, "top": 60.0, "polygon": "0 94%, 100% 0, 100% 100%, 6% 100%", "name": "bottom-right", "height": 40.0}, "model": "alatting_website.templateregion", "pk": 5}, {"fields": {"index": 0, "template": 1, "poster": 1, "name": "COMPANY"}, "model": "alatting_website.posterpage", "pk": 1}, {"fields": {"image": 2, "poster": 1, "name": "image_1"}, "model": "alatting_website.posterimage", "pk": 1}, {"fields": {"image": 1, "poster": 1, "name": "logo"}, "model": "alatting_website.posterimage", "pk": 2}, {"fields": {"image": 3, "poster": 1, "name": "image_3"}, "model": "alatting_website.posterimage", "pk": 3}, {"fields": {"image": 4, "poster": 1, "name": "image_4"}, "model": "alatting_website.posterimage", "pk": 4}, {"fields": {"image": 5, "poster": 1, "name": "image_5"}, "model": "alatting_website.posterimage", "pk": 5}, {"fields": {"image": 6, "poster": 1, "name": "image_6"}, "model": "alatting_website.posterimage", "pk": 6}, {"fields": {"image": 7, "poster": 1, "name": "image_7"}, "model": "alatting_website.posterimage", "pk": 7}, {"fields": {"image": 8, "poster": 1, "name": "image_8"}, "model": "alatting_website.posterimage", "pk": 8}, {"fields": {"image": 9, "poster": 1, "name": "image_9"}, "model": "alatting_website.posterimage", "pk": 9}, {"fields": {"image": 10, "poster": 1, "name": "image_10"}, "model": "alatting_website.posterimage", "pk": 10}, {"fields": {"image": 11, "poster": 1, "name": "image_11"}, "model": "alatting_website.posterimage", "pk": 11}, {"fields": {"image": 12, "poster": 1, "name": "image_2"}, "model": "alatting_website.posterimage", "pk": 12}, {"fields": {"video": 1, "poster": 1, "name": "video_1"}, "model": "alatting_website.postervideo", "pk": 1}, {"fields": {"codename": "add_logentry", "name": "Can add log entry", "content_type": 1}, "model": "auth.permission", "pk": 1}, {"fields": {"codename": "change_logentry", "name": "Can change log entry", "content_type": 1}, "model": "auth.permission", "pk": 2}, {"fields": {"codename": "delete_logentry", "name": "Can delete log entry", "content_type": 1}, "model": "auth.permission", "pk": 3}, {"fields": {"codename": "add_permission", "name": "Can add permission", "content_type": 2}, "model": "auth.permission", "pk": 4}, {"fields": {"codename": "change_permission", "name": "Can change permission", "content_type": 2}, "model": "auth.permission", "pk": 5}, {"fields": {"codename": "delete_permission", "name": "Can delete permission", "content_type": 2}, "model": "auth.permission", "pk": 6}, {"fields": {"codename": "add_group", "name": "Can add group", "content_type": 3}, "model": "auth.permission", "pk": 7}, {"fields": {"codename": "change_group", "name": "Can change group", "content_type": 3}, "model": "auth.permission", "pk": 8}, {"fields": {"codename": "delete_group", "name": "Can delete group", "content_type": 3}, "model": "auth.permission", "pk": 9}, {"fields": {"codename": "add_user", "name": "Can add user", "content_type": 4}, "model": "auth.permission", "pk": 10}, {"fields": {"codename": "change_user", "name": "Can change user", "content_type": 4}, "model": "auth.permission", "pk": 11}, {"fields": {"codename": "delete_user", "name": "Can delete user", "content_type": 4}, "model": "auth.permission", "pk": 12}, {"fields": {"codename": "add_contenttype", "name": "Can add content type", "content_type": 5}, "model": "auth.permission", "pk": 13}, {"fields": {"codename": "change_contenttype", "name": "Can change content type", "content_type": 5}, "model": "auth.permission", "pk": 14}, {"fields": {"codename": "delete_contenttype", "name": "Can delete content type", "content_type": 5}, "model": "auth.permission", "pk": 15}, {"fields": {"codename": "add_session", "name": "Can add session", "content_type": 6}, "model": "auth.permission", "pk": 16}, {"fields": {"codename": "change_session", "name": "Can change session", "content_type": 6}, "model": "auth.permission", "pk": 17}, {"fields": {"codename": "delete_session", "name": "Can delete session", "content_type": 6}, "model": "auth.permission", "pk": 18}, {"fields": {"codename": "add_person", "name": "Can add person", "content_type": 7}, "model": "auth.permission", "pk": 19}, {"fields": {"codename": "change_person", "name": "Can change person", "content_type": 7}, "model": "auth.permission", "pk": 20}, {"fields": {"codename": "delete_person", "name": "Can delete person", "content_type": 7}, "model": "auth.permission", "pk": 21}, {"fields": {"codename": "add_image", "name": "Can add image", "content_type": 8}, "model": "auth.permission", "pk": 22}, {"fields": {"codename": "change_image", "name": "Can change image", "content_type": 8}, "model": "auth.permission", "pk": 23}, {"fields": {"codename": "delete_image", "name": "Can delete image", "content_type": 8}, "model": "auth.permission", "pk": 24}, {"fields": {"codename": "add_music", "name": "Can add music", "content_type": 9}, "model": "auth.permission", "pk": 25}, {"fields": {"codename": "change_music", "name": "Can change music", "content_type": 9}, "model": "auth.permission", "pk": 26}, {"fields": {"codename": "delete_music", "name": "Can delete music", "content_type": 9}, "model": "auth.permission", "pk": 27}, {"fields": {"codename": "add_video", "name": "Can add video", "content_type": 10}, "model": "auth.permission", "pk": 28}, {"fields": {"codename": "change_video", "name": "Can change video", "content_type": 10}, "model": "auth.permission", "pk": 29}, {"fields": {"codename": "delete_video", "name": "Can delete video", "content_type": 10}, "model": "auth.permission", "pk": 30}, {"fields": {"codename": "add_category", "name": "Can add category", "content_type": 11}, "model": "auth.permission", "pk": 31}, {"fields": {"codename": "change_category", "name": "Can change category", "content_type": 11}, "model": "auth.permission", "pk": 32}, {"fields": {"codename": "delete_category", "name": "Can delete category", "content_type": 11}, "model": "auth.permission", "pk": 33}, {"fields": {"codename": "add_address", "name": "Can add address", "content_type": 12}, "model": "auth.permission", "pk": 34}, {"fields": {"codename": "change_address", "name": "Can change address", "content_type": 12}, "model": "auth.permission", "pk": 35}, {"fields": {"codename": "delete_address", "name": "Can delete address", "content_type": 12}, "model": "auth.permission", "pk": 36}, {"fields": {"codename": "add_poster", "name": "Can add poster", "content_type": 13}, "model": "auth.permission", "pk": 37}, {"fields": {"codename": "change_poster", "name": "Can change poster", "content_type": 13}, "model": "auth.permission", "pk": 38}, {"fields": {"codename": "delete_poster", "name": "Can delete poster", "content_type": 13}, "model": "auth.permission", "pk": 39}, {"fields": {"codename": "add_posterimage", "name": "Can add poster image", "content_type": 14}, "model": "auth.permission", "pk": 40}, {"fields": {"codename": "change_posterimage", "name": "Can change poster image", "content_type": 14}, "model": "auth.permission", "pk": 41}, {"fields": {"codename": "delete_posterimage", "name": "Can delete poster image", "content_type": 14}, "model": "auth.permission", "pk": 42}, {"fields": {"codename": "add_postervideo", "name": "Can add poster video", "content_type": 15}, "model": "auth.permission", "pk": 43}, {"fields": {"codename": "change_postervideo", "name": "Can change poster video", "content_type": 15}, "model": "auth.permission", "pk": 44}, {"fields": {"codename": "delete_postervideo", "name": "Can delete poster video", "content_type": 15}, "model": "auth.permission", "pk": 45}, {"fields": {"codename": "add_posterlike", "name": "Can add poster like", "content_type": 16}, "model": "auth.permission", "pk": 46}, {"fields": {"codename": "change_posterlike", "name": "Can change poster like", "content_type": 16}, "model": "auth.permission", "pk": 47}, {"fields": {"codename": "delete_posterlike", "name": "Can delete poster like", "content_type": 16}, "model": "auth.permission", "pk": 48}, {"fields": {"codename": "add_comment", "name": "Can add comment", "content_type": 17}, "model": "auth.permission", "pk": 49}, {"fields": {"codename": "change_comment", "name": "Can change comment", "content_type": 17}, "model": "auth.permission", "pk": 50}, {"fields": {"codename": "delete_comment", "name": "Can delete comment", "content_type": 17}, "model": "auth.permission", "pk": 51}, {"fields": {"codename": "add_activityinvitation", "name": "Can add activity invitation", "content_type": 18}, "model": "auth.permission", "pk": 52}, {"fields": {"codename": "change_activityinvitation", "name": "Can change activity invitation", "content_type": 18}, "model": "auth.permission", "pk": 53}, {"fields": {"codename": "delete_activityinvitation", "name": "Can delete activity invitation", "content_type": 18}, "model": "auth.permission", "pk": 54}, {"fields": {"codename": "add_businessmarketing", "name": "Can add business marketing", "content_type": 19}, "model": "auth.permission", "pk": 55}, {"fields": {"codename": "change_businessmarketing", "name": "Can change business marketing", "content_type": 19}, "model": "auth.permission", "pk": 56}, {"fields": {"codename": "delete_businessmarketing", "name": "Can delete business marketing", "content_type": 19}, "model": "auth.permission", "pk": 57}, {"fields": {"codename": "add_productsell", "name": "Can add product sell", "content_type": 20}, "model": "auth.permission", "pk": 58}, {"fields": {"codename": "change_productsell", "name": "Can change product sell", "content_type": 20}, "model": "auth.permission", "pk": 59}, {"fields": {"codename": "delete_productsell", "name": "Can delete product sell", "content_type": 20}, "model": "auth.permission", "pk": 60}, {"fields": {"codename": "add_expertshow", "name": "Can add expert show", "content_type": 21}, "model": "auth.permission", "pk": 61}, {"fields": {"codename": "change_expertshow", "name": "Can change expert show", "content_type": 21}, "model": "auth.permission", "pk": 62}, {"fields": {"codename": "delete_expertshow", "name": "Can delete expert show", "content_type": 21}, "model": "auth.permission", "pk": 63}, {"fields": {"codename": "add_businessmarketing", "name": "Can add business marketing", "content_type": 22}, "model": "auth.permission", "pk": 64}, {"fields": {"codename": "change_businessmarketing", "name": "Can change business marketing", "content_type": 22}, "model": "auth.permission", "pk": 65}, {"fields": {"codename": "delete_businessmarketing", "name": "Can delete business marketing", "content_type": 22}, "model": "auth.permission", "pk": 66}, {"fields": {"codename": "add_productsell", "name": "Can add product sell", "content_type": 23}, "model": "auth.permission", "pk": 67}, {"fields": {"codename": "change_productsell", "name": "Can change product sell", "content_type": 23}, "model": "auth.permission", "pk": 68}, {"fields": {"codename": "delete_productsell", "name": "Can delete product sell", "content_type": 23}, "model": "auth.permission", "pk": 69}, {"fields": {"codename": "add_expertshow", "name": "Can add expert show", "content_type": 24}, "model": "auth.permission", "pk": 70}, {"fields": {"codename": "change_expertshow", "name": "Can change expert show", "content_type": 24}, "model": "auth.permission", "pk": 71}, {"fields": {"codename": "delete_expertshow", "name": "Can delete expert show", "content_type": 24}, "model": "auth.permission", "pk": 72}, {"fields": {"username": "info", "groups": [], "last_name": "", "email": "info@info.com", "is_active": true, "is_superuser": true, "first_name": "", "last_login": "2015-10-15T22:52:32.799Z", "user_permissions": [], "is_staff": true, "password": "pbkdf2_sha256$20000$cwDEKFgBpPx7$OiNEBJHLcouJRit+kMhK8wZcH4VZcrh7TORyHyrUTMs=", "date_joined": "2015-09-23T21:55:09.274Z"}, "model": "auth.user", "pk": 1}, {"fields": {"username": "alatting", "groups": [], "last_name": "cao", "email": "info@alatting.com", "is_active": true, "is_superuser": true, "first_name": "baohua", "last_login": null, "user_permissions": [], "is_staff": true, "password": "pbkdf2_sha256$20000$96ZJivpEupx1$0oaDVJjj2U4dYXVwEbfM6OxHBs/upPK5TkMCnYgx2D4=", "date_joined": "2015-09-25T23:56:10Z"}, "model": "auth.user", "pk": 2}, {"fields": {"sub_category": 14, "width": 800, "address": 2, "email": "", "script": "html5/2015/09/23/47b3768339674065b427545f63a224f7.js", "lifetime_type": "specific", "css": "html5/2015/09/23/47b3768339674065b427545f63a224f7.css", "html": "html5/2015/09/23/47b3768339674065b427545f63a224f7.json", "status": "Active", "phone": "2138805270", "creator": 1, "tags": "", "height": 1024, "music": 1, "short_description": "Welcome to alatting.com", "lifetime_value": "json", "logo_image": 1, "url": "www.alatting.com", "unique_name": "Alatting Inc", "forwarded_count": 0, "mobile": "", "created_at": "2015-09-23T22:01:33.192Z", "main_category": 2, "views_count": 227, "logo_title": "Alatting Inc", "likes_count": 0, "reviews_score": 0, "comments_count": 0}, "model": "alatting_website.poster", "pk": 1}, {"fields": {"activity_end_time": "2015-09-23T22:00:11Z", "accepted_count": 0, "pre_minutes_to_notify": 0, "activity_status": "coming", "rejected_count": 0, "need_pre_notification": true, "parking_notice_message": "", "activity_reminder_message": "", "invitation_message": "Welcome to join our team!", "special_description": "", "activity_start_time": "2015-09-23T22:00:09Z"}, "model": "alatting_website.activityinvitation", "pk": 1}, {"fields": {"object_id": "1", "change_message": "Changed html and css.", "action_time": "2015-10-11T00:33:59.434Z", "action_flag": 2, "user": 1, "object_repr": "1", "content_type": 15}, "model": "admin.logentry", "pk": 1}, {"fields": {"object_id": "12", "change_message": "Changed name.", "action_time": "2015-10-11T00:34:55.971Z", "action_flag": 2, "user": 1, "object_repr": "12", "content_type": 17}, "model": "admin.logentry", "pk": 2}, {"fields": {"object_id": "1", "change_message": "Changed file.", "action_time": "2015-10-11T00:36:16.525Z", "action_flag": 2, "user": 1, "object_repr": "1", "content_type": 8}, "model": "admin.logentry", "pk": 3}, {"fields": {"object_id": "1", "change_message": "Changed css.", "action_time": "2015-10-13T00:54:01.861Z", "action_flag": 2, "user": 1, "object_repr": "1", "content_type": 15}, "model": "admin.logentry", "pk": 4}, {"fields": {"object_id": "1", "change_message": "Changed views_count and css.", "action_time": "2015-10-13T00:55:28.866Z", "action_flag": 2, "user": 1, "object_repr": "1", "content_type": 15}, "model": "admin.logentry", "pk": 5}, {"fields": {"object_id": "1", "change_message": "Changed file.", "action_time": "2015-10-15T22:53:54.439Z", "action_flag": 2, "user": 1, "object_repr": "1", "content_type": 10}, "model": "admin.logentry", "pk": 6}, {"fields": {"object_id": "1", "change_message": "Changed file.", "action_time": "2015-10-15T23:01:01.226Z", "action_flag": 2, "user": 1, "object_repr": "1", "content_type": 10}, "model": "admin.logentry", "pk": 7}]