[{"pk": 1, "model": "survey.questionnaire", "fields": {"main_category": 1, "name": "\u5bfb\u627e\u5bb6\u6559", "role": "consumer"}}, {"pk": 2, "model": "survey.questionnaire", "fields": {"main_category": 1, "name": "\u5bb6\u6559", "role": "creator"}}, {"pk": 1, "model": "survey.questionset", "fields": {"sortid": 1, "heading": "\u82f1\u6587\u5bb6\u6559", "questionnaire": 1}}, {"pk": 2, "model": "survey.questionset", "fields": {"sortid": 2, "heading": "\u82f1\u6587\u5bb6\u6559", "questionnaire": 1}}, {"pk": 3, "model": "survey.questionset", "fields": {"sortid": 4, "heading": "\u82f1\u6587\u5bb6\u6559", "questionnaire": 1}}, {"pk": 4, "model": "survey.questionset", "fields": {"sortid": 3, "heading": "\u82f1\u6587\u5bb6\u6559", "questionnaire": 1}}, {"pk": 5, "model": "survey.questionset", "fields": {"sortid": 5, "heading": "\u82f1\u6587\u5bb6\u6559", "questionnaire": 1}}, {"pk": 6, "model": "survey.questionset", "fields": {"sortid": 1, "heading": "\u5bb6\u6559\u5206\u7c7b", "questionnaire": 2}}, {"pk": 7, "model": "survey.questionset", "fields": {"sortid": 2, "heading": "\u5bb6\u6559\u5206\u7c7b", "questionnaire": 2}}, {"pk": 1, "model": "survey.question", "fields": {"required": true, "text": "\u8bf7\u95ee\u60a8\u76ee\u524d\u7684\u82f1\u6587\u7a0b\u5ea6\u4e3a\uff1f", "regex": "", "short_text": "\u82f1\u6587\u7a0b\u5ea6", "questionset": 1, "type": "choice", "sortid": 1, "errmsg": ""}}, {"pk": 2, "model": "survey.question", "fields": {"required": true, "text": "\u8bf7\u95ee\u60a8\u7684\u5b66\u4e60\u76ee\u6807\u4e3a\uff1f", "regex": "", "short_text": "\u5b66\u4e60\u76ee\u6807", "questionset": 2, "type": "choice-input", "sortid": 1, "errmsg": ""}}, {"pk": 3, "model": "survey.question", "fields": {"required": true, "text": "\u4ec0\u4e48\u65f6\u5019\u5f00\u59cb\u8bfe\u7a0b\uff1f", "regex": "", "short_text": "\u5f00\u59cb\u65f6\u95f4", "questionset": 3, "type": "choice-input", "sortid": 1, "errmsg": ""}}, {"pk": 4, "model": "survey.question", "fields": {"required": true, "text": "\u8bf7\u95ee\u60a8\u5e0c\u671b\u7684\u4e0a\u8bfe\u65f6\u95f4\uff1f", "regex": "", "short_text": "\u4e0a\u8bfe\u65f6\u95f4", "questionset": 4, "type": "checkbox", "sortid": 2, "errmsg": ""}}, {"pk": 5, "model": "survey.question", "fields": {"required": true, "text": "\u60a8\u7684\u5e74\u9f84\uff1f", "regex": "^[0-9]{1,2}$", "short_text": "\u5e74\u9f84", "questionset": 5, "type": "text", "sortid": 1, "errmsg": "\u8bf7\u8f93\u51650-99\u7684\u6570\u5b57"}}, {"pk": 6, "model": "survey.question", "fields": {"required": false, "text": "\u6709\u4ec0\u4e48\u9700\u8981\u5bb6\u6559\u77e5\u9053\u7684\u5417\uff1f", "regex": "", "short_text": "\u5176\u4ed6", "questionset": 5, "type": "textarea", "sortid": 2, "errmsg": ""}}, {"pk": 7, "model": "survey.question", "fields": {"required": true, "text": "\u8bf7\u95ee\u60a8\u5e0c\u671b\u7684\u6bcf\u5468\u4e0a\u8bfe\u6b21\u6570\uff1f", "regex": "^[1-7]{1}$", "short_text": "\u6bcf\u5468\u4e0a\u8bfe\u6b21\u6570", "questionset": 4, "type": "text", "sortid": 1, "errmsg": "\u8bf7\u8f93\u51651-7\u7684\u6570\u5b57"}}, {"pk": 8, "model": "survey.question", "fields": {"required": true, "text": "\u8bf7\u95ee\u60a8\u5e0c\u671b\u7684\u6bcf\u5929\u7684\u4e0a\u8bfe\u65f6\u95f4\uff1f", "regex": "", "short_text": "\u6bcf\u5929\u4e0a\u8bfe\u65f6\u95f4", "questionset": 4, "type": "checkbox", "sortid": 3, "errmsg": ""}}, {"pk": 9, "model": "survey.question", "fields": {"required": true, "text": "\u60a8\u5e0c\u671b\u7684\u4e0a\u8bfe\u65b9\u5f0f\u4e3a\uff1f", "regex": "", "short_text": "\u4e0a\u8bfe\u65b9\u5f0f", "questionset": 3, "type": "choice", "sortid": 2, "errmsg": ""}}, {"pk": 10, "model": "survey.question", "fields": {"required": true, "text": "\u8bf7\u586b\u5199\u5bb6\u6559\u7c7b\u522b", "regex": "", "short_text": "\u5bb6\u6559\u7c7b\u522b", "questionset": 6, "type": "choice-input", "sortid": 1, "errmsg": ""}}, {"pk": 11, "model": "survey.question", "fields": {"required": true, "text": "\u60a8\u63a5\u53d7\u7684\u6559\u5b66\u5e74\u9f84\uff1f", "regex": "", "short_text": "\u6559\u5b66\u5e74\u9f84", "questionset": 7, "type": "checkbox", "sortid": 1, "errmsg": ""}}, {"pk": 12, "model": "survey.question", "fields": {"required": true, "text": "\u60a8\u7684\u6536\u8d39\u65b9\u5f0f\uff1f", "regex": "", "short_text": "\u6536\u8d39\u65b9\u5f0f", "questionset": 7, "type": "choice-input", "sortid": 2, "errmsg": ""}}, {"pk": 1, "model": "survey.choice", "fields": {"sortid": 1, "question": 1, "text": "\u5b8c\u5168\u4e0d\u4f1a", "value": "\u5b8c\u5168\u4e0d\u4f1a"}}, {"pk": 2, "model": "survey.choice", "fields": {"sortid": 2, "question": 1, "text": "\u521d\u5b66\u8005", "value": "\u521d\u5b66\u8005"}}, {"pk": 3, "model": "survey.choice", "fields": {"sortid": 1, "question": 2, "text": "\u57fa\u672c\u8fd0\u7528", "value": "\u57fa\u672c\u8fd0\u7528"}}, {"pk": 4, "model": "survey.choice", "fields": {"sortid": 2, "question": 2, "text": "\u6d41\u5229\u8fd0\u7528", "value": "\u6d41\u5229\u8fd0\u7528"}}, {"pk": 5, "model": "survey.choice", "fields": {"sortid": 1, "question": 3, "text": "\u9a6c\u4e0a", "value": "\u9a6c\u4e0a"}}, {"pk": 6, "model": "survey.choice", "fields": {"sortid": 2, "question": 3, "text": "\u4e00~\u4e8c\u5468", "value": "\u4e00~\u4e8c\u5468"}}, {"pk": 8, "model": "survey.choice", "fields": {"sortid": 4, "question": 2, "text": "\u8003\u8bd5\u51c6\u5907", "value": "\u8003\u8bd5\u51c6\u5907"}}, {"pk": 9, "model": "survey.choice", "fields": {"sortid": 3, "question": 1, "text": "\u4e2d\u9636", "value": "\u4e2d\u9636"}}, {"pk": 10, "model": "survey.choice", "fields": {"sortid": 4, "question": 1, "text": "\u9ad8\u9636", "value": "\u9ad8\u9636"}}, {"pk": 11, "model": "survey.choice", "fields": {"sortid": 3, "question": 2, "text": "\u4e13\u4e1a\u8fd0\u7528", "value": "\u4e13\u4e1a\u8fd0\u7528"}}, {"pk": 12, "model": "survey.choice", "fields": {"sortid": 5, "question": 2, "text": "\u5176\u4ed6", "value": "\u5176\u4ed6"}}, {"pk": 13, "model": "survey.choice", "fields": {"sortid": 1, "question": 4, "text": "\u5468\u4e00", "value": "\u5468\u4e00"}}, {"pk": 14, "model": "survey.choice", "fields": {"sortid": 2, "question": 4, "text": "\u5468\u4e8c", "value": "\u5468\u4e8c"}}, {"pk": 15, "model": "survey.choice", "fields": {"sortid": 3, "question": 4, "text": "\u5468\u4e09", "value": "\u5468\u4e09"}}, {"pk": 16, "model": "survey.choice", "fields": {"sortid": 4, "question": 4, "text": "\u5468\u56db", "value": "\u5468\u56db"}}, {"pk": 17, "model": "survey.choice", "fields": {"sortid": 5, "question": 4, "text": "\u5468\u4e94", "value": "\u5468\u4e94"}}, {"pk": 18, "model": "survey.choice", "fields": {"sortid": 6, "question": 4, "text": "\u5468\u516d", "value": "\u5468\u516d"}}, {"pk": 19, "model": "survey.choice", "fields": {"sortid": 7, "question": 4, "text": "\u5468\u65e5", "value": "\u5468\u65e5"}}, {"pk": 20, "model": "survey.choice", "fields": {"sortid": 1, "question": 8, "text": "\u4e0a\u5348", "value": "\u4e0a\u5348"}}, {"pk": 21, "model": "survey.choice", "fields": {"sortid": 2, "question": 8, "text": "\u4e0b\u5348", "value": "\u4e0b\u5348"}}, {"pk": 22, "model": "survey.choice", "fields": {"sortid": 3, "question": 8, "text": "\u665a\u4e0a", "value": "\u665a\u4e0a"}}, {"pk": 23, "model": "survey.choice", "fields": {"sortid": 3, "question": 3, "text": "\u8fd9\u4e2a\u6708\u5185", "value": "\u8fd9\u4e2a\u6708\u5185"}}, {"pk": 24, "model": "survey.choice", "fields": {"sortid": 4, "question": 3, "text": "\u5176\u4ed6", "value": "\u5176\u4ed6"}}, {"pk": 25, "model": "survey.choice", "fields": {"sortid": 1, "question": 9, "text": "\u5230\u5bb6\u6559\u5904\u4e0a\u8bfe", "value": "\u5230\u5bb6\u6559\u5904\u4e0a\u8bfe"}}, {"pk": 26, "model": "survey.choice", "fields": {"sortid": 2, "question": 9, "text": "\u5bb6\u6559\u5230\u5e9c\u4e0a\u8bfe", "value": "\u5bb6\u6559\u5230\u5e9c\u4e0a\u8bfe"}}, {"pk": 27, "model": "survey.choice", "fields": {"sortid": 3, "question": 9, "text": "\u900f\u8fc7\u7f51\u8def/\u7535\u8bdd\u4e0a\u8bfe", "value": "\u900f\u8fc7\u7f51\u8def/\u7535\u8bdd\u4e0a\u8bfe"}}, {"pk": 28, "model": "survey.choice", "fields": {"sortid": 1, "question": 10, "text": "\u6570\u5b66\u5bb6\u6559", "value": "\u6570\u5b66\u5bb6\u6559"}}, {"pk": 29, "model": "survey.choice", "fields": {"sortid": 2, "question": 10, "text": "\u82f1\u6587\u5bb6\u6559", "value": "\u82f1\u6587\u5bb6\u6559"}}, {"pk": 30, "model": "survey.choice", "fields": {"sortid": 3, "question": 10, "text": "\u8bed\u8a00\u5bb6\u6559", "value": "\u8bed\u8a00\u5bb6\u6559"}}, {"pk": 31, "model": "survey.choice", "fields": {"sortid": 4, "question": 10, "text": "\u9488\u5bf9\u8003\u8bd5", "value": "\u9488\u5bf9\u8003\u8bd5"}}, {"pk": 32, "model": "survey.choice", "fields": {"sortid": 5, "question": 10, "text": "\u97f3\u4e50\u5bb6\u6559", "value": "\u97f3\u4e50\u5bb6\u6559"}}, {"pk": 33, "model": "survey.choice", "fields": {"sortid": 6, "question": 10, "text": "\u4f53\u80b2\u5bb6\u6559", "value": "\u4f53\u80b2\u5bb6\u6559"}}, {"pk": 34, "model": "survey.choice", "fields": {"sortid": 7, "question": 10, "text": "\u5168\u79d1\u5bb6\u6559", "value": "\u5168\u79d1\u5bb6\u6559"}}, {"pk": 35, "model": "survey.choice", "fields": {"sortid": 8, "question": 10, "text": "\u624d\u827a\u5bb6\u6559", "value": "\u624d\u827a\u5bb6\u6559"}}, {"pk": 36, "model": "survey.choice", "fields": {"sortid": 1, "question": 11, "text": "\u5e7c\u513f", "value": "\u5e7c\u513f"}}, {"pk": 37, "model": "survey.choice", "fields": {"sortid": 2, "question": 11, "text": "\u5c0f\u5b66", "value": "\u5c0f\u5b66"}}, {"pk": 38, "model": "survey.choice", "fields": {"sortid": 3, "question": 11, "text": "\u521d\u4e2d", "value": "\u521d\u4e2d"}}, {"pk": 39, "model": "survey.choice", "fields": {"sortid": 4, "question": 11, "text": "\u9ad8\u4e2d", "value": "\u9ad8\u4e2d"}}, {"pk": 40, "model": "survey.choice", "fields": {"sortid": 5, "question": 11, "text": "\u6210\u4eba", "value": "\u6210\u4eba"}}, {"pk": 41, "model": "survey.choice", "fields": {"sortid": 6, "question": 11, "text": "\u4e0d\u9650", "value": "\u4e0d\u9650"}}, {"pk": 42, "model": "survey.choice", "fields": {"sortid": 1, "question": 12, "text": "\u4e00\u5802\u8bfe", "value": "\u4e00\u5802\u8bfe"}}, {"pk": 43, "model": "survey.choice", "fields": {"sortid": 2, "question": 12, "text": "\u6bcf\u5c0f\u65f6", "value": "\u6bcf\u5c0f\u65f6"}}, {"pk": 44, "model": "survey.choice", "fields": {"sortid": 3, "question": 12, "text": "\u6bcf\u4e2a\u6708", "value": "\u6bcf\u4e2a\u6708"}}, {"pk": 45, "model": "survey.choice", "fields": {"sortid": 4, "question": 12, "text": "\u5176\u4ed6", "value": "\u5176\u4ed6"}}, {"pk": 1, "model": "survey.input", "fields": {"type": "text", "question": 2, "placeholder": "\u8003\u8bd5\u540d\u79f0", "choice": 8}}, {"pk": 2, "model": "survey.input", "fields": {"type": "text", "question": 2, "placeholder": "\u8bf7\u8f93\u5165", "choice": 12}}, {"pk": 3, "model": "survey.input", "fields": {"type": "text", "question": 3, "placeholder": "\u8bf7\u8f93\u5165", "choice": 24}}, {"pk": 4, "model": "survey.input", "fields": {"type": "text", "question": 10, "placeholder": "\u8003\u8bd5\u540d\u79f0", "choice": 31}}, {"pk": 5, "model": "survey.input", "fields": {"type": "text", "question": 12, "placeholder": "\u4ef7\u683c", "choice": 42}}, {"pk": 6, "model": "survey.input", "fields": {"type": "text", "question": 12, "placeholder": "\u4ef7\u683c", "choice": 43}}, {"pk": 7, "model": "survey.input", "fields": {"type": "text", "question": 12, "placeholder": "\u4ef7\u683c", "choice": 44}}, {"pk": 8, "model": "survey.input", "fields": {"type": "text", "question": 12, "placeholder": "\u8bf7\u8f93\u5165", "choice": 45}}]