[{"pk": 1, "model": "survey.questionnaire", "fields": {"role": "creator", "main_category": 1, "sub_category": 5, "name": "EnglishTeacher"}}, {"pk": 1, "model": "survey.questionset", "fields": {"questionnaire": 1, "sortid": 1, "heading": "\u82f1\u6587\u5bb6\u6559"}}, {"pk": 2, "model": "survey.questionset", "fields": {"questionnaire": 1, "sortid": 2, "heading": "\u82f1\u6587\u5bb6\u6559"}}, {"pk": 3, "model": "survey.questionset", "fields": {"questionnaire": 1, "sortid": 4, "heading": "\u82f1\u6587\u5bb6\u6559"}}, {"pk": 4, "model": "survey.questionset", "fields": {"questionnaire": 1, "sortid": 3, "heading": "\u82f1\u6587\u5bb6\u6559"}}, {"pk": 5, "model": "survey.questionset", "fields": {"questionnaire": 1, "sortid": 5, "heading": "\u82f1\u6587\u5bb6\u6559"}}, {"pk": 1, "model": "survey.question", "fields": {"type": "choice", "regex": null, "questionset": 1, "required": true, "text": "\u8bf7\u95ee\u60a8\u76ee\u524d\u7684\u82f1\u6587\u7a0b\u5ea6\u4e3a\uff1f", "errmsg": null, "sortid": 1}}, {"pk": 2, "model": "survey.question", "fields": {"type": "choice-input", "regex": null, "questionset": 2, "required": true, "text": "\u8bf7\u95ee\u60a8\u7684\u5b66\u4e60\u76ee\u6807\u4e3a\uff1f", "errmsg": null, "sortid": 1}}, {"pk": 3, "model": "survey.question", "fields": {"type": "choice-input", "regex": null, "questionset": 3, "required": true, "text": "\u4ec0\u4e48\u65f6\u5019\u5f00\u59cb\u8bfe\u7a0b\uff1f", "errmsg": null, "sortid": 1}}, {"pk": 4, "model": "survey.question", "fields": {"type": "checkbox", "regex": null, "questionset": 4, "required": true, "text": "\u8bf7\u95ee\u60a8\u5e0c\u671b\u7684\u4e0a\u8bfe\u65f6\u95f4\uff1f", "errmsg": null, "sortid": 2}}, {"pk": 5, "model": "survey.question", "fields": {"type": "text", "regex": "^[0-9]{1,2}$", "questionset": 5, "required": true, "text": "\u60a8\u7684\u5e74\u9f84\uff1f", "errmsg": "\u8bf7\u8f93\u51650-99\u7684\u6570\u5b57", "sortid": 1}}, {"pk": 6, "model": "survey.question", "fields": {"type": "textarea", "regex": null, "questionset": 5, "required": false, "text": "\u6709\u4ec0\u4e48\u9700\u8981\u5bb6\u6559\u77e5\u9053\u7684\u5417\uff1f", "errmsg": null, "sortid": 2}}, {"pk": 7, "model": "survey.question", "fields": {"type": "text", "regex": "^[1-7]{1}$", "questionset": 4, "required": true, "text": "\u8bf7\u95ee\u60a8\u5e0c\u671b\u7684\u6bcf\u5468\u4e0a\u8bfe\u6b21\u6570\uff1f", "errmsg": "\u8bf7\u8f93\u51651-7\u7684\u6570\u5b57", "sortid": 1}}, {"pk": 8, "model": "survey.question", "fields": {"type": "checkbox", "regex": null, "questionset": 4, "required": true, "text": "\u8bf7\u95ee\u60a8\u5e0c\u671b\u7684\u6bcf\u5929\u7684\u4e0a\u8bfe\u65f6\u95f4\uff1f", "errmsg": null, "sortid": 3}}, {"pk": 9, "model": "survey.question", "fields": {"type": "choice", "regex": null, "questionset": 3, "required": true, "text": "\u60a8\u5e0c\u671b\u7684\u4e0a\u8bfe\u65b9\u5f0f\u4e3a\uff1f", "errmsg": null, "sortid": 2}}, {"pk": 1, "model": "survey.choice", "fields": {"text": "\u5b8c\u5168\u4e0d\u4f1a", "value": "\u5b8c\u5168\u4e0d\u4f1a", "sortid": 1, "question": 1}}, {"pk": 2, "model": "survey.choice", "fields": {"text": "\u521d\u5b66\u8005", "value": "\u521d\u5b66\u8005", "sortid": 2, "question": 1}}, {"pk": 3, "model": "survey.choice", "fields": {"text": "\u57fa\u672c\u8fd0\u7528", "value": "\u57fa\u672c\u8fd0\u7528", "sortid": 1, "question": 2}}, {"pk": 4, "model": "survey.choice", "fields": {"text": "\u6d41\u5229\u8fd0\u7528", "value": "\u6d41\u5229\u8fd0\u7528", "sortid": 2, "question": 2}}, {"pk": 5, "model": "survey.choice", "fields": {"text": "\u9a6c\u4e0a", "value": "\u9a6c\u4e0a", "sortid": 1, "question": 3}}, {"pk": 6, "model": "survey.choice", "fields": {"text": "\u4e00~\u4e8c\u5468", "value": "\u4e00~\u4e8c\u5468", "sortid": 2, "question": 3}}, {"pk": 8, "model": "survey.choice", "fields": {"text": "\u8003\u8bd5\u51c6\u5907", "value": "\u8003\u8bd5\u51c6\u5907", "sortid": 4, "question": 2}}, {"pk": 9, "model": "survey.choice", "fields": {"text": "\u4e2d\u9636", "value": "\u4e2d\u9636", "sortid": 3, "question": 1}}, {"pk": 10, "model": "survey.choice", "fields": {"text": "\u9ad8\u9636", "value": "\u9ad8\u9636", "sortid": 4, "question": 1}}, {"pk": 11, "model": "survey.choice", "fields": {"text": "\u4e13\u4e1a\u8fd0\u7528", "value": "\u4e13\u4e1a\u8fd0\u7528", "sortid": 3, "question": 2}}, {"pk": 12, "model": "survey.choice", "fields": {"text": "\u5176\u4ed6", "value": "\u5176\u4ed6", "sortid": 5, "question": 2}}, {"pk": 13, "model": "survey.choice", "fields": {"text": "\u5468\u4e00", "value": "\u5468\u4e00", "sortid": 1, "question": 4}}, {"pk": 14, "model": "survey.choice", "fields": {"text": "\u5468\u4e8c", "value": "\u5468\u4e8c", "sortid": 2, "question": 4}}, {"pk": 15, "model": "survey.choice", "fields": {"text": "\u5468\u4e09", "value": "\u5468\u4e09", "sortid": 3, "question": 4}}, {"pk": 16, "model": "survey.choice", "fields": {"text": "\u5468\u56db", "value": "\u5468\u56db", "sortid": 4, "question": 4}}, {"pk": 17, "model": "survey.choice", "fields": {"text": "\u5468\u4e94", "value": "\u5468\u4e94", "sortid": 5, "question": 4}}, {"pk": 18, "model": "survey.choice", "fields": {"text": "\u5468\u516d", "value": "\u5468\u516d", "sortid": 6, "question": 4}}, {"pk": 19, "model": "survey.choice", "fields": {"text": "\u5468\u65e5", "value": "\u5468\u65e5", "sortid": 7, "question": 4}}, {"pk": 20, "model": "survey.choice", "fields": {"text": "\u4e0a\u5348", "value": "\u4e0a\u5348", "sortid": 1, "question": 8}}, {"pk": 21, "model": "survey.choice", "fields": {"text": "\u4e0b\u5348", "value": "\u4e0b\u5348", "sortid": 2, "question": 8}}, {"pk": 22, "model": "survey.choice", "fields": {"text": "\u665a\u4e0a", "value": "\u665a\u4e0a", "sortid": 3, "question": 8}}, {"pk": 23, "model": "survey.choice", "fields": {"text": "\u8fd9\u4e2a\u6708\u5185", "value": "\u8fd9\u4e2a\u6708\u5185", "sortid": 3, "question": 3}}, {"pk": 24, "model": "survey.choice", "fields": {"text": "\u5176\u4ed6", "value": "\u5176\u4ed6", "sortid": 4, "question": 3}}, {"pk": 25, "model": "survey.choice", "fields": {"text": "\u5230\u5bb6\u6559\u5904\u4e0a\u8bfe", "value": "\u5230\u5bb6\u6559\u5904\u4e0a\u8bfe", "sortid": 1, "question": 9}}, {"pk": 26, "model": "survey.choice", "fields": {"text": "\u5bb6\u6559\u5230\u5e9c\u4e0a\u8bfe", "value": "\u5bb6\u6559\u5230\u5e9c\u4e0a\u8bfe", "sortid": 2, "question": 9}}, {"pk": 27, "model": "survey.choice", "fields": {"text": "\u900f\u8fc7\u7f51\u8def/\u7535\u8bdd\u4e0a\u8bfe", "value": "\u900f\u8fc7\u7f51\u8def/\u7535\u8bdd\u4e0a\u8bfe", "sortid": 3, "question": 9}}, {"pk": 1, "model": "survey.input", "fields": {"type": "text", "placeholder": "\u8003\u8bd5\u540d\u79f0", "choice": 8, "question": 2}}, {"pk": 2, "model": "survey.input", "fields": {"type": "text", "placeholder": "\u8bf7\u8f93\u5165", "choice": 12, "question": 2}}, {"pk": 3, "model": "survey.input", "fields": {"type": "text", "placeholder": "\u8bf7\u8f93\u5165", "choice": 24, "question": 3}}]