[{"fields": {"name": "\u5bfb\u627e\u5bb6\u6559", "main_category": 1, "sub_category": 5, "role": "consumer"}, "pk": 1, "model": "survey.questionnaire"}, {"fields": {"name": "\u5bb6\u6559", "main_category": 1, "sub_category": 5, "role": "creator"}, "pk": 2, "model": "survey.questionnaire"}, {"fields": {"sortid": 1, "heading": "\u82f1\u6587\u5bb6\u6559", "questionnaire": 1}, "pk": 1, "model": "survey.questionset"}, {"fields": {"sortid": 2, "heading": "\u82f1\u6587\u5bb6\u6559", "questionnaire": 1}, "pk": 2, "model": "survey.questionset"}, {"fields": {"sortid": 4, "heading": "\u82f1\u6587\u5bb6\u6559", "questionnaire": 1}, "pk": 3, "model": "survey.questionset"}, {"fields": {"sortid": 3, "heading": "\u82f1\u6587\u5bb6\u6559", "questionnaire": 1}, "pk": 4, "model": "survey.questionset"}, {"fields": {"sortid": 5, "heading": "\u82f1\u6587\u5bb6\u6559", "questionnaire": 1}, "pk": 5, "model": "survey.questionset"}, {"fields": {"sortid": 1, "heading": "\u5bb6\u6559\u5206\u7c7b", "questionnaire": 2}, "pk": 6, "model": "survey.questionset"}, {"fields": {"sortid": 2, "heading": "\u5bb6\u6559\u5206\u7c7b", "questionnaire": 2}, "pk": 7, "model": "survey.questionset"}, {"fields": {"required": true, "type": "choice", "regex": null, "sortid": 1, "errmsg": null, "questionset": 1, "text": "\u8bf7\u95ee\u60a8\u76ee\u524d\u7684\u82f1\u6587\u7a0b\u5ea6\u4e3a\uff1f"}, "pk": 1, "model": "survey.question"}, {"fields": {"required": true, "type": "choice-input", "regex": null, "sortid": 1, "errmsg": null, "questionset": 2, "text": "\u8bf7\u95ee\u60a8\u7684\u5b66\u4e60\u76ee\u6807\u4e3a\uff1f"}, "pk": 2, "model": "survey.question"}, {"fields": {"required": true, "type": "choice-input", "regex": null, "sortid": 1, "errmsg": null, "questionset": 3, "text": "\u4ec0\u4e48\u65f6\u5019\u5f00\u59cb\u8bfe\u7a0b\uff1f"}, "pk": 3, "model": "survey.question"}, {"fields": {"required": true, "type": "checkbox", "regex": null, "sortid": 2, "errmsg": null, "questionset": 4, "text": "\u8bf7\u95ee\u60a8\u5e0c\u671b\u7684\u4e0a\u8bfe\u65f6\u95f4\uff1f"}, "pk": 4, "model": "survey.question"}, {"fields": {"required": true, "type": "text", "regex": "^[0-9]{1,2}$", "sortid": 1, "errmsg": "\u8bf7\u8f93\u51650-99\u7684\u6570\u5b57", "questionset": 5, "text": "\u60a8\u7684\u5e74\u9f84\uff1f"}, "pk": 5, "model": "survey.question"}, {"fields": {"required": false, "type": "textarea", "regex": null, "sortid": 2, "errmsg": null, "questionset": 5, "text": "\u6709\u4ec0\u4e48\u9700\u8981\u5bb6\u6559\u77e5\u9053\u7684\u5417\uff1f"}, "pk": 6, "model": "survey.question"}, {"fields": {"required": true, "type": "text", "regex": "^[1-7]{1}$", "sortid": 1, "errmsg": "\u8bf7\u8f93\u51651-7\u7684\u6570\u5b57", "questionset": 4, "text": "\u8bf7\u95ee\u60a8\u5e0c\u671b\u7684\u6bcf\u5468\u4e0a\u8bfe\u6b21\u6570\uff1f"}, "pk": 7, "model": "survey.question"}, {"fields": {"required": true, "type": "checkbox", "regex": null, "sortid": 3, "errmsg": null, "questionset": 4, "text": "\u8bf7\u95ee\u60a8\u5e0c\u671b\u7684\u6bcf\u5929\u7684\u4e0a\u8bfe\u65f6\u95f4\uff1f"}, "pk": 8, "model": "survey.question"}, {"fields": {"required": true, "type": "choice", "regex": null, "sortid": 2, "errmsg": null, "questionset": 3, "text": "\u60a8\u5e0c\u671b\u7684\u4e0a\u8bfe\u65b9\u5f0f\u4e3a\uff1f"}, "pk": 9, "model": "survey.question"}, {"fields": {"required": true, "type": "choice-input", "regex": "", "sortid": 1, "errmsg": "", "questionset": 6, "text": "\u8bf7\u586b\u5199\u5bb6\u6559\u7c7b\u522b"}, "pk": 10, "model": "survey.question"}, {"fields": {"required": true, "type": "checkbox", "regex": "", "sortid": 1, "errmsg": "", "questionset": 7, "text": "\u60a8\u63a5\u53d7\u7684\u6559\u5b66\u5e74\u9f84\uff1f"}, "pk": 11, "model": "survey.question"}, {"fields": {"required": true, "type": "choice-input", "regex": "", "sortid": 2, "errmsg": "", "questionset": 7, "text": "\u60a8\u7684\u6536\u8d39\u65b9\u5f0f\uff1f"}, "pk": 12, "model": "survey.question"}, {"fields": {"sortid": 1, "value": "\u5b8c\u5168\u4e0d\u4f1a", "text": "\u5b8c\u5168\u4e0d\u4f1a", "question": 1}, "pk": 1, "model": "survey.choice"}, {"fields": {"sortid": 2, "value": "\u521d\u5b66\u8005", "text": "\u521d\u5b66\u8005", "question": 1}, "pk": 2, "model": "survey.choice"}, {"fields": {"sortid": 1, "value": "\u57fa\u672c\u8fd0\u7528", "text": "\u57fa\u672c\u8fd0\u7528", "question": 2}, "pk": 3, "model": "survey.choice"}, {"fields": {"sortid": 2, "value": "\u6d41\u5229\u8fd0\u7528", "text": "\u6d41\u5229\u8fd0\u7528", "question": 2}, "pk": 4, "model": "survey.choice"}, {"fields": {"sortid": 1, "value": "\u9a6c\u4e0a", "text": "\u9a6c\u4e0a", "question": 3}, "pk": 5, "model": "survey.choice"}, {"fields": {"sortid": 2, "value": "\u4e00~\u4e8c\u5468", "text": "\u4e00~\u4e8c\u5468", "question": 3}, "pk": 6, "model": "survey.choice"}, {"fields": {"sortid": 4, "value": "\u8003\u8bd5\u51c6\u5907", "text": "\u8003\u8bd5\u51c6\u5907", "question": 2}, "pk": 8, "model": "survey.choice"}, {"fields": {"sortid": 3, "value": "\u4e2d\u9636", "text": "\u4e2d\u9636", "question": 1}, "pk": 9, "model": "survey.choice"}, {"fields": {"sortid": 4, "value": "\u9ad8\u9636", "text": "\u9ad8\u9636", "question": 1}, "pk": 10, "model": "survey.choice"}, {"fields": {"sortid": 3, "value": "\u4e13\u4e1a\u8fd0\u7528", "text": "\u4e13\u4e1a\u8fd0\u7528", "question": 2}, "pk": 11, "model": "survey.choice"}, {"fields": {"sortid": 5, "value": "\u5176\u4ed6", "text": "\u5176\u4ed6", "question": 2}, "pk": 12, "model": "survey.choice"}, {"fields": {"sortid": 1, "value": "\u5468\u4e00", "text": "\u5468\u4e00", "question": 4}, "pk": 13, "model": "survey.choice"}, {"fields": {"sortid": 2, "value": "\u5468\u4e8c", "text": "\u5468\u4e8c", "question": 4}, "pk": 14, "model": "survey.choice"}, {"fields": {"sortid": 3, "value": "\u5468\u4e09", "text": "\u5468\u4e09", "question": 4}, "pk": 15, "model": "survey.choice"}, {"fields": {"sortid": 4, "value": "\u5468\u56db", "text": "\u5468\u56db", "question": 4}, "pk": 16, "model": "survey.choice"}, {"fields": {"sortid": 5, "value": "\u5468\u4e94", "text": "\u5468\u4e94", "question": 4}, "pk": 17, "model": "survey.choice"}, {"fields": {"sortid": 6, "value": "\u5468\u516d", "text": "\u5468\u516d", "question": 4}, "pk": 18, "model": "survey.choice"}, {"fields": {"sortid": 7, "value": "\u5468\u65e5", "text": "\u5468\u65e5", "question": 4}, "pk": 19, "model": "survey.choice"}, {"fields": {"sortid": 1, "value": "\u4e0a\u5348", "text": "\u4e0a\u5348", "question": 8}, "pk": 20, "model": "survey.choice"}, {"fields": {"sortid": 2, "value": "\u4e0b\u5348", "text": "\u4e0b\u5348", "question": 8}, "pk": 21, "model": "survey.choice"}, {"fields": {"sortid": 3, "value": "\u665a\u4e0a", "text": "\u665a\u4e0a", "question": 8}, "pk": 22, "model": "survey.choice"}, {"fields": {"sortid": 3, "value": "\u8fd9\u4e2a\u6708\u5185", "text": "\u8fd9\u4e2a\u6708\u5185", "question": 3}, "pk": 23, "model": "survey.choice"}, {"fields": {"sortid": 4, "value": "\u5176\u4ed6", "text": "\u5176\u4ed6", "question": 3}, "pk": 24, "model": "survey.choice"}, {"fields": {"sortid": 1, "value": "\u5230\u5bb6\u6559\u5904\u4e0a\u8bfe", "text": "\u5230\u5bb6\u6559\u5904\u4e0a\u8bfe", "question": 9}, "pk": 25, "model": "survey.choice"}, {"fields": {"sortid": 2, "value": "\u5bb6\u6559\u5230\u5e9c\u4e0a\u8bfe", "text": "\u5bb6\u6559\u5230\u5e9c\u4e0a\u8bfe", "question": 9}, "pk": 26, "model": "survey.choice"}, {"fields": {"sortid": 3, "value": "\u900f\u8fc7\u7f51\u8def/\u7535\u8bdd\u4e0a\u8bfe", "text": "\u900f\u8fc7\u7f51\u8def/\u7535\u8bdd\u4e0a\u8bfe", "question": 9}, "pk": 27, "model": "survey.choice"}, {"fields": {"sortid": 1, "value": "\u6570\u5b66\u5bb6\u6559", "text": "\u6570\u5b66\u5bb6\u6559", "question": 10}, "pk": 28, "model": "survey.choice"}, {"fields": {"sortid": 2, "value": "\u82f1\u6587\u5bb6\u6559", "text": "\u82f1\u6587\u5bb6\u6559", "question": 10}, "pk": 29, "model": "survey.choice"}, {"fields": {"sortid": 3, "value": "\u8bed\u8a00\u5bb6\u6559", "text": "\u8bed\u8a00\u5bb6\u6559", "question": 10}, "pk": 30, "model": "survey.choice"}, {"fields": {"sortid": 4, "value": "\u9488\u5bf9\u8003\u8bd5", "text": "\u9488\u5bf9\u8003\u8bd5", "question": 10}, "pk": 31, "model": "survey.choice"}, {"fields": {"sortid": 5, "value": "\u97f3\u4e50\u5bb6\u6559", "text": "\u97f3\u4e50\u5bb6\u6559", "question": 10}, "pk": 32, "model": "survey.choice"}, {"fields": {"sortid": 6, "value": "\u4f53\u80b2\u5bb6\u6559", "text": "\u4f53\u80b2\u5bb6\u6559", "question": 10}, "pk": 33, "model": "survey.choice"}, {"fields": {"sortid": 7, "value": "\u5168\u79d1\u5bb6\u6559", "text": "\u5168\u79d1\u5bb6\u6559", "question": 10}, "pk": 34, "model": "survey.choice"}, {"fields": {"sortid": 8, "value": "\u624d\u827a\u5bb6\u6559", "text": "\u624d\u827a\u5bb6\u6559", "question": 10}, "pk": 35, "model": "survey.choice"}, {"fields": {"sortid": 1, "value": "\u5e7c\u513f", "text": "\u5e7c\u513f", "question": 11}, "pk": 36, "model": "survey.choice"}, {"fields": {"sortid": 2, "value": "\u5c0f\u5b66", "text": "\u5c0f\u5b66", "question": 11}, "pk": 37, "model": "survey.choice"}, {"fields": {"sortid": 3, "value": "\u521d\u4e2d", "text": "\u521d\u4e2d", "question": 11}, "pk": 38, "model": "survey.choice"}, {"fields": {"sortid": 4, "value": "\u9ad8\u4e2d", "text": "\u9ad8\u4e2d", "question": 11}, "pk": 39, "model": "survey.choice"}, {"fields": {"sortid": 5, "value": "\u6210\u4eba", "text": "\u6210\u4eba", "question": 11}, "pk": 40, "model": "survey.choice"}, {"fields": {"sortid": 6, "value": "\u4e0d\u9650", "text": "\u4e0d\u9650", "question": 11}, "pk": 41, "model": "survey.choice"}, {"fields": {"sortid": 1, "value": "\u4e00\u5802\u8bfe", "text": "\u4e00\u5802\u8bfe", "question": 12}, "pk": 42, "model": "survey.choice"}, {"fields": {"sortid": 2, "value": "\u6bcf\u5c0f\u65f6", "text": "\u6bcf\u5c0f\u65f6", "question": 12}, "pk": 43, "model": "survey.choice"}, {"fields": {"sortid": 3, "value": "\u6bcf\u4e2a\u6708", "text": "\u6bcf\u4e2a\u6708", "question": 12}, "pk": 44, "model": "survey.choice"}, {"fields": {"sortid": 4, "value": "\u5176\u4ed6", "text": "\u5176\u4ed6", "question": 12}, "pk": 45, "model": "survey.choice"}, {"fields": {"choice": 8, "placeholder": "\u8003\u8bd5\u540d\u79f0", "type": "text", "question": 2}, "pk": 1, "model": "survey.input"}, {"fields": {"choice": 12, "placeholder": "\u8bf7\u8f93\u5165", "type": "text", "question": 2}, "pk": 2, "model": "survey.input"}, {"fields": {"choice": 24, "placeholder": "\u8bf7\u8f93\u5165", "type": "text", "question": 3}, "pk": 3, "model": "survey.input"}, {"fields": {"choice": 31, "placeholder": "\u8003\u8bd5\u540d\u79f0", "type": "text", "question": 10}, "pk": 4, "model": "survey.input"}, {"fields": {"choice": 42, "placeholder": "\u4ef7\u683c", "type": "text", "question": 12}, "pk": 5, "model": "survey.input"}, {"fields": {"choice": 43, "placeholder": "\u4ef7\u683c", "type": "text", "question": 12}, "pk": 6, "model": "survey.input"}, {"fields": {"choice": 44, "placeholder": "\u4ef7\u683c", "type": "text", "question": 12}, "pk": 7, "model": "survey.input"}, {"fields": {"choice": 45, "placeholder": "\u8bf7\u8f93\u5165", "type": "text", "question": 12}, "pk": 8, "model": "survey.input"}]