[{"fields": {"email_contacted_count": 0, "facebook_shared_count": 3, "phone_contacted_count": 0, "google_shared_count": 0, "favorites_count": 0, "created_at": "2015-11-21T03:15:48Z", "fun_count": 0, "fun_review_score": 0.0, "fun_survey_score": 0.0, "scans_count": 0, "complains_count": 0, "three_count": 2, "five_count": 0, "email_shared_count": 3, "one_count": 1, "linkedin_shared_count": 0, "two_count": 0, "views_count": 626, "updated_at": null, "likes_count": 0, "twitter_shared_count": 0, "map_contacted_count": 0, "ratings_count": 4, "four_count": 1, "ratings_total": 11, "pinterest_shared_count": 0}, "pk": 1, "model": "alatting_website.posterstatistics"}, {"fields": {"email_contacted_count": 0, "facebook_shared_count": 0, "phone_contacted_count": 0, "google_shared_count": 0, "favorites_count": 0, "created_at": "2015-11-27T19:13:37Z", "fun_count": 0, "fun_review_score": 0.0, "fun_survey_score": 0.0, "scans_count": 0, "complains_count": 0, "three_count": 0, "five_count": 0, "email_shared_count": 0, "one_count": 0, "linkedin_shared_count": 0, "two_count": 0, "views_count": 0, "updated_at": null, "likes_count": 0, "twitter_shared_count": 0, "map_contacted_count": 0, "ratings_count": 0, "four_count": 0, "ratings_total": 0, "pinterest_shared_count": 0}, "pk": 1, "model": "alatting_website.historystatistics"}, {"fields": {"uuid": "a14f859435c34577acd1abaa609698a0", "format": "png", "created_at": "2015-09-23T21:56:48Z", "file": "images/2015/09/23/92180490f431414e9b160002d91f15db.png", "width": 594, "height": 128}, "pk": 1, "model": "alatting_website.image"}, {"fields": {"uuid": "8167084b575e497cab36fd54e56c6665", "format": "png", "created_at": "2015-09-23T22:02:25Z", "file": "images/2015/09/23/2bcd27648100432e8c86d193271591cf.png", "width": 1920, "height": 1440}, "pk": 2, "model": "alatting_website.image"}, {"fields": {"uuid": "d853a5c31b5945a098d7e4daed81556d", "format": "PNG", "created_at": "2015-09-23T22:02:39Z", "file": "images/2015/09/23/4c795e20ec2f489d862a79a5a428826b.PNG", "width": 1460, "height": 775}, "pk": 3, "model": "alatting_website.image"}, {"fields": {"uuid": "7b6b26263c2245fd8d9f5c725d4a32b9", "format": "PNG", "created_at": "2015-09-23T22:02:43Z", "file": "images/2015/09/23/eab0c4ef73704536b3e026475a1aae67.PNG", "width": 991, "height": 909}, "pk": 4, "model": "alatting_website.image"}, {"fields": {"uuid": "d9478b15a40f46e9bfae38194dd50eb0", "format": "PNG", "created_at": "2015-09-23T22:02:47Z", "file": "images/2015/09/23/7b7837c7bfbc47eba950952ff1490b06.PNG", "width": 1026, "height": 906}, "pk": 5, "model": "alatting_website.image"}, {"fields": {"uuid": "3334826e3cd04832a3378b8f49e4c170", "format": "PNG", "created_at": "2015-09-23T22:03:08Z", "file": "images/2015/09/23/ba39ba074c294f409e0d96244829b5ee.PNG", "width": 1013, "height": 781}, "pk": 6, "model": "alatting_website.image"}, {"fields": {"uuid": "7fcf9aa2e5614d1b9a09ab2548512bdc", "format": "PNG", "created_at": "2015-09-23T22:03:22Z", "file": "images/2015/09/23/c1ef0a0998b24b42bfbead5151e1148b.PNG", "width": 3264, "height": 2448}, "pk": 7, "model": "alatting_website.image"}, {"fields": {"uuid": "6de839654b3e4461a7a973ba5b05a2b0", "format": "png", "created_at": "2015-09-23T22:03:46Z", "file": "images/2015/09/23/9b284ac9954b4e8b8779fe088d9b55f8.png", "width": 2448, "height": 3264}, "pk": 8, "model": "alatting_website.image"}, {"fields": {"uuid": "0ac5117d7b3b4e2f8d7d87030233ab75", "format": "png", "created_at": "2015-09-23T22:04:06Z", "file": "images/2015/09/23/0d2c62213b844e29970abb69c7eaccf6.png", "width": 2448, "height": 2448}, "pk": 9, "model": "alatting_website.image"}, {"fields": {"uuid": "a84043037f2447649a8baa14db8bc1e3", "format": "png", "created_at": "2015-09-23T22:04:16Z", "file": "images/2015/09/23/62e4733884394971a7615fc173236acd.png", "width": 2000, "height": 1333}, "pk": 10, "model": "alatting_website.image"}, {"fields": {"uuid": "67f7ae9b91b742779f2c2cdae5f4ef85", "format": "png", "created_at": "2015-09-23T22:04:26Z", "file": "images/2015/09/23/f375ac8eb4f548a9a43f203daf2336c0.png", "width": 2000, "height": 1333}, "pk": 11, "model": "alatting_website.image"}, {"fields": {"uuid": "8f9aaf83a231456cb108e34fb23962ed", "format": "png", "created_at": "2015-09-23T22:04:55Z", "file": "images/2015/09/23/22ca7b1a54a040838c32643d64afaa48.png", "width": 3264, "height": 2448}, "pk": 12, "model": "alatting_website.image"}, {"fields": {"uuid": "e00f5c389f1b46948530079e368fa8d9", "format": "mp3", "created_at": "2015-09-23T21:59:22Z", "file": "music/2015/09/23/745f07fbc5014e54b9835bf5d985b5b8.mp3"}, "pk": 1, "model": "alatting_website.music"}, {"fields": {"uuid": "48f4b841f23d4db897e6f9c51bb86643", "format": "mp4", "created_at": "2015-09-23T22:10:21Z", "file": "videos/2015/09/23/4ca3bb5041bf4d059c5d270606ed4631.mp4", "preview": "/media/videos/2015/09/23/4ca3bb5041bf4d059c5d270606ed4631.jpg"}, "pk": 1, "model": "alatting_website.video"}, {"fields": {"name": "image_1", "poster": 1, "image": 2}, "pk": 1, "model": "alatting_website.posterimage"}, {"fields": {"name": "logo", "poster": 1, "image": 1}, "pk": 2, "model": "alatting_website.posterimage"}, {"fields": {"name": "image_3", "poster": 1, "image": 3}, "pk": 3, "model": "alatting_website.posterimage"}, {"fields": {"name": "image_4", "poster": 1, "image": 4}, "pk": 4, "model": "alatting_website.posterimage"}, {"fields": {"name": "image_5", "poster": 1, "image": 5}, "pk": 5, "model": "alatting_website.posterimage"}, {"fields": {"name": "image_6", "poster": 1, "image": 6}, "pk": 6, "model": "alatting_website.posterimage"}, {"fields": {"name": "image_7", "poster": 1, "image": 7}, "pk": 7, "model": "alatting_website.posterimage"}, {"fields": {"name": "image_8", "poster": 1, "image": 8}, "pk": 8, "model": "alatting_website.posterimage"}, {"fields": {"name": "image_9", "poster": 1, "image": 9}, "pk": 9, "model": "alatting_website.posterimage"}, {"fields": {"name": "image_10", "poster": 1, "image": 10}, "pk": 10, "model": "alatting_website.posterimage"}, {"fields": {"name": "image_11", "poster": 1, "image": 11}, "pk": 11, "model": "alatting_website.posterimage"}, {"fields": {"name": "image_2", "poster": 1, "image": 12}, "pk": 12, "model": "alatting_website.posterimage"}, {"fields": {"video": 1, "name": "video_1", "poster": 1}, "pk": 1, "model": "alatting_website.postervideo"}, {"fields": {"template": 1, "name": "COMPANY", "poster": 1, "index": 0}, "pk": 1, "model": "alatting_website.posterpage"}, {"fields": {"parent": null, "type": "", "description": "Activity / Party Invitation", "name": "Activity Invitation", "tags": ""}, "pk": 1, "model": "alatting_website.category"}, {"fields": {"parent": null, "type": "", "description": "Business Marketing", "name": "Business Marketing", "tags": ""}, "pk": 2, "model": "alatting_website.category"}, {"fields": {"parent": null, "type": "", "description": "Profuct Promotion", "name": "Product Promotion", "tags": ""}, "pk": 3, "model": "alatting_website.category"}, {"fields": {"parent": null, "type": "", "description": "Personal & Expert Brandin", "name": "Personal & Expert Branding", "tags": ""}, "pk": 4, "model": "alatting_website.category"}, {"fields": {"parent": 1, "type": "", "description": "Marriage Invitation", "name": "Marriage Invitation", "tags": ""}, "pk": 5, "model": "alatting_website.category"}, {"fields": {"parent": 1, "type": "", "description": "Dating Invitation", "name": "Dating Invitation", "tags": ""}, "pk": 6, "model": "alatting_website.category"}, {"fields": {"parent": 2, "type": "", "description": "Education Marketing", "name": "Education Marketing", "tags": ""}, "pk": 7, "model": "alatting_website.category"}, {"fields": {"parent": 2, "type": "", "description": "School Marketing", "name": "School Marketing", "tags": ""}, "pk": 8, "model": "alatting_website.category"}, {"fields": {"parent": 3, "type": "", "description": "Art Auctio", "name": "Art Auction", "tags": ""}, "pk": 9, "model": "alatting_website.category"}, {"fields": {"parent": 3, "type": "", "description": "Cosmetics Promotion", "name": "Cosmetics Promotion", "tags": ""}, "pk": 10, "model": "alatting_website.category"}, {"fields": {"parent": 4, "type": "", "description": "Lawyer Branding", "name": "Lawyer Branding", "tags": ""}, "pk": 11, "model": "alatting_website.category"}, {"fields": {"parent": 4, "type": "", "description": "Doctor Branding", "name": "Doctor Branding", "tags": ""}, "pk": 12, "model": "alatting_website.category"}, {"fields": {"parent": 1, "type": "", "description": "Birthday Invitation", "name": "Birthday Invitation", "tags": ""}, "pk": 13, "model": "alatting_website.category"}, {"fields": {"parent": 2, "type": "", "description": "Enterprise Marketing", "name": "Enterprise Marketing", "tags": ""}, "pk": 14, "model": "alatting_website.category"}, {"fields": {"parent": 3, "type": "", "description": "Car Promotion", "name": "Car Promotion", "tags": ""}, "pk": 15, "model": "alatting_website.category"}, {"fields": {"parent": 4, "type": "", "description": "Designer Branding", "name": "Designer Branding", "tags": ""}, "pk": 16, "model": "alatting_website.category"}, {"fields": {"updated_at": "2015-09-23T21:58:21Z", "country": "USA", "state": "CA", "address2": "", "post_code": "91007", "created_at": "2015-09-23T21:58:21Z", "address1": "2181 E Foothill Blvd", "city": "Pasadena"}, "pk": 1, "model": "alatting_website.address"}, {"fields": {"updated_at": "2015-09-23T21:58:43Z", "country": "USA", "state": "CA", "address2": "", "post_code": "91007", "created_at": "2015-09-23T21:58:43Z", "address1": "2181 E Foothill Blvd", "city": "Pasadena"}, "pk": 2, "model": "alatting_website.address"}, {"fields": {"name": "first"}, "pk": 1, "model": "alatting_website.template"}, {"fields": {"template": 1, "left": 0.0, "height": 49.0, "name": "top-left", "polygon": "0 0, 100% 0, 0 100%", "top": 0.0, "width": 63.5}, "pk": 1, "model": "alatting_website.templateregion"}, {"fields": {"template": 1, "left": 51.0, "height": 49.0, "name": "top-right", "polygon": "0 23.2%, 30.3% 0, 100% 0, 100% 100%", "top": 0.0, "width": 49.0}, "pk": 2, "model": "alatting_website.templateregion"}, {"fields": {"template": 1, "left": 0.0, "height": 84.58, "name": "middle", "polygon": "0 54.73%,0 45.27%, 50% 0, 100% 45.27%, 100% 54.73%, 50% 100%", "top": 12.06, "width": 100.0}, "pk": 3, "model": "alatting_website.templateregion"}, {"fields": {"template": 1, "left": 0.0, "height": 40.0, "name": "bottom-left", "polygon": "44% 44%, 100% 100%, 0 100%, 0 86%", "top": 60.0, "width": 52.0}, "pk": 4, "model": "alatting_website.templateregion"}, {"fields": {"template": 1, "left": 51.3, "height": 40.0, "name": "bottom-right", "polygon": "0 94%, 100% 0, 100% 100%, 6% 100%", "top": 60.0, "width": 48.7}, "pk": 5, "model": "alatting_website.templateregion"}, {"fields": {"name": "Can add log entry", "content_type": 1, "codename": "add_logentry"}, "pk": 1, "model": "auth.permission"}, {"fields": {"name": "Can change log entry", "content_type": 1, "codename": "change_logentry"}, "pk": 2, "model": "auth.permission"}, {"fields": {"name": "Can delete log entry", "content_type": 1, "codename": "delete_logentry"}, "pk": 3, "model": "auth.permission"}, {"fields": {"name": "Can add permission", "content_type": 2, "codename": "add_permission"}, "pk": 4, "model": "auth.permission"}, {"fields": {"name": "Can change permission", "content_type": 2, "codename": "change_permission"}, "pk": 5, "model": "auth.permission"}, {"fields": {"name": "Can delete permission", "content_type": 2, "codename": "delete_permission"}, "pk": 6, "model": "auth.permission"}, {"fields": {"name": "Can add group", "content_type": 3, "codename": "add_group"}, "pk": 7, "model": "auth.permission"}, {"fields": {"name": "Can change group", "content_type": 3, "codename": "change_group"}, "pk": 8, "model": "auth.permission"}, {"fields": {"name": "Can delete group", "content_type": 3, "codename": "delete_group"}, "pk": 9, "model": "auth.permission"}, {"fields": {"name": "Can add user", "content_type": 4, "codename": "add_user"}, "pk": 10, "model": "auth.permission"}, {"fields": {"name": "Can change user", "content_type": 4, "codename": "change_user"}, "pk": 11, "model": "auth.permission"}, {"fields": {"name": "Can delete user", "content_type": 4, "codename": "delete_user"}, "pk": 12, "model": "auth.permission"}, {"fields": {"name": "Can add content type", "content_type": 5, "codename": "add_contenttype"}, "pk": 13, "model": "auth.permission"}, {"fields": {"name": "Can change content type", "content_type": 5, "codename": "change_contenttype"}, "pk": 14, "model": "auth.permission"}, {"fields": {"name": "Can delete content type", "content_type": 5, "codename": "delete_contenttype"}, "pk": 15, "model": "auth.permission"}, {"fields": {"name": "Can add session", "content_type": 6, "codename": "add_session"}, "pk": 16, "model": "auth.permission"}, {"fields": {"name": "Can change session", "content_type": 6, "codename": "change_session"}, "pk": 17, "model": "auth.permission"}, {"fields": {"name": "Can delete session", "content_type": 6, "codename": "delete_session"}, "pk": 18, "model": "auth.permission"}, {"fields": {"name": "Can add task state", "content_type": 7, "codename": "add_taskmeta"}, "pk": 19, "model": "auth.permission"}, {"fields": {"name": "Can change task state", "content_type": 7, "codename": "change_taskmeta"}, "pk": 20, "model": "auth.permission"}, {"fields": {"name": "Can delete task state", "content_type": 7, "codename": "delete_taskmeta"}, "pk": 21, "model": "auth.permission"}, {"fields": {"name": "Can add saved group result", "content_type": 8, "codename": "add_tasksetmeta"}, "pk": 22, "model": "auth.permission"}, {"fields": {"name": "Can change saved group result", "content_type": 8, "codename": "change_tasksetmeta"}, "pk": 23, "model": "auth.permission"}, {"fields": {"name": "Can delete saved group result", "content_type": 8, "codename": "delete_tasksetmeta"}, "pk": 24, "model": "auth.permission"}, {"fields": {"name": "Can add interval", "content_type": 9, "codename": "add_intervalschedule"}, "pk": 25, "model": "auth.permission"}, {"fields": {"name": "Can change interval", "content_type": 9, "codename": "change_intervalschedule"}, "pk": 26, "model": "auth.permission"}, {"fields": {"name": "Can delete interval", "content_type": 9, "codename": "delete_intervalschedule"}, "pk": 27, "model": "auth.permission"}, {"fields": {"name": "Can add crontab", "content_type": 10, "codename": "add_crontabschedule"}, "pk": 28, "model": "auth.permission"}, {"fields": {"name": "Can change crontab", "content_type": 10, "codename": "change_crontabschedule"}, "pk": 29, "model": "auth.permission"}, {"fields": {"name": "Can delete crontab", "content_type": 10, "codename": "delete_crontabschedule"}, "pk": 30, "model": "auth.permission"}, {"fields": {"name": "Can add periodic tasks", "content_type": 11, "codename": "add_periodictasks"}, "pk": 31, "model": "auth.permission"}, {"fields": {"name": "Can change periodic tasks", "content_type": 11, "codename": "change_periodictasks"}, "pk": 32, "model": "auth.permission"}, {"fields": {"name": "Can delete periodic tasks", "content_type": 11, "codename": "delete_periodictasks"}, "pk": 33, "model": "auth.permission"}, {"fields": {"name": "Can add periodic task", "content_type": 12, "codename": "add_periodictask"}, "pk": 34, "model": "auth.permission"}, {"fields": {"name": "Can change periodic task", "content_type": 12, "codename": "change_periodictask"}, "pk": 35, "model": "auth.permission"}, {"fields": {"name": "Can delete periodic task", "content_type": 12, "codename": "delete_periodictask"}, "pk": 36, "model": "auth.permission"}, {"fields": {"name": "Can add worker", "content_type": 13, "codename": "add_workerstate"}, "pk": 37, "model": "auth.permission"}, {"fields": {"name": "Can change worker", "content_type": 13, "codename": "change_workerstate"}, "pk": 38, "model": "auth.permission"}, {"fields": {"name": "Can delete worker", "content_type": 13, "codename": "delete_workerstate"}, "pk": 39, "model": "auth.permission"}, {"fields": {"name": "Can add task", "content_type": 14, "codename": "add_taskstate"}, "pk": 40, "model": "auth.permission"}, {"fields": {"name": "Can change task", "content_type": 14, "codename": "change_taskstate"}, "pk": 41, "model": "auth.permission"}, {"fields": {"name": "Can delete task", "content_type": 14, "codename": "delete_taskstate"}, "pk": 42, "model": "auth.permission"}, {"fields": {"name": "Can add poster statistics", "content_type": 15, "codename": "add_posterstatistics"}, "pk": 43, "model": "auth.permission"}, {"fields": {"name": "Can change poster statistics", "content_type": 15, "codename": "change_posterstatistics"}, "pk": 44, "model": "auth.permission"}, {"fields": {"name": "Can delete poster statistics", "content_type": 15, "codename": "delete_posterstatistics"}, "pk": 45, "model": "auth.permission"}, {"fields": {"name": "Can add history statistics", "content_type": 16, "codename": "add_historystatistics"}, "pk": 46, "model": "auth.permission"}, {"fields": {"name": "Can change history statistics", "content_type": 16, "codename": "change_historystatistics"}, "pk": 47, "model": "auth.permission"}, {"fields": {"name": "Can delete history statistics", "content_type": 16, "codename": "delete_historystatistics"}, "pk": 48, "model": "auth.permission"}, {"fields": {"name": "Can add poster like", "content_type": 17, "codename": "add_posterlike"}, "pk": 49, "model": "auth.permission"}, {"fields": {"name": "Can change poster like", "content_type": 17, "codename": "change_posterlike"}, "pk": 50, "model": "auth.permission"}, {"fields": {"name": "Can delete poster like", "content_type": 17, "codename": "delete_posterlike"}, "pk": 51, "model": "auth.permission"}, {"fields": {"name": "Can add poster fun", "content_type": 18, "codename": "add_posterfun"}, "pk": 52, "model": "auth.permission"}, {"fields": {"name": "Can change poster fun", "content_type": 18, "codename": "change_posterfun"}, "pk": 53, "model": "auth.permission"}, {"fields": {"name": "Can delete poster fun", "content_type": 18, "codename": "delete_posterfun"}, "pk": 54, "model": "auth.permission"}, {"fields": {"name": "Can add rating", "content_type": 19, "codename": "add_rating"}, "pk": 55, "model": "auth.permission"}, {"fields": {"name": "Can change rating", "content_type": 19, "codename": "change_rating"}, "pk": 56, "model": "auth.permission"}, {"fields": {"name": "Can delete rating", "content_type": 19, "codename": "delete_rating"}, "pk": 57, "model": "auth.permission"}, {"fields": {"name": "Can add comment", "content_type": 20, "codename": "add_comment"}, "pk": 58, "model": "auth.permission"}, {"fields": {"name": "Can change comment", "content_type": 20, "codename": "change_comment"}, "pk": 59, "model": "auth.permission"}, {"fields": {"name": "Can delete comment", "content_type": 20, "codename": "delete_comment"}, "pk": 60, "model": "auth.permission"}, {"fields": {"name": "Can add image", "content_type": 21, "codename": "add_image"}, "pk": 61, "model": "auth.permission"}, {"fields": {"name": "Can change image", "content_type": 21, "codename": "change_image"}, "pk": 62, "model": "auth.permission"}, {"fields": {"name": "Can delete image", "content_type": 21, "codename": "delete_image"}, "pk": 63, "model": "auth.permission"}, {"fields": {"name": "Can add music", "content_type": 22, "codename": "add_music"}, "pk": 64, "model": "auth.permission"}, {"fields": {"name": "Can change music", "content_type": 22, "codename": "change_music"}, "pk": 65, "model": "auth.permission"}, {"fields": {"name": "Can delete music", "content_type": 22, "codename": "delete_music"}, "pk": 66, "model": "auth.permission"}, {"fields": {"name": "Can add video", "content_type": 23, "codename": "add_video"}, "pk": 67, "model": "auth.permission"}, {"fields": {"name": "Can change video", "content_type": 23, "codename": "change_video"}, "pk": 68, "model": "auth.permission"}, {"fields": {"name": "Can delete video", "content_type": 23, "codename": "delete_video"}, "pk": 69, "model": "auth.permission"}, {"fields": {"name": "Can add poster image", "content_type": 24, "codename": "add_posterimage"}, "pk": 70, "model": "auth.permission"}, {"fields": {"name": "Can change poster image", "content_type": 24, "codename": "change_posterimage"}, "pk": 71, "model": "auth.permission"}, {"fields": {"name": "Can delete poster image", "content_type": 24, "codename": "delete_posterimage"}, "pk": 72, "model": "auth.permission"}, {"fields": {"name": "Can add poster video", "content_type": 25, "codename": "add_postervideo"}, "pk": 73, "model": "auth.permission"}, {"fields": {"name": "Can change poster video", "content_type": 25, "codename": "change_postervideo"}, "pk": 74, "model": "auth.permission"}, {"fields": {"name": "Can delete poster video", "content_type": 25, "codename": "delete_postervideo"}, "pk": 75, "model": "auth.permission"}, {"fields": {"name": "Can add poster", "content_type": 26, "codename": "add_poster"}, "pk": 76, "model": "auth.permission"}, {"fields": {"name": "Can change poster", "content_type": 26, "codename": "change_poster"}, "pk": 77, "model": "auth.permission"}, {"fields": {"name": "Can delete poster", "content_type": 26, "codename": "delete_poster"}, "pk": 78, "model": "auth.permission"}, {"fields": {"name": "Can add poster page", "content_type": 27, "codename": "add_posterpage"}, "pk": 79, "model": "auth.permission"}, {"fields": {"name": "Can change poster page", "content_type": 27, "codename": "change_posterpage"}, "pk": 80, "model": "auth.permission"}, {"fields": {"name": "Can delete poster page", "content_type": 27, "codename": "delete_posterpage"}, "pk": 81, "model": "auth.permission"}, {"fields": {"name": "Can add page text", "content_type": 28, "codename": "add_pagetext"}, "pk": 82, "model": "auth.permission"}, {"fields": {"name": "Can change page text", "content_type": 28, "codename": "change_pagetext"}, "pk": 83, "model": "auth.permission"}, {"fields": {"name": "Can delete page text", "content_type": 28, "codename": "delete_pagetext"}, "pk": 84, "model": "auth.permission"}, {"fields": {"name": "Can add activity invitation", "content_type": 29, "codename": "add_activityinvitation"}, "pk": 85, "model": "auth.permission"}, {"fields": {"name": "Can change activity invitation", "content_type": 29, "codename": "change_activityinvitation"}, "pk": 86, "model": "auth.permission"}, {"fields": {"name": "Can delete activity invitation", "content_type": 29, "codename": "delete_activityinvitation"}, "pk": 87, "model": "auth.permission"}, {"fields": {"name": "Can add business marketing", "content_type": 30, "codename": "add_businessmarketing"}, "pk": 88, "model": "auth.permission"}, {"fields": {"name": "Can change business marketing", "content_type": 30, "codename": "change_businessmarketing"}, "pk": 89, "model": "auth.permission"}, {"fields": {"name": "Can delete business marketing", "content_type": 30, "codename": "delete_businessmarketing"}, "pk": 90, "model": "auth.permission"}, {"fields": {"name": "Can add product sell", "content_type": 31, "codename": "add_productsell"}, "pk": 91, "model": "auth.permission"}, {"fields": {"name": "Can change product sell", "content_type": 31, "codename": "change_productsell"}, "pk": 92, "model": "auth.permission"}, {"fields": {"name": "Can delete product sell", "content_type": 31, "codename": "delete_productsell"}, "pk": 93, "model": "auth.permission"}, {"fields": {"name": "Can add expert show", "content_type": 32, "codename": "add_expertshow"}, "pk": 94, "model": "auth.permission"}, {"fields": {"name": "Can change expert show", "content_type": 32, "codename": "change_expertshow"}, "pk": 95, "model": "auth.permission"}, {"fields": {"name": "Can delete expert show", "content_type": 32, "codename": "delete_expertshow"}, "pk": 96, "model": "auth.permission"}, {"fields": {"name": "Can add person", "content_type": 33, "codename": "add_person"}, "pk": 97, "model": "auth.permission"}, {"fields": {"name": "Can change person", "content_type": 33, "codename": "change_person"}, "pk": 98, "model": "auth.permission"}, {"fields": {"name": "Can delete person", "content_type": 33, "codename": "delete_person"}, "pk": 99, "model": "auth.permission"}, {"fields": {"name": "Can add category", "content_type": 34, "codename": "add_category"}, "pk": 100, "model": "auth.permission"}, {"fields": {"name": "Can change category", "content_type": 34, "codename": "change_category"}, "pk": 101, "model": "auth.permission"}, {"fields": {"name": "Can delete category", "content_type": 34, "codename": "delete_category"}, "pk": 102, "model": "auth.permission"}, {"fields": {"name": "Can add address", "content_type": 35, "codename": "add_address"}, "pk": 103, "model": "auth.permission"}, {"fields": {"name": "Can change address", "content_type": 35, "codename": "change_address"}, "pk": 104, "model": "auth.permission"}, {"fields": {"name": "Can delete address", "content_type": 35, "codename": "delete_address"}, "pk": 105, "model": "auth.permission"}, {"fields": {"name": "Can add template", "content_type": 36, "codename": "add_template"}, "pk": 106, "model": "auth.permission"}, {"fields": {"name": "Can change template", "content_type": 36, "codename": "change_template"}, "pk": 107, "model": "auth.permission"}, {"fields": {"name": "Can delete template", "content_type": 36, "codename": "delete_template"}, "pk": 108, "model": "auth.permission"}, {"fields": {"name": "Can add template region", "content_type": 37, "codename": "add_templateregion"}, "pk": 109, "model": "auth.permission"}, {"fields": {"name": "Can change template region", "content_type": 37, "codename": "change_templateregion"}, "pk": 110, "model": "auth.permission"}, {"fields": {"name": "Can delete template region", "content_type": 37, "codename": "delete_templateregion"}, "pk": 111, "model": "auth.permission"}, {"fields": {"email": "caobaohua@gmail.com", "is_active": true, "last_login": "2015-11-10T01:18:08Z", "is_superuser": true, "is_staff": true, "date_joined": "2015-11-10T01:17:59Z", "password": "pbkdf2_sha256$20000$hpeZiDProOzt$wBzJNflSTvSZJvQ9UtX45EOnA6dt1uKIXWHrPESpNS4=", "user_permissions": [], "username": "bob", "groups": [], "last_name": "", "first_name": ""}, "pk": 1, "model": "auth.user"}, {"fields": {"email": "info@alatting.com", "is_active": true, "last_login": null, "is_superuser": true, "is_staff": true, "date_joined": "2015-09-25T23:56:10Z", "password": "pbkdf2_sha256$20000$96ZJivpEupx1$0oaDVJjj2U4dYXVwEbfM6OxHBs/upPK5TkMCnYgx2D4=", "user_permissions": [], "username": "alatting", "groups": [], "last_name": "cao", "first_name": "baohua"}, "pk": 2, "model": "auth.user"}, {"fields": {"email": "jerry@alatting.com", "is_active": true, "last_login": "2015-11-18T03:15:02Z", "is_superuser": false, "is_staff": false, "date_joined": "2015-11-12T02:59:07Z", "password": "pbkdf2_sha256$20000$sqGeDA69uXfx$Hpd+V3HRgj/pga4cXRaHKE86qVTUSo+c7Kh+GWtbgAo=", "user_permissions": [], "username": "jerry", "groups": [], "last_name": "chen", "first_name": "jerry"}, "pk": 3, "model": "auth.user"}, {"fields": {"email": "info@info.com", "is_active": true, "last_login": "2016-01-16T02:51:04Z", "is_superuser": true, "is_staff": true, "date_joined": "2015-09-23T21:55:09Z", "password": "pbkdf2_sha256$20000$cwDEKFgBpPx7$OiNEBJHLcouJRit+kMhK8wZcH4VZcrh7TORyHyrUTMs=", "user_permissions": [], "username": "info", "groups": [], "last_name": "", "first_name": ""}, "pk": 4, "model": "auth.user"}, {"fields": {"email": "admin@admin.com", "is_active": true, "last_login": "2016-04-05T05:46:00.749Z", "is_superuser": true, "is_staff": true, "date_joined": "2016-04-05T05:45:28.471Z", "password": "pbkdf2_sha256$20000$3ye5zaGQFiGS$Linwz3KkUm71Mx+et+6tSICakfod8ldn6hyWGRVP9nk=", "user_permissions": [], "username": "admin", "groups": [], "last_name": "", "first_name": ""}, "pk": 5, "model": "auth.user"}, {"fields": {"avatar": "avatars/avatar.png", "gender": "Male"}, "pk": 1, "model": "alatting_website.person"}, {"fields": {"avatar": "avatars/2015/11/09/86ecc17e58f4461fbcaee510e44cbc9f.png", "gender": "Male"}, "pk": 2, "model": "alatting_website.person"}, {"fields": {"email": "info@alatting.com", "address": 2, "logo_title": "\u963f\u62c9\u9f0e\u9ad8\u79d1\u56fd\u9645\u80a1\u4efd\u6709\u9650\u516c\u53f8", "unique_name": "alatting", "html": "html5/2015/09/23/47b3768339674065b427545f63a224f7.json", "css": "html5/2015/09/23/47b3768339674065b427545f63a224f7.css", "created_at": "2015-09-23T22:01:33Z", "mobile": "2134006368", "lifetime_type": "specific_days", "creator": 4, "phone": "3234444444", "logo_image": 1, "lifetime_value": "{\"2015-11-23\": {\"time_start\": \"08:00 am\", \"enabled\": 1,\"time_end\": \"09:00 pm\", \"message\": \"Funding opening day and project demonstration\"}}", "height": 1024, "short_description": "\u963f\u62c9\u9f0e\u603b\u90e8\u4f4d\u4e8e\u7f8e\u56fd\u6d1b\u6749\u77f6,\u4e13\u6ce8\u667a\u80fd\u6d77\u62a5\u8425\u9500", "width": 800, "lifetime_timezone": "America/Los_Angeles", "music": 1, "data": "html5/2015/09/23/47b3768339674065b427545f63a224f7.json", "tags": "", "main_category": 2, "sub_category": 14, "status": "Active", "script": "html5/2015/09/23/47b3768339674065b427545f63a224f7.js", "url": "www.alatting.com"}, "pk": 1, "model": "alatting_website.poster"}, {"fields": {"parent": null, "created_at": "2015-11-09T22:16:48Z", "title": "Good company", "content": "This is a nice place to work!", "creator": 2, "poster": 1}, "pk": 1, "model": "alatting_website.comment"}, {"fields": {"parent": null, "created_at": "2015-11-09T22:17:57Z", "title": "Super awesome!", "content": "This is an international company!", "creator": 1, "poster": 1}, "pk": 2, "model": "alatting_website.comment"}, {"fields": {"rate": 3, "creator": 4, "created_at": "2016-01-16T02:51:24Z", "poster": 1}, "pk": 1, "model": "alatting_website.rating"}]