[{"model": "auth.permission", "pk": 1, "fields": {"name": "Can add log entry", "content_type": 1, "codename": "add_logentry"}}, {"model": "auth.permission", "pk": 2, "fields": {"name": "Can change log entry", "content_type": 1, "codename": "change_logentry"}}, {"model": "auth.permission", "pk": 3, "fields": {"name": "Can delete log entry", "content_type": 1, "codename": "delete_logentry"}}, {"model": "auth.permission", "pk": 4, "fields": {"name": "Can add permission", "content_type": 2, "codename": "add_permission"}}, {"model": "auth.permission", "pk": 5, "fields": {"name": "Can change permission", "content_type": 2, "codename": "change_permission"}}, {"model": "auth.permission", "pk": 6, "fields": {"name": "Can delete permission", "content_type": 2, "codename": "delete_permission"}}, {"model": "auth.permission", "pk": 7, "fields": {"name": "Can add group", "content_type": 3, "codename": "add_group"}}, {"model": "auth.permission", "pk": 8, "fields": {"name": "Can change group", "content_type": 3, "codename": "change_group"}}, {"model": "auth.permission", "pk": 9, "fields": {"name": "Can delete group", "content_type": 3, "codename": "delete_group"}}, {"model": "auth.permission", "pk": 10, "fields": {"name": "Can add user", "content_type": 4, "codename": "add_user"}}, {"model": "auth.permission", "pk": 11, "fields": {"name": "Can change user", "content_type": 4, "codename": "change_user"}}, {"model": "auth.permission", "pk": 12, "fields": {"name": "Can delete user", "content_type": 4, "codename": "delete_user"}}, {"model": "auth.permission", "pk": 13, "fields": {"name": "Can add content type", "content_type": 5, "codename": "add_contenttype"}}, {"model": "auth.permission", "pk": 14, "fields": {"name": "Can change content type", "content_type": 5, "codename": "change_contenttype"}}, {"model": "auth.permission", "pk": 15, "fields": {"name": "Can delete content type", "content_type": 5, "codename": "delete_contenttype"}}, {"model": "auth.permission", "pk": 16, "fields": {"name": "Can add session", "content_type": 6, "codename": "add_session"}}, {"model": "auth.permission", "pk": 17, "fields": {"name": "Can change session", "content_type": 6, "codename": "change_session"}}, {"model": "auth.permission", "pk": 18, "fields": {"name": "Can delete session", "content_type": 6, "codename": "delete_session"}}, {"model": "auth.permission", "pk": 19, "fields": {"name": "Can add task state", "content_type": 7, "codename": "add_taskmeta"}}, {"model": "auth.permission", "pk": 20, "fields": {"name": "Can change task state", "content_type": 7, "codename": "change_taskmeta"}}, {"model": "auth.permission", "pk": 21, "fields": {"name": "Can delete task state", "content_type": 7, "codename": "delete_taskmeta"}}, {"model": "auth.permission", "pk": 22, "fields": {"name": "Can add saved group result", "content_type": 8, "codename": "add_tasksetmeta"}}, {"model": "auth.permission", "pk": 23, "fields": {"name": "Can change saved group result", "content_type": 8, "codename": "change_tasksetmeta"}}, {"model": "auth.permission", "pk": 24, "fields": {"name": "Can delete saved group result", "content_type": 8, "codename": "delete_tasksetmeta"}}, {"model": "auth.permission", "pk": 25, "fields": {"name": "Can add interval", "content_type": 9, "codename": "add_intervalschedule"}}, {"model": "auth.permission", "pk": 26, "fields": {"name": "Can change interval", "content_type": 9, "codename": "change_intervalschedule"}}, {"model": "auth.permission", "pk": 27, "fields": {"name": "Can delete interval", "content_type": 9, "codename": "delete_intervalschedule"}}, {"model": "auth.permission", "pk": 28, "fields": {"name": "Can add crontab", "content_type": 10, "codename": "add_crontabschedule"}}, {"model": "auth.permission", "pk": 29, "fields": {"name": "Can change crontab", "content_type": 10, "codename": "change_crontabschedule"}}, {"model": "auth.permission", "pk": 30, "fields": {"name": "Can delete crontab", "content_type": 10, "codename": "delete_crontabschedule"}}, {"model": "auth.permission", "pk": 31, "fields": {"name": "Can add periodic tasks", "content_type": 11, "codename": "add_periodictasks"}}, {"model": "auth.permission", "pk": 32, "fields": {"name": "Can change periodic tasks", "content_type": 11, "codename": "change_periodictasks"}}, {"model": "auth.permission", "pk": 33, "fields": {"name": "Can delete periodic tasks", "content_type": 11, "codename": "delete_periodictasks"}}, {"model": "auth.permission", "pk": 34, "fields": {"name": "Can add periodic task", "content_type": 12, "codename": "add_periodictask"}}, {"model": "auth.permission", "pk": 35, "fields": {"name": "Can change periodic task", "content_type": 12, "codename": "change_periodictask"}}, {"model": "auth.permission", "pk": 36, "fields": {"name": "Can delete periodic task", "content_type": 12, "codename": "delete_periodictask"}}, {"model": "auth.permission", "pk": 37, "fields": {"name": "Can add worker", "content_type": 13, "codename": "add_workerstate"}}, {"model": "auth.permission", "pk": 38, "fields": {"name": "Can change worker", "content_type": 13, "codename": "change_workerstate"}}, {"model": "auth.permission", "pk": 39, "fields": {"name": "Can delete worker", "content_type": 13, "codename": "delete_workerstate"}}, {"model": "auth.permission", "pk": 40, "fields": {"name": "Can add task", "content_type": 14, "codename": "add_taskstate"}}, {"model": "auth.permission", "pk": 41, "fields": {"name": "Can change task", "content_type": 14, "codename": "change_taskstate"}}, {"model": "auth.permission", "pk": 42, "fields": {"name": "Can delete task", "content_type": 14, "codename": "delete_taskstate"}}, {"model": "auth.permission", "pk": 43, "fields": {"name": "Can add poster statistics", "content_type": 15, "codename": "add_posterstatistics"}}, {"model": "auth.permission", "pk": 44, "fields": {"name": "Can change poster statistics", "content_type": 15, "codename": "change_posterstatistics"}}, {"model": "auth.permission", "pk": 45, "fields": {"name": "Can delete poster statistics", "content_type": 15, "codename": "delete_posterstatistics"}}, {"model": "auth.permission", "pk": 46, "fields": {"name": "Can add history statistics", "content_type": 16, "codename": "add_historystatistics"}}, {"model": "auth.permission", "pk": 47, "fields": {"name": "Can change history statistics", "content_type": 16, "codename": "change_historystatistics"}}, {"model": "auth.permission", "pk": 48, "fields": {"name": "Can delete history statistics", "content_type": 16, "codename": "delete_historystatistics"}}, {"model": "auth.permission", "pk": 49, "fields": {"name": "Can add poster like", "content_type": 17, "codename": "add_posterlike"}}, {"model": "auth.permission", "pk": 50, "fields": {"name": "Can change poster like", "content_type": 17, "codename": "change_posterlike"}}, {"model": "auth.permission", "pk": 51, "fields": {"name": "Can delete poster like", "content_type": 17, "codename": "delete_posterlike"}}, {"model": "auth.permission", "pk": 52, "fields": {"name": "Can add poster fun", "content_type": 18, "codename": "add_posterfun"}}, {"model": "auth.permission", "pk": 53, "fields": {"name": "Can change poster fun", "content_type": 18, "codename": "change_posterfun"}}, {"model": "auth.permission", "pk": 54, "fields": {"name": "Can delete poster fun", "content_type": 18, "codename": "delete_posterfun"}}, {"model": "auth.permission", "pk": 55, "fields": {"name": "Can add rating", "content_type": 19, "codename": "add_rating"}}, {"model": "auth.permission", "pk": 56, "fields": {"name": "Can change rating", "content_type": 19, "codename": "change_rating"}}, {"model": "auth.permission", "pk": 57, "fields": {"name": "Can delete rating", "content_type": 19, "codename": "delete_rating"}}, {"model": "auth.permission", "pk": 58, "fields": {"name": "Can add comment", "content_type": 20, "codename": "add_comment"}}, {"model": "auth.permission", "pk": 59, "fields": {"name": "Can change comment", "content_type": 20, "codename": "change_comment"}}, {"model": "auth.permission", "pk": 60, "fields": {"name": "Can delete comment", "content_type": 20, "codename": "delete_comment"}}, {"model": "auth.permission", "pk": 61, "fields": {"name": "Can add image", "content_type": 21, "codename": "add_image"}}, {"model": "auth.permission", "pk": 62, "fields": {"name": "Can change image", "content_type": 21, "codename": "change_image"}}, {"model": "auth.permission", "pk": 63, "fields": {"name": "Can delete image", "content_type": 21, "codename": "delete_image"}}, {"model": "auth.permission", "pk": 64, "fields": {"name": "Can add music", "content_type": 22, "codename": "add_music"}}, {"model": "auth.permission", "pk": 65, "fields": {"name": "Can change music", "content_type": 22, "codename": "change_music"}}, {"model": "auth.permission", "pk": 66, "fields": {"name": "Can delete music", "content_type": 22, "codename": "delete_music"}}, {"model": "auth.permission", "pk": 67, "fields": {"name": "Can add video", "content_type": 23, "codename": "add_video"}}, {"model": "auth.permission", "pk": 68, "fields": {"name": "Can change video", "content_type": 23, "codename": "change_video"}}, {"model": "auth.permission", "pk": 69, "fields": {"name": "Can delete video", "content_type": 23, "codename": "delete_video"}}, {"model": "auth.permission", "pk": 70, "fields": {"name": "Can add poster image", "content_type": 24, "codename": "add_posterimage"}}, {"model": "auth.permission", "pk": 71, "fields": {"name": "Can change poster image", "content_type": 24, "codename": "change_posterimage"}}, {"model": "auth.permission", "pk": 72, "fields": {"name": "Can delete poster image", "content_type": 24, "codename": "delete_posterimage"}}, {"model": "auth.permission", "pk": 73, "fields": {"name": "Can add poster video", "content_type": 25, "codename": "add_postervideo"}}, {"model": "auth.permission", "pk": 74, "fields": {"name": "Can change poster video", "content_type": 25, "codename": "change_postervideo"}}, {"model": "auth.permission", "pk": 75, "fields": {"name": "Can delete poster video", "content_type": 25, "codename": "delete_postervideo"}}, {"model": "auth.permission", "pk": 76, "fields": {"name": "Can add poster", "content_type": 26, "codename": "add_poster"}}, {"model": "auth.permission", "pk": 77, "fields": {"name": "Can change poster", "content_type": 26, "codename": "change_poster"}}, {"model": "auth.permission", "pk": 78, "fields": {"name": "Can delete poster", "content_type": 26, "codename": "delete_poster"}}, {"model": "auth.permission", "pk": 79, "fields": {"name": "Can add poster page", "content_type": 27, "codename": "add_posterpage"}}, {"model": "auth.permission", "pk": 80, "fields": {"name": "Can change poster page", "content_type": 27, "codename": "change_posterpage"}}, {"model": "auth.permission", "pk": 81, "fields": {"name": "Can delete poster page", "content_type": 27, "codename": "delete_posterpage"}}, {"model": "auth.permission", "pk": 82, "fields": {"name": "Can add page text", "content_type": 28, "codename": "add_pagetext"}}, {"model": "auth.permission", "pk": 83, "fields": {"name": "Can change page text", "content_type": 28, "codename": "change_pagetext"}}, {"model": "auth.permission", "pk": 84, "fields": {"name": "Can delete page text", "content_type": 28, "codename": "delete_pagetext"}}, {"model": "auth.permission", "pk": 85, "fields": {"name": "Can add activity invitation", "content_type": 29, "codename": "add_activityinvitation"}}, {"model": "auth.permission", "pk": 86, "fields": {"name": "Can change activity invitation", "content_type": 29, "codename": "change_activityinvitation"}}, {"model": "auth.permission", "pk": 87, "fields": {"name": "Can delete activity invitation", "content_type": 29, "codename": "delete_activityinvitation"}}, {"model": "auth.permission", "pk": 88, "fields": {"name": "Can add business marketing", "content_type": 30, "codename": "add_businessmarketing"}}, {"model": "auth.permission", "pk": 89, "fields": {"name": "Can change business marketing", "content_type": 30, "codename": "change_businessmarketing"}}, {"model": "auth.permission", "pk": 90, "fields": {"name": "Can delete business marketing", "content_type": 30, "codename": "delete_businessmarketing"}}, {"model": "auth.permission", "pk": 91, "fields": {"name": "Can add product sell", "content_type": 31, "codename": "add_productsell"}}, {"model": "auth.permission", "pk": 92, "fields": {"name": "Can change product sell", "content_type": 31, "codename": "change_productsell"}}, {"model": "auth.permission", "pk": 93, "fields": {"name": "Can delete product sell", "content_type": 31, "codename": "delete_productsell"}}, {"model": "auth.permission", "pk": 94, "fields": {"name": "Can add expert show", "content_type": 32, "codename": "add_expertshow"}}, {"model": "auth.permission", "pk": 95, "fields": {"name": "Can change expert show", "content_type": 32, "codename": "change_expertshow"}}, {"model": "auth.permission", "pk": 96, "fields": {"name": "Can delete expert show", "content_type": 32, "codename": "delete_expertshow"}}, {"model": "auth.permission", "pk": 97, "fields": {"name": "Can add person", "content_type": 33, "codename": "add_person"}}, {"model": "auth.permission", "pk": 98, "fields": {"name": "Can change person", "content_type": 33, "codename": "change_person"}}, {"model": "auth.permission", "pk": 99, "fields": {"name": "Can delete person", "content_type": 33, "codename": "delete_person"}}, {"model": "auth.permission", "pk": 100, "fields": {"name": "Can add category", "content_type": 34, "codename": "add_category"}}, {"model": "auth.permission", "pk": 101, "fields": {"name": "Can change category", "content_type": 34, "codename": "change_category"}}, {"model": "auth.permission", "pk": 102, "fields": {"name": "Can delete category", "content_type": 34, "codename": "delete_category"}}, {"model": "auth.permission", "pk": 103, "fields": {"name": "Can add address", "content_type": 35, "codename": "add_address"}}, {"model": "auth.permission", "pk": 104, "fields": {"name": "Can change address", "content_type": 35, "codename": "change_address"}}, {"model": "auth.permission", "pk": 105, "fields": {"name": "Can delete address", "content_type": 35, "codename": "delete_address"}}, {"model": "auth.permission", "pk": 106, "fields": {"name": "Can add template", "content_type": 36, "codename": "add_template"}}, {"model": "auth.permission", "pk": 107, "fields": {"name": "Can change template", "content_type": 36, "codename": "change_template"}}, {"model": "auth.permission", "pk": 108, "fields": {"name": "Can delete template", "content_type": 36, "codename": "delete_template"}}, {"model": "auth.permission", "pk": 109, "fields": {"name": "Can add template region", "content_type": 37, "codename": "add_templateregion"}}, {"model": "auth.permission", "pk": 110, "fields": {"name": "Can change template region", "content_type": 37, "codename": "change_templateregion"}}, {"model": "auth.permission", "pk": 111, "fields": {"name": "Can delete template region", "content_type": 37, "codename": "delete_templateregion"}}, {"model": "auth.permission", "pk": 112, "fields": {"name": "Can add poster favorites", "content_type": 38, "codename": "add_posterfavorites"}}, {"model": "auth.permission", "pk": 113, "fields": {"name": "Can change poster favorites", "content_type": 38, "codename": "change_posterfavorites"}}, {"model": "auth.permission", "pk": 114, "fields": {"name": "Can delete poster favorites", "content_type": 38, "codename": "delete_posterfavorites"}}, {"model": "auth.permission", "pk": 115, "fields": {"name": "Can add business card", "content_type": 39, "codename": "add_businesscard"}}, {"model": "auth.permission", "pk": 116, "fields": {"name": "Can change business card", "content_type": 39, "codename": "change_businesscard"}}, {"model": "auth.permission", "pk": 117, "fields": {"name": "Can delete business card", "content_type": 39, "codename": "delete_businesscard"}}, {"model": "auth.permission", "pk": 118, "fields": {"name": "Can add poster more link", "content_type": 40, "codename": "add_postermorelink"}}, {"model": "auth.permission", "pk": 119, "fields": {"name": "Can change poster more link", "content_type": 40, "codename": "change_postermorelink"}}, {"model": "auth.permission", "pk": 120, "fields": {"name": "Can delete poster more link", "content_type": 40, "codename": "delete_postermorelink"}}, {"model": "auth.user", "pk": 1, "fields": {"last_name": "", "is_active": true, "date_joined": "2015-11-10T01:17:59Z", "groups": [], "email": "caobaohua@gmail.com", "is_staff": true, "is_superuser": true, "user_permissions": [], "last_login": "2015-11-10T01:18:08Z", "password": "pbkdf2_sha256$20000$hpeZiDProOzt$wBzJNflSTvSZJvQ9UtX45EOnA6dt1uKIXWHrPESpNS4=", "username": "bob", "first_name": ""}}, {"model": "auth.user", "pk": 2, "fields": {"last_name": "cao", "is_active": true, "date_joined": "2015-09-25T23:56:10Z", "groups": [], "email": "info@alatting.com", "is_staff": true, "is_superuser": true, "user_permissions": [], "last_login": null, "password": "pbkdf2_sha256$20000$96ZJivpEupx1$0oaDVJjj2U4dYXVwEbfM6OxHBs/upPK5TkMCnYgx2D4=", "username": "alatting", "first_name": "baohua"}}, {"model": "auth.user", "pk": 3, "fields": {"last_name": "chen", "is_active": true, "date_joined": "2015-11-12T02:59:07Z", "groups": [], "email": "jerry@alatting.com", "is_staff": false, "is_superuser": false, "user_permissions": [], "last_login": "2015-11-18T03:15:02Z", "password": "pbkdf2_sha256$20000$sqGeDA69uXfx$Hpd+V3HRgj/pga4cXRaHKE86qVTUSo+c7Kh+GWtbgAo=", "username": "jerry", "first_name": "jerry"}}, {"model": "auth.user", "pk": 4, "fields": {"last_name": "", "is_active": true, "date_joined": "2015-09-23T21:55:09Z", "groups": [], "email": "info@info.com", "is_staff": true, "is_superuser": true, "user_permissions": [], "last_login": "2016-04-13T03:12:29Z", "password": "pbkdf2_sha256$20000$cwDEKFgBpPx7$OiNEBJHLcouJRit+kMhK8wZcH4VZcrh7TORyHyrUTMs=", "username": "info", "first_name": ""}}, {"model": "auth.user", "pk": 5, "fields": {"last_name": "", "is_active": true, "date_joined": "2016-04-05T05:45:28Z", "groups": [], "email": "admin@admin.com", "is_staff": true, "is_superuser": true, "user_permissions": [], "last_login": "2016-04-20T03:40:30Z", "password": "pbkdf2_sha256$20000$3ye5zaGQFiGS$Linwz3KkUm71Mx+et+6tSICakfod8ldn6hyWGRVP9nk=", "username": "admin", "first_name": ""}}, {"model": "alatting_website.posterstatistics", "pk": 1, "fields": {"fun_review_score": 0.0, "ratings_total": 11, "twitter_shared_count": 0, "facebook_shared_count": 3, "two_count": 0, "three_count": 2, "email_contacted_count": 0, "likes_count": 0, "fun_survey_score": 0.0, "scans_count": 0, "map_contacted_count": 0, "four_count": 1, "phone_contacted_count": 0, "complains_count": 0, "linkedin_shared_count": 0, "ratings_count": 4, "one_count": 1, "favorites_count": 0, "five_count": 0, "updated_at": null, "created_at": "2015-11-21T03:15:48Z", "email_shared_count": 3, "google_shared_count": 0, "views_count": 703, "pinterest_shared_count": 0, "fun_count": 1}}, {"model": "alatting_website.posterstatistics", "pk": 6, "fields": {"fun_review_score": 0.0, "ratings_total": 3, "twitter_shared_count": 0, "facebook_shared_count": 2, "two_count": 0, "three_count": 1, "email_contacted_count": 0, "likes_count": 1, "fun_survey_score": 0.0, "scans_count": 0, "map_contacted_count": 0, "four_count": 0, "phone_contacted_count": 0, "complains_count": 0, "linkedin_shared_count": 0, "ratings_count": 1, "one_count": 0, "favorites_count": 0, "five_count": 0, "updated_at": "2016-04-11T07:55:50Z", "created_at": "2016-04-11T07:55:50Z", "email_shared_count": 4, "google_shared_count": 0, "views_count": 684, "pinterest_shared_count": 0, "fun_count": 1}}, {"model": "alatting_website.historystatistics", "pk": 1, "fields": {"fun_review_score": 0.0, "ratings_total": 0, "twitter_shared_count": 0, "facebook_shared_count": 0, "two_count": 0, "three_count": 0, "email_contacted_count": 0, "likes_count": 0, "fun_survey_score": 0.0, "scans_count": 0, "map_contacted_count": 0, "four_count": 0, "phone_contacted_count": 0, "complains_count": 0, "linkedin_shared_count": 0, "ratings_count": 0, "one_count": 0, "favorites_count": 0, "five_count": 0, "updated_at": null, "created_at": "2015-11-27T19:13:37Z", "email_shared_count": 0, "google_shared_count": 0, "views_count": 0, "pinterest_shared_count": 0, "fun_count": 0}}, {"model": "alatting_website.historystatistics", "pk": 6, "fields": {"fun_review_score": 0.0, "ratings_total": 0, "twitter_shared_count": 0, "facebook_shared_count": 0, "two_count": 0, "three_count": 0, "email_contacted_count": 0, "likes_count": 0, "fun_survey_score": 0.0, "scans_count": 0, "map_contacted_count": 0, "four_count": 0, "phone_contacted_count": 0, "complains_count": 0, "linkedin_shared_count": 0, "ratings_count": 0, "one_count": 0, "favorites_count": 0, "five_count": 0, "updated_at": "2016-04-11T07:55:50Z", "created_at": "2016-04-11T07:55:50Z", "email_shared_count": 0, "google_shared_count": 0, "views_count": 0, "pinterest_shared_count": 0, "fun_count": 0}}, {"model": "alatting_website.posterlike", "pk": 1, "fields": {"liked": true, "poster": 6, "creator": 5}}, {"model": "alatting_website.posterfun", "pk": 1, "fields": {"ip_address": "192.168.1.105", "poster": 6}}, {"model": "alatting_website.posterfun", "pk": 2, "fields": {"ip_address": "192.168.5.1", "poster": 1}}, {"model": "alatting_website.rating", "pk": 1, "fields": {"rate": 3, "poster": 1, "created_at": "2016-01-16T02:51:24Z", "creator": 4}}, {"model": "alatting_website.rating", "pk": 2, "fields": {"rate": 3, "poster": 6, "created_at": "2016-04-11T09:02:51Z", "creator": 5}}, {"model": "alatting_website.comment", "pk": 1, "fields": {"parent": null, "created_at": "2015-11-09T22:16:48Z", "creator": 2, "title": "Good company", "poster": 1, "content": "This is a nice place to work!"}}, {"model": "alatting_website.comment", "pk": 2, "fields": {"parent": null, "created_at": "2015-11-09T22:17:57Z", "creator": 1, "title": "Super awesome!", "poster": 1, "content": "This is an international company!"}}, {"model": "alatting_website.image", "pk": 1, "fields": {"created_at": "2015-09-23T21:56:48Z", "height": 128, "file": "images/2015/09/23/92180490f431414e9b160002d91f15db.png", "uuid": "a14f859435c34577acd1abaa609698a0", "width": 594, "format": "png"}}, {"model": "alatting_website.image", "pk": 2, "fields": {"created_at": "2015-09-23T22:02:25Z", "height": 1440, "file": "images/2015/09/23/2bcd27648100432e8c86d193271591cf.png", "uuid": "8167084b575e497cab36fd54e56c6665", "width": 1920, "format": "png"}}, {"model": "alatting_website.image", "pk": 3, "fields": {"created_at": "2015-09-23T22:02:39Z", "height": 775, "file": "images/2015/09/23/4c795e20ec2f489d862a79a5a428826b.PNG", "uuid": "d853a5c31b5945a098d7e4daed81556d", "width": 1460, "format": "PNG"}}, {"model": "alatting_website.image", "pk": 4, "fields": {"created_at": "2015-09-23T22:02:43Z", "height": 909, "file": "images/2015/09/23/eab0c4ef73704536b3e026475a1aae67.PNG", "uuid": "7b6b26263c2245fd8d9f5c725d4a32b9", "width": 991, "format": "PNG"}}, {"model": "alatting_website.image", "pk": 5, "fields": {"created_at": "2015-09-23T22:02:47Z", "height": 906, "file": "images/2015/09/23/7b7837c7bfbc47eba950952ff1490b06.PNG", "uuid": "d9478b15a40f46e9bfae38194dd50eb0", "width": 1026, "format": "PNG"}}, {"model": "alatting_website.image", "pk": 6, "fields": {"created_at": "2015-09-23T22:03:08Z", "height": 781, "file": "images/2015/09/23/ba39ba074c294f409e0d96244829b5ee.PNG", "uuid": "3334826e3cd04832a3378b8f49e4c170", "width": 1013, "format": "PNG"}}, {"model": "alatting_website.image", "pk": 7, "fields": {"created_at": "2015-09-23T22:03:22Z", "height": 2448, "file": "images/2015/09/23/c1ef0a0998b24b42bfbead5151e1148b.PNG", "uuid": "7fcf9aa2e5614d1b9a09ab2548512bdc", "width": 3264, "format": "PNG"}}, {"model": "alatting_website.image", "pk": 8, "fields": {"created_at": "2015-09-23T22:03:46Z", "height": 3264, "file": "images/2015/09/23/9b284ac9954b4e8b8779fe088d9b55f8.png", "uuid": "6de839654b3e4461a7a973ba5b05a2b0", "width": 2448, "format": "png"}}, {"model": "alatting_website.image", "pk": 9, "fields": {"created_at": "2015-09-23T22:04:06Z", "height": 2448, "file": "images/2015/09/23/0d2c62213b844e29970abb69c7eaccf6.png", "uuid": "0ac5117d7b3b4e2f8d7d87030233ab75", "width": 2448, "format": "png"}}, {"model": "alatting_website.image", "pk": 10, "fields": {"created_at": "2015-09-23T22:04:16Z", "height": 1333, "file": "images/2015/09/23/62e4733884394971a7615fc173236acd.png", "uuid": "a84043037f2447649a8baa14db8bc1e3", "width": 2000, "format": "png"}}, {"model": "alatting_website.image", "pk": 11, "fields": {"created_at": "2015-09-23T22:04:26Z", "height": 1333, "file": "images/2015/09/23/f375ac8eb4f548a9a43f203daf2336c0.png", "uuid": "67f7ae9b91b742779f2c2cdae5f4ef85", "width": 2000, "format": "png"}}, {"model": "alatting_website.image", "pk": 12, "fields": {"created_at": "2015-09-23T22:04:55Z", "height": 2448, "file": "images/2015/09/23/22ca7b1a54a040838c32643d64afaa48.png", "uuid": "8f9aaf83a231456cb108e34fb23962ed", "width": 3264, "format": "png"}}, {"model": "alatting_website.image", "pk": 13, "fields": {"created_at": "2016-04-11T07:43:09Z", "height": 108, "file": "images/2016/04/11/1b5d5a323bfe4f96a3f23fb042ff4cd2.jpg", "uuid": "45e04523415e418c84709eaa0785eee9", "width": 108, "format": "jpg"}}, {"model": "alatting_website.image", "pk": 15, "fields": {"created_at": "2016-04-12T03:14:52Z", "height": 248, "file": "images/2016/04/12/3d4601961f894c2883e83241dec83223.png", "uuid": "abc6a4ce7b464951b52a71fe50833417", "width": 562, "format": "png"}}, {"model": "alatting_website.image", "pk": 16, "fields": {"created_at": "2016-04-13T06:46:11Z", "height": 388, "file": "images/2016/04/13/0bfe3317931f4a1bbc5ce85055b1d17d.png", "uuid": "d8aee392cc6a475390d92592c594cc4c", "width": 871, "format": "png"}}, {"model": "alatting_website.image", "pk": 17, "fields": {"created_at": "2016-04-13T07:01:58Z", "height": 487, "file": "images/2016/04/13/94246f0b6ad24eb4996a904c7f1602e5.jpg", "uuid": "accf80b6a59c498486d49b1f9e155dc5", "width": 1242, "format": "jpg"}}, {"model": "alatting_website.image", "pk": 18, "fields": {"created_at": "2016-04-13T07:05:04Z", "height": 489, "file": "images/2016/04/13/559b90b8e85d4ad4af44c6d075f388a7.jpg", "uuid": "0bf1f4a2503e45a8ba93df07f2ea5c42", "width": 1242, "format": "jpg"}}, {"model": "alatting_website.image", "pk": 19, "fields": {"created_at": "2016-04-13T09:13:39Z", "height": 201, "file": "images/2016/04/13/58fb7a64deb44877803d8269279041e8.jpg", "uuid": "4e7b877f5c444fd3b385c032579b3436", "width": 1242, "format": "jpg"}}, {"model": "alatting_website.image", "pk": 20, "fields": {"created_at": "2016-04-15T17:08:54Z", "height": 247, "file": "images/2016/04/15/48ef83d76806479aa40932766545143b.png", "uuid": "bfcd79575e634e14b03ed8af0a1fbbe5", "width": 1237, "format": "png"}}, {"model": "alatting_website.image", "pk": 21, "fields": {"created_at": "2016-04-15T17:09:44Z", "height": 645, "file": "images/2016/04/15/8a630176740b4a9a8342519b631f9352.png", "uuid": "d4f4b78c20354d38aa029c34ad73664d", "width": 645, "format": "png"}}, {"model": "alatting_website.image", "pk": 22, "fields": {"created_at": "2016-04-15T17:10:11Z", "height": 935, "file": "images/2016/04/15/15588b5bb19f4518abb21269eccc9ba7.png", "uuid": "0a02db77c88c42eca88fddff71d873c3", "width": 638, "format": "png"}}, {"model": "alatting_website.image", "pk": 23, "fields": {"created_at": "2016-04-15T17:11:24Z", "height": 1440, "file": "images/2016/04/15/976f1990232e48a397c25d0199f9b5ab.jpg", "uuid": "9f0d495d471046eeacfe002990cab6b7", "width": 1920, "format": "jpg"}}, {"model": "alatting_website.image", "pk": 24, "fields": {"created_at": "2016-04-15T17:11:53Z", "height": 1600, "file": "images/2016/04/15/4ae5f59f35a54882a3e255500393b69f.jpg", "uuid": "f4e24ecd04f44c378596c7edc8272e75", "width": 2400, "format": "jpg"}}, {"model": "alatting_website.image", "pk": 25, "fields": {"created_at": "2016-04-15T17:12:15Z", "height": 2300, "file": "images/2016/04/15/2a54e533ebb14b56a88acb430dce6553.jpg", "uuid": "9d7af3c268854aeb9cbb39986fa622ed", "width": 2100, "format": "jpg"}}, {"model": "alatting_website.music", "pk": 1, "fields": {"uuid": "e00f5c389f1b46948530079e368fa8d9", "format": "mp3", "created_at": "2015-09-23T21:59:22Z", "file": "music/2015/09/23/745f07fbc5014e54b9835bf5d985b5b8.mp3"}}, {"model": "alatting_website.video", "pk": 1, "fields": {"uuid": "48f4b841f23d4db897e6f9c51bb86643", "format": "mp4", "created_at": "2015-09-23T22:10:21Z", "preview": "/media/videos/2015/09/23/4ca3bb5041bf4d059c5d270606ed4631.jpg", "file": "videos/2015/09/23/4ca3bb5041bf4d059c5d270606ed4631.mp4"}}, {"model": "alatting_website.video", "pk": 3, "fields": {"uuid": "c7ebf1810c524edb9fdb5cb1d50d783f", "format": "mp4", "created_at": "2016-04-13T04:08:01Z", "preview": "/media/videos/2016/04/13/96ca4b251a384459b439b8107091d1c3.jpg", "file": "videos/2016/04/13/96ca4b251a384459b439b8107091d1c3.mp4"}}, {"model": "alatting_website.video", "pk": 4, "fields": {"uuid": "86cf24739fe24020b9363f0d03d2e308", "format": "mp4", "created_at": "2016-04-13T10:31:48Z", "preview": "/media/videos/2016/04/13/c37a13ce9508463f863cc1f48ae1f2e7.jpg", "file": "videos/2016/04/13/c37a13ce9508463f863cc1f48ae1f2e7.mp4"}}, {"model": "alatting_website.posterimage", "pk": 1, "fields": {"image": 2, "poster": 1, "name": "image_1"}}, {"model": "alatting_website.posterimage", "pk": 2, "fields": {"image": 1, "poster": 1, "name": "logo"}}, {"model": "alatting_website.posterimage", "pk": 3, "fields": {"image": 3, "poster": 1, "name": "image_3"}}, {"model": "alatting_website.posterimage", "pk": 4, "fields": {"image": 4, "poster": 1, "name": "image_4"}}, {"model": "alatting_website.posterimage", "pk": 5, "fields": {"image": 5, "poster": 1, "name": "image_5"}}, {"model": "alatting_website.posterimage", "pk": 6, "fields": {"image": 6, "poster": 1, "name": "image_6"}}, {"model": "alatting_website.posterimage", "pk": 7, "fields": {"image": 7, "poster": 1, "name": "image_7"}}, {"model": "alatting_website.posterimage", "pk": 8, "fields": {"image": 8, "poster": 1, "name": "image_8"}}, {"model": "alatting_website.posterimage", "pk": 9, "fields": {"image": 9, "poster": 1, "name": "image_9"}}, {"model": "alatting_website.posterimage", "pk": 10, "fields": {"image": 10, "poster": 1, "name": "image_10"}}, {"model": "alatting_website.posterimage", "pk": 11, "fields": {"image": 11, "poster": 1, "name": "image_11"}}, {"model": "alatting_website.posterimage", "pk": 12, "fields": {"image": 12, "poster": 1, "name": "image_2"}}, {"model": "alatting_website.posterimage", "pk": 13, "fields": {"image": 15, "poster": 6, "name": "logo"}}, {"model": "alatting_website.posterimage", "pk": 14, "fields": {"image": 16, "poster": 6, "name": "banner3551"}}, {"model": "alatting_website.posterimage", "pk": 15, "fields": {"image": 17, "poster": 6, "name": "slider3551_image_1"}}, {"model": "alatting_website.posterimage", "pk": 16, "fields": {"image": 18, "poster": 6, "name": "slider3551_image_2"}}, {"model": "alatting_website.posterimage", "pk": 17, "fields": {"image": 19, "poster": 6, "name": "bottom3551"}}, {"model": "alatting_website.posterimage", "pk": 18, "fields": {"image": 22, "poster": 1, "name": "stats"}}, {"model": "alatting_website.posterimage", "pk": 19, "fields": {"image": 21, "poster": 1, "name": "contact"}}, {"model": "alatting_website.posterimage", "pk": 20, "fields": {"image": 20, "poster": 1, "name": "body_text"}}, {"model": "alatting_website.posterimage", "pk": 21, "fields": {"image": 24, "poster": 1, "name": "people"}}, {"model": "alatting_website.posterimage", "pk": 22, "fields": {"image": 25, "poster": 1, "name": "posters"}}, {"model": "alatting_website.posterimage", "pk": 23, "fields": {"image": 23, "poster": 1, "name": "introduction"}}, {"model": "alatting_website.postervideo", "pk": 1, "fields": {"name": "video_1", "poster": 1, "video": 1}}, {"model": "alatting_website.postervideo", "pk": 3, "fields": {"name": "plan3551", "poster": 6, "video": 3}}, {"model": "alatting_website.poster", "pk": 1, "fields": {"mobile": "2134006368", "script": "html5/2015/09/23/47b3768339674065b427545f63a224f7.js", "sub_category": 14, "short_description": "\u963f\u62c9\u9f0e\u603b\u90e8\u4f4d\u4e8e\u7f8e\u56fd\u6d1b\u6749\u77f6,\u4e13\u6ce8\u667a\u80fd\u6d77\u62a5\u8425\u9500", "tags": "", "logo_title": "\u963f\u62c9\u9f0e\u9ad8\u79d1\u56fd\u9645\u80a1\u4efd\u6709\u9650\u516c\u53f8", "logo_image": 1, "status": "Active", "html": "html5/2015/09/23/47b3768339674065b427545f63a224f7.json", "main_category": 2, "music": 1, "width": 800, "css": "html5/2015/09/23/47b3768339674065b427545f63a224f7.css", "height": 1024, "lifetime_timezone": "America/Los_Angeles", "creator": 4, "unique_name": "alatting", "phone": "3234444444", "lifetime_value": "{\"2015-11-23\": {\"time_start\": \"08:00 am\", \"enabled\": 1,\"time_end\": \"09:00 pm\", \"message\": \"Funding opening day and project demonstration\"}}", "created_at": "2015-09-23T22:01:33Z", "url": "www.alatting.com", "email": "info@alatting.com", "lifetime_type": "specific_days", "address": 2, "data": "html5/2015/09/23/47b3768339674065b427545f63a224f7.json"}}, {"model": "alatting_website.poster", "pk": 6, "fields": {"mobile": "13800138000", "script": "", "sub_category": 1, "short_description": "\u201c3551\u5149\u8c37\u4eba\u624d\u8ba1\u5212\u201d - \u6b66\u6c49\u4e1c\u6e56\u9ad8\u65b0\u533a\u542f\u52a8\u4e4b\u5f15\u624d\u8ba1\u5212", "tags": "3551", "logo_title": "3551\u5149\u8c37\u4eba\u624d\u8ba1\u5212", "logo_image": 15, "status": "Draft", "html": "html5/2016/04/13/7da62f47b96e4af3a6beacac7e2acbc9.json", "main_category": 1, "music": null, "width": 800, "css": "html5/2016/04/12/96d55ee0b5ad43c2ad23fb89efb2c9a9.css", "height": 1024, "lifetime_timezone": "Asia/Shanghai", "creator": 5, "unique_name": "3551", "phone": "87280808", "lifetime_value": "UTC", "created_at": "2016-04-11T07:55:50Z", "url": "http://www.yunye123.com", "email": "abc@yunye123.com", "lifetime_type": "weekly", "address": 3, "data": ""}}, {"model": "alatting_website.posterpage", "pk": 1, "fields": {"name": "COMPANY", "poster": 1, "index": 0, "template": 3}}, {"model": "alatting_website.posterpage", "pk": 2, "fields": {"name": "3551Project", "poster": 6, "index": 0, "template": 2}}, {"model": "alatting_website.pagetext", "pk": 1, "fields": {"name": "3551project_text", "poster": 6, "content": "3551\u4eba\u624d\u8ba1\u5212", "poster_page": 2}}, {"model": "alatting_website.activityinvitation", "pk": 6, "fields": {"activity_status": "coming", "parking_notice_message": "", "activity_start_time": "2016-04-11T07:55:52Z", "need_pre_notification": true, "activity_end_time": "2016-04-11T07:55:52Z", "invitation_message": "", "accepted_count": 0, "activity_reminder_message": "", "special_description": "", "pre_minutes_to_notify": 0, "rejected_count": 0}}, {"model": "alatting_website.postermorelink", "pk": 1, "fields": {"link": "#", "template": 2, "name": "more", "poster": 6, "index": 0, "content": "\u66f4\u591a\u4e86\u89e3"}}, {"model": "alatting_website.postermorelink", "pk": 2, "fields": {"link": "#", "template": 2, "name": "contact", "poster": 6, "index": 1, "content": "\u8054\u7cfb\u65b9\u5f0f"}}, {"model": "alatting_website.person", "pk": 1, "fields": {"gender": "Male", "avatar": "avatars/avatar.png"}}, {"model": "alatting_website.person", "pk": 2, "fields": {"gender": "Male", "avatar": "avatars/2015/11/09/86ecc17e58f4461fbcaee510e44cbc9f.png"}}, {"model": "alatting_website.category", "pk": 1, "fields": {"name": "Activity Invitation", "parent": null, "description": "Activity / Party Invitation", "tags": "", "type": "Activity"}}, {"model": "alatting_website.category", "pk": 2, "fields": {"name": "Business Marketing", "parent": null, "description": "Business Marketing", "tags": "", "type": ""}}, {"model": "alatting_website.category", "pk": 3, "fields": {"name": "Product Promotion", "parent": null, "description": "Profuct Promotion", "tags": "", "type": ""}}, {"model": "alatting_website.category", "pk": 4, "fields": {"name": "Personal & Expert Branding", "parent": null, "description": "Personal & Expert Brandin", "tags": "", "type": ""}}, {"model": "alatting_website.category", "pk": 5, "fields": {"name": "Marriage Invitation", "parent": 1, "description": "Marriage Invitation", "tags": "", "type": ""}}, {"model": "alatting_website.category", "pk": 6, "fields": {"name": "Dating Invitation", "parent": 1, "description": "Dating Invitation", "tags": "", "type": ""}}, {"model": "alatting_website.category", "pk": 7, "fields": {"name": "Education Marketing", "parent": 2, "description": "Education Marketing", "tags": "", "type": ""}}, {"model": "alatting_website.category", "pk": 8, "fields": {"name": "School Marketing", "parent": 2, "description": "School Marketing", "tags": "", "type": ""}}, {"model": "alatting_website.category", "pk": 9, "fields": {"name": "Art Auction", "parent": 3, "description": "Art Auctio", "tags": "", "type": ""}}, {"model": "alatting_website.category", "pk": 10, "fields": {"name": "Cosmetics Promotion", "parent": 3, "description": "Cosmetics Promotion", "tags": "", "type": ""}}, {"model": "alatting_website.category", "pk": 11, "fields": {"name": "Lawyer Branding", "parent": 4, "description": "Lawyer Branding", "tags": "", "type": ""}}, {"model": "alatting_website.category", "pk": 12, "fields": {"name": "Doctor Branding", "parent": 4, "description": "Doctor Branding", "tags": "", "type": ""}}, {"model": "alatting_website.category", "pk": 13, "fields": {"name": "Birthday Invitation", "parent": 1, "description": "Birthday Invitation", "tags": "", "type": ""}}, {"model": "alatting_website.category", "pk": 14, "fields": {"name": "Enterprise Marketing", "parent": 2, "description": "Enterprise Marketing", "tags": "", "type": ""}}, {"model": "alatting_website.category", "pk": 15, "fields": {"name": "Car Promotion", "parent": 3, "description": "Car Promotion", "tags": "", "type": ""}}, {"model": "alatting_website.category", "pk": 16, "fields": {"name": "Designer Branding", "parent": 4, "description": "Designer Branding", "tags": "", "type": ""}}, {"model": "alatting_website.category", "pk": 17, "fields": {"name": "aa", "parent": 1, "description": "aaa", "tags": "adfd", "type": "Business"}}, {"model": "alatting_website.address", "pk": 1, "fields": {"post_code": "91007", "updated_at": "2015-09-23T21:58:21Z", "created_at": "2015-09-23T21:58:21Z", "address2": "", "state": "CA", "country": "USA", "address1": "2181 E Foothill Blvd", "city": "Pasadena"}}, {"model": "alatting_website.address", "pk": 2, "fields": {"post_code": "91007", "updated_at": "2015-09-23T21:58:43Z", "created_at": "2015-09-23T21:58:43Z", "address2": "", "state": "CA", "country": "USA", "address1": "2181 E Foothill Blvd", "city": "Pasadena"}}, {"model": "alatting_website.address", "pk": 3, "fields": {"post_code": "430070", "updated_at": "2016-04-11T07:44:41Z", "created_at": "2016-04-11T07:44:41Z", "address2": "", "state": "\u6e56\u5317", "country": "\u4e2d\u56fd", "address1": "\u6b66\u6c49\u5149\u8c37\u56fd\u9645\u5e7f\u573a", "city": "\u6b66\u6c49"}}, {"model": "alatting_website.template", "pk": 1, "fields": {"name": "first"}}, {"model": "alatting_website.template", "pk": 2, "fields": {"name": "yunye"}}, {"model": "alatting_website.template", "pk": 3, "fields": {"name": "alatting"}}, {"model": "alatting_website.templateregion", "pk": 1, "fields": {"top": 0.0, "height": 49.0, "template": 1, "name": "top-left", "polygon": "0 0, 100% 0, 0 100%", "left": 0.0, "width": 63.5}}, {"model": "alatting_website.templateregion", "pk": 2, "fields": {"top": 0.0, "height": 49.0, "template": 1, "name": "top-right", "polygon": "0 23.2%, 30.3% 0, 100% 0, 100% 100%", "left": 51.0, "width": 49.0}}, {"model": "alatting_website.templateregion", "pk": 3, "fields": {"top": 12.06, "height": 84.58, "template": 1, "name": "middle", "polygon": "0 54.73%,0 45.27%, 50% 0, 100% 45.27%, 100% 54.73%, 50% 100%", "left": 0.0, "width": 100.0}}, {"model": "alatting_website.templateregion", "pk": 4, "fields": {"top": 60.0, "height": 40.0, "template": 1, "name": "bottom-left", "polygon": "44% 44%, 100% 100%, 0 100%, 0 86%", "left": 0.0, "width": 52.0}}, {"model": "alatting_website.templateregion", "pk": 5, "fields": {"top": 60.0, "height": 40.0, "template": 1, "name": "bottom-right", "polygon": "0 94%, 100% 0, 100% 100%, 6% 100%", "left": 51.3, "width": 48.7}}, {"model": "alatting_website.templateregion", "pk": 6, "fields": {"top": 0.0, "height": 30.0, "template": 2, "name": "videos", "polygon": "", "left": 0.0, "width": 100.0}}, {"model": "alatting_website.templateregion", "pk": 7, "fields": {"top": 30.0, "height": 30.0, "template": 2, "name": "banner", "polygon": "", "left": 0.0, "width": 100.0}}, {"model": "alatting_website.templateregion", "pk": 8, "fields": {"top": 60.0, "height": 30.0, "template": 2, "name": "slider", "polygon": "", "left": 0.0, "width": 100.0}}, {"model": "alatting_website.templateregion", "pk": 9, "fields": {"top": 90.0, "height": 17.0, "template": 2, "name": "bottom", "polygon": "", "left": 0.0, "width": 100.0}}, {"model": "alatting_website.templateregion", "pk": 10, "fields": {"top": 0.0, "height": 42.0, "template": 3, "name": "top-left", "polygon": "", "left": 0.0, "width": 50.0}}, {"model": "alatting_website.templateregion", "pk": 11, "fields": {"top": 0.0, "height": 42.0, "template": 3, "name": "top-right", "polygon": "", "left": 50.0, "width": 50.0}}, {"model": "alatting_website.templateregion", "pk": 12, "fields": {"top": 42.0, "height": 16.0, "template": 3, "name": "middle", "polygon": "", "left": 0.0, "width": 100.0}}, {"model": "alatting_website.templateregion", "pk": 13, "fields": {"top": 58.0, "height": 42.0, "template": 3, "name": "bottom-left", "polygon": "", "left": 0.0, "width": 50.0}}, {"model": "alatting_website.templateregion", "pk": 14, "fields": {"top": 58.0, "height": 42.0, "template": 3, "name": "bottom-right", "polygon": "", "left": 50.0, "width": 50.0}}]