[{"fields": {"name": "Can add log entry", "codename": "add_logentry", "content_type": 1}, "model": "auth.permission", "pk": 1}, {"fields": {"name": "Can change log entry", "codename": "change_logentry", "content_type": 1}, "model": "auth.permission", "pk": 2}, {"fields": {"name": "Can delete log entry", "codename": "delete_logentry", "content_type": 1}, "model": "auth.permission", "pk": 3}, {"fields": {"name": "Can add permission", "codename": "add_permission", "content_type": 2}, "model": "auth.permission", "pk": 4}, {"fields": {"name": "Can change permission", "codename": "change_permission", "content_type": 2}, "model": "auth.permission", "pk": 5}, {"fields": {"name": "Can delete permission", "codename": "delete_permission", "content_type": 2}, "model": "auth.permission", "pk": 6}, {"fields": {"name": "Can add group", "codename": "add_group", "content_type": 3}, "model": "auth.permission", "pk": 7}, {"fields": {"name": "Can change group", "codename": "change_group", "content_type": 3}, "model": "auth.permission", "pk": 8}, {"fields": {"name": "Can delete group", "codename": "delete_group", "content_type": 3}, "model": "auth.permission", "pk": 9}, {"fields": {"name": "Can add user", "codename": "add_user", "content_type": 4}, "model": "auth.permission", "pk": 10}, {"fields": {"name": "Can change user", "codename": "change_user", "content_type": 4}, "model": "auth.permission", "pk": 11}, {"fields": {"name": "Can delete user", "codename": "delete_user", "content_type": 4}, "model": "auth.permission", "pk": 12}, {"fields": {"name": "Can add content type", "codename": "add_contenttype", "content_type": 5}, "model": "auth.permission", "pk": 13}, {"fields": {"name": "Can change content type", "codename": "change_contenttype", "content_type": 5}, "model": "auth.permission", "pk": 14}, {"fields": {"name": "Can delete content type", "codename": "delete_contenttype", "content_type": 5}, "model": "auth.permission", "pk": 15}, {"fields": {"name": "Can add session", "codename": "add_session", "content_type": 6}, "model": "auth.permission", "pk": 16}, {"fields": {"name": "Can change session", "codename": "change_session", "content_type": 6}, "model": "auth.permission", "pk": 17}, {"fields": {"name": "Can delete session", "codename": "delete_session", "content_type": 6}, "model": "auth.permission", "pk": 18}, {"fields": {"name": "Can add task state", "codename": "add_taskmeta", "content_type": 7}, "model": "auth.permission", "pk": 19}, {"fields": {"name": "Can change task state", "codename": "change_taskmeta", "content_type": 7}, "model": "auth.permission", "pk": 20}, {"fields": {"name": "Can delete task state", "codename": "delete_taskmeta", "content_type": 7}, "model": "auth.permission", "pk": 21}, {"fields": {"name": "Can add saved group result", "codename": "add_tasksetmeta", "content_type": 8}, "model": "auth.permission", "pk": 22}, {"fields": {"name": "Can change saved group result", "codename": "change_tasksetmeta", "content_type": 8}, "model": "auth.permission", "pk": 23}, {"fields": {"name": "Can delete saved group result", "codename": "delete_tasksetmeta", "content_type": 8}, "model": "auth.permission", "pk": 24}, {"fields": {"name": "Can add interval", "codename": "add_intervalschedule", "content_type": 9}, "model": "auth.permission", "pk": 25}, {"fields": {"name": "Can change interval", "codename": "change_intervalschedule", "content_type": 9}, "model": "auth.permission", "pk": 26}, {"fields": {"name": "Can delete interval", "codename": "delete_intervalschedule", "content_type": 9}, "model": "auth.permission", "pk": 27}, {"fields": {"name": "Can add crontab", "codename": "add_crontabschedule", "content_type": 10}, "model": "auth.permission", "pk": 28}, {"fields": {"name": "Can change crontab", "codename": "change_crontabschedule", "content_type": 10}, "model": "auth.permission", "pk": 29}, {"fields": {"name": "Can delete crontab", "codename": "delete_crontabschedule", "content_type": 10}, "model": "auth.permission", "pk": 30}, {"fields": {"name": "Can add periodic tasks", "codename": "add_periodictasks", "content_type": 11}, "model": "auth.permission", "pk": 31}, {"fields": {"name": "Can change periodic tasks", "codename": "change_periodictasks", "content_type": 11}, "model": "auth.permission", "pk": 32}, {"fields": {"name": "Can delete periodic tasks", "codename": "delete_periodictasks", "content_type": 11}, "model": "auth.permission", "pk": 33}, {"fields": {"name": "Can add periodic task", "codename": "add_periodictask", "content_type": 12}, "model": "auth.permission", "pk": 34}, {"fields": {"name": "Can change periodic task", "codename": "change_periodictask", "content_type": 12}, "model": "auth.permission", "pk": 35}, {"fields": {"name": "Can delete periodic task", "codename": "delete_periodictask", "content_type": 12}, "model": "auth.permission", "pk": 36}, {"fields": {"name": "Can add worker", "codename": "add_workerstate", "content_type": 13}, "model": "auth.permission", "pk": 37}, {"fields": {"name": "Can change worker", "codename": "change_workerstate", "content_type": 13}, "model": "auth.permission", "pk": 38}, {"fields": {"name": "Can delete worker", "codename": "delete_workerstate", "content_type": 13}, "model": "auth.permission", "pk": 39}, {"fields": {"name": "Can add task", "codename": "add_taskstate", "content_type": 14}, "model": "auth.permission", "pk": 40}, {"fields": {"name": "Can change task", "codename": "change_taskstate", "content_type": 14}, "model": "auth.permission", "pk": 41}, {"fields": {"name": "Can delete task", "codename": "delete_taskstate", "content_type": 14}, "model": "auth.permission", "pk": 42}, {"fields": {"name": "Can add poster statistics", "codename": "add_posterstatistics", "content_type": 15}, "model": "auth.permission", "pk": 43}, {"fields": {"name": "Can change poster statistics", "codename": "change_posterstatistics", "content_type": 15}, "model": "auth.permission", "pk": 44}, {"fields": {"name": "Can delete poster statistics", "codename": "delete_posterstatistics", "content_type": 15}, "model": "auth.permission", "pk": 45}, {"fields": {"name": "Can add history statistics", "codename": "add_historystatistics", "content_type": 16}, "model": "auth.permission", "pk": 46}, {"fields": {"name": "Can change history statistics", "codename": "change_historystatistics", "content_type": 16}, "model": "auth.permission", "pk": 47}, {"fields": {"name": "Can delete history statistics", "codename": "delete_historystatistics", "content_type": 16}, "model": "auth.permission", "pk": 48}, {"fields": {"name": "Can add poster like", "codename": "add_posterlike", "content_type": 17}, "model": "auth.permission", "pk": 49}, {"fields": {"name": "Can change poster like", "codename": "change_posterlike", "content_type": 17}, "model": "auth.permission", "pk": 50}, {"fields": {"name": "Can delete poster like", "codename": "delete_posterlike", "content_type": 17}, "model": "auth.permission", "pk": 51}, {"fields": {"name": "Can add poster fun", "codename": "add_posterfun", "content_type": 18}, "model": "auth.permission", "pk": 52}, {"fields": {"name": "Can change poster fun", "codename": "change_posterfun", "content_type": 18}, "model": "auth.permission", "pk": 53}, {"fields": {"name": "Can delete poster fun", "codename": "delete_posterfun", "content_type": 18}, "model": "auth.permission", "pk": 54}, {"fields": {"name": "Can add rating", "codename": "add_rating", "content_type": 19}, "model": "auth.permission", "pk": 55}, {"fields": {"name": "Can change rating", "codename": "change_rating", "content_type": 19}, "model": "auth.permission", "pk": 56}, {"fields": {"name": "Can delete rating", "codename": "delete_rating", "content_type": 19}, "model": "auth.permission", "pk": 57}, {"fields": {"name": "Can add comment", "codename": "add_comment", "content_type": 20}, "model": "auth.permission", "pk": 58}, {"fields": {"name": "Can change comment", "codename": "change_comment", "content_type": 20}, "model": "auth.permission", "pk": 59}, {"fields": {"name": "Can delete comment", "codename": "delete_comment", "content_type": 20}, "model": "auth.permission", "pk": 60}, {"fields": {"name": "Can add image", "codename": "add_image", "content_type": 21}, "model": "auth.permission", "pk": 61}, {"fields": {"name": "Can change image", "codename": "change_image", "content_type": 21}, "model": "auth.permission", "pk": 62}, {"fields": {"name": "Can delete image", "codename": "delete_image", "content_type": 21}, "model": "auth.permission", "pk": 63}, {"fields": {"name": "Can add music", "codename": "add_music", "content_type": 22}, "model": "auth.permission", "pk": 64}, {"fields": {"name": "Can change music", "codename": "change_music", "content_type": 22}, "model": "auth.permission", "pk": 65}, {"fields": {"name": "Can delete music", "codename": "delete_music", "content_type": 22}, "model": "auth.permission", "pk": 66}, {"fields": {"name": "Can add video", "codename": "add_video", "content_type": 23}, "model": "auth.permission", "pk": 67}, {"fields": {"name": "Can change video", "codename": "change_video", "content_type": 23}, "model": "auth.permission", "pk": 68}, {"fields": {"name": "Can delete video", "codename": "delete_video", "content_type": 23}, "model": "auth.permission", "pk": 69}, {"fields": {"name": "Can add poster image", "codename": "add_posterimage", "content_type": 24}, "model": "auth.permission", "pk": 70}, {"fields": {"name": "Can change poster image", "codename": "change_posterimage", "content_type": 24}, "model": "auth.permission", "pk": 71}, {"fields": {"name": "Can delete poster image", "codename": "delete_posterimage", "content_type": 24}, "model": "auth.permission", "pk": 72}, {"fields": {"name": "Can add poster video", "codename": "add_postervideo", "content_type": 25}, "model": "auth.permission", "pk": 73}, {"fields": {"name": "Can change poster video", "codename": "change_postervideo", "content_type": 25}, "model": "auth.permission", "pk": 74}, {"fields": {"name": "Can delete poster video", "codename": "delete_postervideo", "content_type": 25}, "model": "auth.permission", "pk": 75}, {"fields": {"name": "Can add poster", "codename": "add_poster", "content_type": 26}, "model": "auth.permission", "pk": 76}, {"fields": {"name": "Can change poster", "codename": "change_poster", "content_type": 26}, "model": "auth.permission", "pk": 77}, {"fields": {"name": "Can delete poster", "codename": "delete_poster", "content_type": 26}, "model": "auth.permission", "pk": 78}, {"fields": {"name": "Can add poster page", "codename": "add_posterpage", "content_type": 27}, "model": "auth.permission", "pk": 79}, {"fields": {"name": "Can change poster page", "codename": "change_posterpage", "content_type": 27}, "model": "auth.permission", "pk": 80}, {"fields": {"name": "Can delete poster page", "codename": "delete_posterpage", "content_type": 27}, "model": "auth.permission", "pk": 81}, {"fields": {"name": "Can add page text", "codename": "add_pagetext", "content_type": 28}, "model": "auth.permission", "pk": 82}, {"fields": {"name": "Can change page text", "codename": "change_pagetext", "content_type": 28}, "model": "auth.permission", "pk": 83}, {"fields": {"name": "Can delete page text", "codename": "delete_pagetext", "content_type": 28}, "model": "auth.permission", "pk": 84}, {"fields": {"name": "Can add activity invitation", "codename": "add_activityinvitation", "content_type": 29}, "model": "auth.permission", "pk": 85}, {"fields": {"name": "Can change activity invitation", "codename": "change_activityinvitation", "content_type": 29}, "model": "auth.permission", "pk": 86}, {"fields": {"name": "Can delete activity invitation", "codename": "delete_activityinvitation", "content_type": 29}, "model": "auth.permission", "pk": 87}, {"fields": {"name": "Can add business marketing", "codename": "add_businessmarketing", "content_type": 30}, "model": "auth.permission", "pk": 88}, {"fields": {"name": "Can change business marketing", "codename": "change_businessmarketing", "content_type": 30}, "model": "auth.permission", "pk": 89}, {"fields": {"name": "Can delete business marketing", "codename": "delete_businessmarketing", "content_type": 30}, "model": "auth.permission", "pk": 90}, {"fields": {"name": "Can add product sell", "codename": "add_productsell", "content_type": 31}, "model": "auth.permission", "pk": 91}, {"fields": {"name": "Can change product sell", "codename": "change_productsell", "content_type": 31}, "model": "auth.permission", "pk": 92}, {"fields": {"name": "Can delete product sell", "codename": "delete_productsell", "content_type": 31}, "model": "auth.permission", "pk": 93}, {"fields": {"name": "Can add expert show", "codename": "add_expertshow", "content_type": 32}, "model": "auth.permission", "pk": 94}, {"fields": {"name": "Can change expert show", "codename": "change_expertshow", "content_type": 32}, "model": "auth.permission", "pk": 95}, {"fields": {"name": "Can delete expert show", "codename": "delete_expertshow", "content_type": 32}, "model": "auth.permission", "pk": 96}, {"fields": {"name": "Can add person", "codename": "add_person", "content_type": 33}, "model": "auth.permission", "pk": 97}, {"fields": {"name": "Can change person", "codename": "change_person", "content_type": 33}, "model": "auth.permission", "pk": 98}, {"fields": {"name": "Can delete person", "codename": "delete_person", "content_type": 33}, "model": "auth.permission", "pk": 99}, {"fields": {"name": "Can add category", "codename": "add_category", "content_type": 34}, "model": "auth.permission", "pk": 100}, {"fields": {"name": "Can change category", "codename": "change_category", "content_type": 34}, "model": "auth.permission", "pk": 101}, {"fields": {"name": "Can delete category", "codename": "delete_category", "content_type": 34}, "model": "auth.permission", "pk": 102}, {"fields": {"name": "Can add address", "codename": "add_address", "content_type": 35}, "model": "auth.permission", "pk": 103}, {"fields": {"name": "Can change address", "codename": "change_address", "content_type": 35}, "model": "auth.permission", "pk": 104}, {"fields": {"name": "Can delete address", "codename": "delete_address", "content_type": 35}, "model": "auth.permission", "pk": 105}, {"fields": {"name": "Can add template", "codename": "add_template", "content_type": 36}, "model": "auth.permission", "pk": 106}, {"fields": {"name": "Can change template", "codename": "change_template", "content_type": 36}, "model": "auth.permission", "pk": 107}, {"fields": {"name": "Can delete template", "codename": "delete_template", "content_type": 36}, "model": "auth.permission", "pk": 108}, {"fields": {"name": "Can add template region", "codename": "add_templateregion", "content_type": 37}, "model": "auth.permission", "pk": 109}, {"fields": {"name": "Can change template region", "codename": "change_templateregion", "content_type": 37}, "model": "auth.permission", "pk": 110}, {"fields": {"name": "Can delete template region", "codename": "delete_templateregion", "content_type": 37}, "model": "auth.permission", "pk": 111}, {"fields": {"name": "Can add poster favorites", "codename": "add_posterfavorites", "content_type": 38}, "model": "auth.permission", "pk": 112}, {"fields": {"name": "Can change poster favorites", "codename": "change_posterfavorites", "content_type": 38}, "model": "auth.permission", "pk": 113}, {"fields": {"name": "Can delete poster favorites", "codename": "delete_posterfavorites", "content_type": 38}, "model": "auth.permission", "pk": 114}, {"fields": {"name": "Can add business card", "codename": "add_businesscard", "content_type": 39}, "model": "auth.permission", "pk": 115}, {"fields": {"name": "Can change business card", "codename": "change_businesscard", "content_type": 39}, "model": "auth.permission", "pk": 116}, {"fields": {"name": "Can delete business card", "codename": "delete_businesscard", "content_type": 39}, "model": "auth.permission", "pk": 117}, {"fields": {"name": "Can add poster more link", "codename": "add_postermorelink", "content_type": 40}, "model": "auth.permission", "pk": 118}, {"fields": {"name": "Can change poster more link", "codename": "change_postermorelink", "content_type": 40}, "model": "auth.permission", "pk": 119}, {"fields": {"name": "Can delete poster more link", "codename": "delete_postermorelink", "content_type": 40}, "model": "auth.permission", "pk": 120}, {"fields": {"is_superuser": true, "last_login": "2015-11-10T01:18:08Z", "is_staff": true, "user_permissions": [], "last_name": "", "date_joined": "2015-11-10T01:17:59Z", "is_active": true, "first_name": "", "password": "pbkdf2_sha256$20000$hpeZiDProOzt$wBzJNflSTvSZJvQ9UtX45EOnA6dt1uKIXWHrPESpNS4=", "username": "bob", "groups": [], "email": "caobaohua@gmail.com"}, "model": "auth.user", "pk": 1}, {"fields": {"is_superuser": true, "last_login": null, "is_staff": true, "user_permissions": [], "last_name": "cao", "date_joined": "2015-09-25T23:56:10Z", "is_active": true, "first_name": "baohua", "password": "pbkdf2_sha256$20000$96ZJivpEupx1$0oaDVJjj2U4dYXVwEbfM6OxHBs/upPK5TkMCnYgx2D4=", "username": "alatting", "groups": [], "email": "info@alatting.com"}, "model": "auth.user", "pk": 2}, {"fields": {"is_superuser": false, "last_login": "2015-11-18T03:15:02Z", "is_staff": false, "user_permissions": [], "last_name": "chen", "date_joined": "2015-11-12T02:59:07Z", "is_active": true, "first_name": "jerry", "password": "pbkdf2_sha256$20000$sqGeDA69uXfx$Hpd+V3HRgj/pga4cXRaHKE86qVTUSo+c7Kh+GWtbgAo=", "username": "jerry", "groups": [], "email": "jerry@alatting.com"}, "model": "auth.user", "pk": 3}, {"fields": {"is_superuser": true, "last_login": "2016-04-13T03:12:29Z", "is_staff": true, "user_permissions": [], "last_name": "", "date_joined": "2015-09-23T21:55:09Z", "is_active": true, "first_name": "", "password": "pbkdf2_sha256$20000$cwDEKFgBpPx7$OiNEBJHLcouJRit+kMhK8wZcH4VZcrh7TORyHyrUTMs=", "username": "info", "groups": [], "email": "info@info.com"}, "model": "auth.user", "pk": 4}, {"fields": {"is_superuser": true, "last_login": "2016-04-21T01:56:14.581Z", "is_staff": true, "user_permissions": [], "last_name": "", "date_joined": "2016-04-05T05:45:28Z", "is_active": true, "first_name": "", "password": "pbkdf2_sha256$20000$3ye5zaGQFiGS$Linwz3KkUm71Mx+et+6tSICakfod8ldn6hyWGRVP9nk=", "username": "admin", "groups": [], "email": "admin@admin.com"}, "model": "auth.user", "pk": 5}, {"fields": {"fun_review_score": 0.0, "created_at": "2015-11-21T03:15:48Z", "pinterest_shared_count": 0, "updated_at": null, "two_count": 0, "ratings_count": 4, "wechat_shared_count": 0, "fun_count": 1, "map_contacted_count": 0, "five_count": 0, "phone_contacted_count": 0, "twitter_shared_count": 0, "complains_count": 0, "facebook_shared_count": 3, "qq_shared_count": 0, "fun_survey_score": 0.0, "scans_count": 0, "linkedin_shared_count": 0, "favorites_count": 0, "weibo_shared_count": 0, "google_shared_count": 0, "one_count": 1, "email_shared_count": 3, "four_count": 1, "three_count": 2, "email_contacted_count": 0, "qzone_shared_count": 0, "likes_count": 0, "views_count": 709, "ratings_total": 11}, "model": "alatting_website.posterstatistics", "pk": 1}, {"fields": {"fun_review_score": 0.0, "created_at": "2016-04-11T07:55:50Z", "pinterest_shared_count": 0, "updated_at": "2016-04-11T07:55:50Z", "two_count": 0, "ratings_count": 1, "wechat_shared_count": 2, "fun_count": 2, "map_contacted_count": 0, "five_count": 0, "phone_contacted_count": 0, "twitter_shared_count": 0, "complains_count": 0, "facebook_shared_count": 2, "qq_shared_count": 0, "fun_survey_score": 0.0, "scans_count": 0, "linkedin_shared_count": 0, "favorites_count": 0, "weibo_shared_count": 3, "google_shared_count": 0, "one_count": 0, "email_shared_count": 5, "four_count": 1, "three_count": 0, "email_contacted_count": 0, "qzone_shared_count": 0, "likes_count": 1, "views_count": 746, "ratings_total": 4}, "model": "alatting_website.posterstatistics", "pk": 6}, {"fields": {"fun_review_score": 0.0, "created_at": "2015-11-27T19:13:37Z", "pinterest_shared_count": 0, "updated_at": null, "two_count": 0, "ratings_count": 0, "wechat_shared_count": 0, "fun_count": 0, "map_contacted_count": 0, "five_count": 0, "phone_contacted_count": 0, "twitter_shared_count": 0, "complains_count": 0, "facebook_shared_count": 0, "qq_shared_count": 0, "fun_survey_score": 0.0, "scans_count": 0, "linkedin_shared_count": 0, "favorites_count": 0, "weibo_shared_count": 0, "google_shared_count": 0, "one_count": 0, "email_shared_count": 0, "four_count": 0, "three_count": 0, "email_contacted_count": 0, "qzone_shared_count": 0, "likes_count": 0, "views_count": 0, "ratings_total": 0}, "model": "alatting_website.historystatistics", "pk": 1}, {"fields": {"fun_review_score": 0.0, "created_at": "2016-04-11T07:55:50Z", "pinterest_shared_count": 0, "updated_at": "2016-04-11T07:55:50Z", "two_count": 0, "ratings_count": 0, "wechat_shared_count": 0, "fun_count": 0, "map_contacted_count": 0, "five_count": 0, "phone_contacted_count": 0, "twitter_shared_count": 0, "complains_count": 0, "facebook_shared_count": 0, "qq_shared_count": 0, "fun_survey_score": 0.0, "scans_count": 0, "linkedin_shared_count": 0, "favorites_count": 0, "weibo_shared_count": 0, "google_shared_count": 0, "one_count": 0, "email_shared_count": 0, "four_count": 0, "three_count": 0, "email_contacted_count": 0, "qzone_shared_count": 0, "likes_count": 0, "views_count": 0, "ratings_total": 0}, "model": "alatting_website.historystatistics", "pk": 6}, {"fields": {"poster": 6, "liked": true, "creator": 5}, "model": "alatting_website.posterlike", "pk": 1}, {"fields": {"ip_address": "192.168.1.105", "poster": 6}, "model": "alatting_website.posterfun", "pk": 1}, {"fields": {"ip_address": "192.168.5.1", "poster": 1}, "model": "alatting_website.posterfun", "pk": 2}, {"fields": {"ip_address": "127.0.0.1", "poster": 6}, "model": "alatting_website.posterfun", "pk": 3}, {"fields": {"created_at": "2016-01-16T02:51:24Z", "poster": 1, "rate": 3, "creator": 4}, "model": "alatting_website.rating", "pk": 1}, {"fields": {"created_at": "2016-04-11T09:02:51Z", "poster": 6, "rate": 4, "creator": 5}, "model": "alatting_website.rating", "pk": 2}, {"fields": {"title": "Good company", "parent": null, "poster": 1, "creator": 2, "content": "This is a nice place to work!", "created_at": "2015-11-09T22:16:48Z"}, "model": "alatting_website.comment", "pk": 1}, {"fields": {"title": "Super awesome!", "parent": null, "poster": 1, "creator": 1, "content": "This is an international company!", "created_at": "2015-11-09T22:17:57Z"}, "model": "alatting_website.comment", "pk": 2}, {"fields": {"title": "abc", "parent": null, "poster": 6, "creator": 5, "content": "abc", "created_at": "2016-04-20T06:59:03.354Z"}, "model": "alatting_website.comment", "pk": 3}, {"fields": {"uuid": "a14f859435c34577acd1abaa609698a0", "width": 594, "height": 128, "created_at": "2015-09-23T21:56:48Z", "format": "png", "file": "images/2015/09/23/92180490f431414e9b160002d91f15db.png"}, "model": "alatting_website.image", "pk": 1}, {"fields": {"uuid": "8167084b575e497cab36fd54e56c6665", "width": 1920, "height": 1440, "created_at": "2015-09-23T22:02:25Z", "format": "png", "file": "images/2015/09/23/2bcd27648100432e8c86d193271591cf.png"}, "model": "alatting_website.image", "pk": 2}, {"fields": {"uuid": "d853a5c31b5945a098d7e4daed81556d", "width": 1460, "height": 775, "created_at": "2015-09-23T22:02:39Z", "format": "PNG", "file": "images/2015/09/23/4c795e20ec2f489d862a79a5a428826b.PNG"}, "model": "alatting_website.image", "pk": 3}, {"fields": {"uuid": "7b6b26263c2245fd8d9f5c725d4a32b9", "width": 991, "height": 909, "created_at": "2015-09-23T22:02:43Z", "format": "PNG", "file": "images/2015/09/23/eab0c4ef73704536b3e026475a1aae67.PNG"}, "model": "alatting_website.image", "pk": 4}, {"fields": {"uuid": "d9478b15a40f46e9bfae38194dd50eb0", "width": 1026, "height": 906, "created_at": "2015-09-23T22:02:47Z", "format": "PNG", "file": "images/2015/09/23/7b7837c7bfbc47eba950952ff1490b06.PNG"}, "model": "alatting_website.image", "pk": 5}, {"fields": {"uuid": "3334826e3cd04832a3378b8f49e4c170", "width": 1013, "height": 781, "created_at": "2015-09-23T22:03:08Z", "format": "PNG", "file": "images/2015/09/23/ba39ba074c294f409e0d96244829b5ee.PNG"}, "model": "alatting_website.image", "pk": 6}, {"fields": {"uuid": "7fcf9aa2e5614d1b9a09ab2548512bdc", "width": 3264, "height": 2448, "created_at": "2015-09-23T22:03:22Z", "format": "PNG", "file": "images/2015/09/23/c1ef0a0998b24b42bfbead5151e1148b.PNG"}, "model": "alatting_website.image", "pk": 7}, {"fields": {"uuid": "6de839654b3e4461a7a973ba5b05a2b0", "width": 2448, "height": 3264, "created_at": "2015-09-23T22:03:46Z", "format": "png", "file": "images/2015/09/23/9b284ac9954b4e8b8779fe088d9b55f8.png"}, "model": "alatting_website.image", "pk": 8}, {"fields": {"uuid": "0ac5117d7b3b4e2f8d7d87030233ab75", "width": 2448, "height": 2448, "created_at": "2015-09-23T22:04:06Z", "format": "png", "file": "images/2015/09/23/0d2c62213b844e29970abb69c7eaccf6.png"}, "model": "alatting_website.image", "pk": 9}, {"fields": {"uuid": "a84043037f2447649a8baa14db8bc1e3", "width": 2000, "height": 1333, "created_at": "2015-09-23T22:04:16Z", "format": "png", "file": "images/2015/09/23/62e4733884394971a7615fc173236acd.png"}, "model": "alatting_website.image", "pk": 10}, {"fields": {"uuid": "67f7ae9b91b742779f2c2cdae5f4ef85", "width": 2000, "height": 1333, "created_at": "2015-09-23T22:04:26Z", "format": "png", "file": "images/2015/09/23/f375ac8eb4f548a9a43f203daf2336c0.png"}, "model": "alatting_website.image", "pk": 11}, {"fields": {"uuid": "8f9aaf83a231456cb108e34fb23962ed", "width": 3264, "height": 2448, "created_at": "2015-09-23T22:04:55Z", "format": "png", "file": "images/2015/09/23/22ca7b1a54a040838c32643d64afaa48.png"}, "model": "alatting_website.image", "pk": 12}, {"fields": {"uuid": "45e04523415e418c84709eaa0785eee9", "width": 108, "height": 108, "created_at": "2016-04-11T07:43:09Z", "format": "jpg", "file": "images/2016/04/11/1b5d5a323bfe4f96a3f23fb042ff4cd2.jpg"}, "model": "alatting_website.image", "pk": 13}, {"fields": {"uuid": "abc6a4ce7b464951b52a71fe50833417", "width": 562, "height": 248, "created_at": "2016-04-12T03:14:52Z", "format": "png", "file": "images/2016/04/12/3d4601961f894c2883e83241dec83223.png"}, "model": "alatting_website.image", "pk": 15}, {"fields": {"uuid": "d8aee392cc6a475390d92592c594cc4c", "width": 871, "height": 388, "created_at": "2016-04-13T06:46:11Z", "format": "png", "file": "images/2016/04/13/0bfe3317931f4a1bbc5ce85055b1d17d.png"}, "model": "alatting_website.image", "pk": 16}, {"fields": {"uuid": "accf80b6a59c498486d49b1f9e155dc5", "width": 1242, "height": 487, "created_at": "2016-04-13T07:01:58Z", "format": "jpg", "file": "images/2016/04/13/94246f0b6ad24eb4996a904c7f1602e5.jpg"}, "model": "alatting_website.image", "pk": 17}, {"fields": {"uuid": "0bf1f4a2503e45a8ba93df07f2ea5c42", "width": 1242, "height": 489, "created_at": "2016-04-13T07:05:04Z", "format": "jpg", "file": "images/2016/04/13/559b90b8e85d4ad4af44c6d075f388a7.jpg"}, "model": "alatting_website.image", "pk": 18}, {"fields": {"uuid": "4e7b877f5c444fd3b385c032579b3436", "width": 1242, "height": 201, "created_at": "2016-04-13T09:13:39Z", "format": "jpg", "file": "images/2016/04/13/58fb7a64deb44877803d8269279041e8.jpg"}, "model": "alatting_website.image", "pk": 19}, {"fields": {"uuid": "bfcd79575e634e14b03ed8af0a1fbbe5", "width": 1237, "height": 247, "created_at": "2016-04-15T17:08:54Z", "format": "png", "file": "images/2016/04/15/48ef83d76806479aa40932766545143b.png"}, "model": "alatting_website.image", "pk": 20}, {"fields": {"uuid": "d4f4b78c20354d38aa029c34ad73664d", "width": 645, "height": 645, "created_at": "2016-04-15T17:09:44Z", "format": "png", "file": "images/2016/04/15/8a630176740b4a9a8342519b631f9352.png"}, "model": "alatting_website.image", "pk": 21}, {"fields": {"uuid": "0a02db77c88c42eca88fddff71d873c3", "width": 638, "height": 935, "created_at": "2016-04-15T17:10:11Z", "format": "png", "file": "images/2016/04/15/15588b5bb19f4518abb21269eccc9ba7.png"}, "model": "alatting_website.image", "pk": 22}, {"fields": {"uuid": "9f0d495d471046eeacfe002990cab6b7", "width": 1920, "height": 1440, "created_at": "2016-04-15T17:11:24Z", "format": "jpg", "file": "images/2016/04/15/976f1990232e48a397c25d0199f9b5ab.jpg"}, "model": "alatting_website.image", "pk": 23}, {"fields": {"uuid": "f4e24ecd04f44c378596c7edc8272e75", "width": 2400, "height": 1600, "created_at": "2016-04-15T17:11:53Z", "format": "jpg", "file": "images/2016/04/15/4ae5f59f35a54882a3e255500393b69f.jpg"}, "model": "alatting_website.image", "pk": 24}, {"fields": {"uuid": "9d7af3c268854aeb9cbb39986fa622ed", "width": 2100, "height": 2300, "created_at": "2016-04-15T17:12:15Z", "format": "jpg", "file": "images/2016/04/15/2a54e533ebb14b56a88acb430dce6553.jpg"}, "model": "alatting_website.image", "pk": 25}, {"fields": {"uuid": "e00f5c389f1b46948530079e368fa8d9", "format": "mp3", "created_at": "2015-09-23T21:59:22Z", "file": "music/2015/09/23/745f07fbc5014e54b9835bf5d985b5b8.mp3"}, "model": "alatting_website.music", "pk": 1}, {"fields": {"uuid": "48f4b841f23d4db897e6f9c51bb86643", "preview": "/media/videos/2015/09/23/4ca3bb5041bf4d059c5d270606ed4631.jpg", "format": "mp4", "created_at": "2015-09-23T22:10:21Z", "file": "videos/2015/09/23/4ca3bb5041bf4d059c5d270606ed4631.mp4"}, "model": "alatting_website.video", "pk": 1}, {"fields": {"uuid": "c7ebf1810c524edb9fdb5cb1d50d783f", "preview": "/media/videos/2016/04/13/96ca4b251a384459b439b8107091d1c3.jpg", "format": "mp4", "created_at": "2016-04-13T04:08:01Z", "file": "videos/2016/04/13/96ca4b251a384459b439b8107091d1c3.mp4"}, "model": "alatting_website.video", "pk": 3}, {"fields": {"uuid": "86cf24739fe24020b9363f0d03d2e308", "preview": "/media/videos/2016/04/13/c37a13ce9508463f863cc1f48ae1f2e7.jpg", "format": "mp4", "created_at": "2016-04-13T10:31:48Z", "file": "videos/2016/04/13/c37a13ce9508463f863cc1f48ae1f2e7.mp4"}, "model": "alatting_website.video", "pk": 4}, {"fields": {"name": "image_1", "poster": 1, "image": 2}, "model": "alatting_website.posterimage", "pk": 1}, {"fields": {"name": "logo", "poster": 1, "image": 1}, "model": "alatting_website.posterimage", "pk": 2}, {"fields": {"name": "image_3", "poster": 1, "image": 3}, "model": "alatting_website.posterimage", "pk": 3}, {"fields": {"name": "image_4", "poster": 1, "image": 4}, "model": "alatting_website.posterimage", "pk": 4}, {"fields": {"name": "image_5", "poster": 1, "image": 5}, "model": "alatting_website.posterimage", "pk": 5}, {"fields": {"name": "image_6", "poster": 1, "image": 6}, "model": "alatting_website.posterimage", "pk": 6}, {"fields": {"name": "image_7", "poster": 1, "image": 7}, "model": "alatting_website.posterimage", "pk": 7}, {"fields": {"name": "image_8", "poster": 1, "image": 8}, "model": "alatting_website.posterimage", "pk": 8}, {"fields": {"name": "image_9", "poster": 1, "image": 9}, "model": "alatting_website.posterimage", "pk": 9}, {"fields": {"name": "image_10", "poster": 1, "image": 10}, "model": "alatting_website.posterimage", "pk": 10}, {"fields": {"name": "image_11", "poster": 1, "image": 11}, "model": "alatting_website.posterimage", "pk": 11}, {"fields": {"name": "image_2", "poster": 1, "image": 12}, "model": "alatting_website.posterimage", "pk": 12}, {"fields": {"name": "logo", "poster": 6, "image": 15}, "model": "alatting_website.posterimage", "pk": 13}, {"fields": {"name": "banner3551", "poster": 6, "image": 16}, "model": "alatting_website.posterimage", "pk": 14}, {"fields": {"name": "slider3551_image_1", "poster": 6, "image": 17}, "model": "alatting_website.posterimage", "pk": 15}, {"fields": {"name": "slider3551_image_2", "poster": 6, "image": 18}, "model": "alatting_website.posterimage", "pk": 16}, {"fields": {"name": "bottom3551", "poster": 6, "image": 19}, "model": "alatting_website.posterimage", "pk": 17}, {"fields": {"name": "stats", "poster": 1, "image": 22}, "model": "alatting_website.posterimage", "pk": 18}, {"fields": {"name": "contact", "poster": 1, "image": 21}, "model": "alatting_website.posterimage", "pk": 19}, {"fields": {"name": "body_text", "poster": 1, "image": 20}, "model": "alatting_website.posterimage", "pk": 20}, {"fields": {"name": "people", "poster": 1, "image": 24}, "model": "alatting_website.posterimage", "pk": 21}, {"fields": {"name": "posters", "poster": 1, "image": 25}, "model": "alatting_website.posterimage", "pk": 22}, {"fields": {"name": "introduction", "poster": 1, "image": 23}, "model": "alatting_website.posterimage", "pk": 23}, {"fields": {"name": "video_1", "poster": 1, "video": 1}, "model": "alatting_website.postervideo", "pk": 1}, {"fields": {"name": "plan3551", "poster": 6, "video": 3}, "model": "alatting_website.postervideo", "pk": 3}, {"fields": {"lifetime_value": "{\"2015-11-23\": {\"time_start\": \"08:00 am\", \"enabled\": 1,\"time_end\": \"09:00 pm\", \"message\": \"Funding opening day and project demonstration\"}}", "phone": "3234444444", "short_description": "\u963f\u62c9\u9f0e\u603b\u90e8\u4f4d\u4e8e\u7f8e\u56fd\u6d1b\u6749\u77f6,\u4e13\u6ce8\u667a\u80fd\u6d77\u62a5\u8425\u9500", "url": "www.alatting.com", "logo_title": "\u963f\u62c9\u9f0e\u9ad8\u79d1\u56fd\u9645\u80a1\u4efd\u6709\u9650\u516c\u53f8", "lifetime_type": "specific_days", "created_at": "2015-09-23T22:01:33Z", "creator": 4, "lifetime_timezone": "America/Los_Angeles", "music": 1, "tags": "", "status": "Active", "mobile": "2134006368", "sub_category": 14, "unique_name": "alatting", "css": "html5/2015/09/23/47b3768339674065b427545f63a224f7.css", "logo_image": 1, "html": "html5/2015/09/23/47b3768339674065b427545f63a224f7.json", "address": 2, "width": 800, "height": 1024, "main_category": 2, "script": "html5/2015/09/23/47b3768339674065b427545f63a224f7.js", "data": "html5/2015/09/23/47b3768339674065b427545f63a224f7.json", "email": "info@alatting.com"}, "model": "alatting_website.poster", "pk": 1}, {"fields": {"lifetime_value": "UTC", "phone": "87280808", "short_description": "\u201c3551\u5149\u8c37\u4eba\u624d\u8ba1\u5212\u201d - \u6b66\u6c49\u4e1c\u6e56\u9ad8\u65b0\u533a\u542f\u52a8\u4e4b\u5f15\u624d\u8ba1\u5212", "url": "http://www.yunye123.com", "logo_title": "3551\u5149\u8c37\u4eba\u624d\u8ba1\u5212", "lifetime_type": "weekly", "created_at": "2016-04-11T07:55:50Z", "creator": 5, "lifetime_timezone": "Asia/Shanghai", "music": null, "tags": "3551", "status": "Draft", "mobile": "13800138000", "sub_category": 1, "unique_name": "3551", "css": "html5/2016/04/12/96d55ee0b5ad43c2ad23fb89efb2c9a9.css", "logo_image": 15, "html": "html5/2016/04/13/7da62f47b96e4af3a6beacac7e2acbc9.json", "address": 3, "width": 800, "height": 1024, "main_category": 1, "script": "", "data": "", "email": "abc@yunye123.com"}, "model": "alatting_website.poster", "pk": 6}, {"fields": {"name": "COMPANY", "template": 3, "index": 0, "poster": 1}, "model": "alatting_website.posterpage", "pk": 1}, {"fields": {"name": "3551Project", "template": 2, "index": 0, "poster": 6}, "model": "alatting_website.posterpage", "pk": 2}, {"fields": {"poster_page": 2, "name": "3551project_text", "content": "3551\u4eba\u624d\u8ba1\u5212", "poster": 6}, "model": "alatting_website.pagetext", "pk": 1}, {"fields": {"accepted_count": 0, "need_pre_notification": true, "activity_start_time": "2016-04-11T07:55:52Z", "parking_notice_message": "", "invitation_message": "", "activity_status": "coming", "rejected_count": 0, "pre_minutes_to_notify": 0, "activity_reminder_message": "", "special_description": "", "activity_end_time": "2016-04-11T07:55:52Z"}, "model": "alatting_website.activityinvitation", "pk": 6}, {"fields": {"content": "\u66f4\u591a\u4e86\u89e3", "poster": 6, "name": "more", "index": 0, "template": 2, "link": "#"}, "model": "alatting_website.postermorelink", "pk": 1}, {"fields": {"content": "\u8054\u7cfb\u65b9\u5f0f", "poster": 6, "name": "contact", "index": 1, "template": 2, "link": "#"}, "model": "alatting_website.postermorelink", "pk": 2}, {"fields": {"avatar": "avatars/avatar.png", "gender": "Male"}, "model": "alatting_website.person", "pk": 1}, {"fields": {"avatar": "avatars/2015/11/09/86ecc17e58f4461fbcaee510e44cbc9f.png", "gender": "Male"}, "model": "alatting_website.person", "pk": 2}, {"fields": {"description": "Activity / Party Invitation", "type": "Activity", "name": "Activity Invitation", "parent": null, "tags": ""}, "model": "alatting_website.category", "pk": 1}, {"fields": {"description": "Business Marketing", "type": "", "name": "Business Marketing", "parent": null, "tags": ""}, "model": "alatting_website.category", "pk": 2}, {"fields": {"description": "Profuct Promotion", "type": "", "name": "Product Promotion", "parent": null, "tags": ""}, "model": "alatting_website.category", "pk": 3}, {"fields": {"description": "Personal & Expert Brandin", "type": "", "name": "Personal & Expert Branding", "parent": null, "tags": ""}, "model": "alatting_website.category", "pk": 4}, {"fields": {"description": "Marriage Invitation", "type": "", "name": "Marriage Invitation", "parent": 1, "tags": ""}, "model": "alatting_website.category", "pk": 5}, {"fields": {"description": "Dating Invitation", "type": "", "name": "Dating Invitation", "parent": 1, "tags": ""}, "model": "alatting_website.category", "pk": 6}, {"fields": {"description": "Education Marketing", "type": "", "name": "Education Marketing", "parent": 2, "tags": ""}, "model": "alatting_website.category", "pk": 7}, {"fields": {"description": "School Marketing", "type": "", "name": "School Marketing", "parent": 2, "tags": ""}, "model": "alatting_website.category", "pk": 8}, {"fields": {"description": "Art Auctio", "type": "", "name": "Art Auction", "parent": 3, "tags": ""}, "model": "alatting_website.category", "pk": 9}, {"fields": {"description": "Cosmetics Promotion", "type": "", "name": "Cosmetics Promotion", "parent": 3, "tags": ""}, "model": "alatting_website.category", "pk": 10}, {"fields": {"description": "Lawyer Branding", "type": "", "name": "Lawyer Branding", "parent": 4, "tags": ""}, "model": "alatting_website.category", "pk": 11}, {"fields": {"description": "Doctor Branding", "type": "", "name": "Doctor Branding", "parent": 4, "tags": ""}, "model": "alatting_website.category", "pk": 12}, {"fields": {"description": "Birthday Invitation", "type": "", "name": "Birthday Invitation", "parent": 1, "tags": ""}, "model": "alatting_website.category", "pk": 13}, {"fields": {"description": "Enterprise Marketing", "type": "", "name": "Enterprise Marketing", "parent": 2, "tags": ""}, "model": "alatting_website.category", "pk": 14}, {"fields": {"description": "Car Promotion", "type": "", "name": "Car Promotion", "parent": 3, "tags": ""}, "model": "alatting_website.category", "pk": 15}, {"fields": {"description": "Designer Branding", "type": "", "name": "Designer Branding", "parent": 4, "tags": ""}, "model": "alatting_website.category", "pk": 16}, {"fields": {"description": "aaa", "type": "Business", "name": "aa", "parent": 1, "tags": "adfd"}, "model": "alatting_website.category", "pk": 17}, {"fields": {"country": "USA", "post_code": "91007", "state": "CA", "address1": "2181 E Foothill Blvd", "city": "Pasadena", "updated_at": "2015-09-23T21:58:21Z", "address2": "", "created_at": "2015-09-23T21:58:21Z"}, "model": "alatting_website.address", "pk": 1}, {"fields": {"country": "USA", "post_code": "91007", "state": "CA", "address1": "2181 E Foothill Blvd", "city": "Pasadena", "updated_at": "2015-09-23T21:58:43Z", "address2": "", "created_at": "2015-09-23T21:58:43Z"}, "model": "alatting_website.address", "pk": 2}, {"fields": {"country": "\u4e2d\u56fd", "post_code": "430070", "state": "\u6e56\u5317", "address1": "\u6b66\u6c49\u5149\u8c37\u56fd\u9645\u5e7f\u573a", "city": "\u6b66\u6c49", "updated_at": "2016-04-11T07:44:41Z", "address2": "", "created_at": "2016-04-11T07:44:41Z"}, "model": "alatting_website.address", "pk": 3}, {"fields": {"name": "first"}, "model": "alatting_website.template", "pk": 1}, {"fields": {"name": "yunye"}, "model": "alatting_website.template", "pk": 2}, {"fields": {"name": "alatting"}, "model": "alatting_website.template", "pk": 3}, {"fields": {"top": 0.0, "polygon": "0 0, 100% 0, 0 100%", "width": 63.5, "height": 49.0, "name": "top-left", "template": 1, "left": 0.0}, "model": "alatting_website.templateregion", "pk": 1}, {"fields": {"top": 0.0, "polygon": "0 23.2%, 30.3% 0, 100% 0, 100% 100%", "width": 49.0, "height": 49.0, "name": "top-right", "template": 1, "left": 51.0}, "model": "alatting_website.templateregion", "pk": 2}, {"fields": {"top": 12.06, "polygon": "0 54.73%,0 45.27%, 50% 0, 100% 45.27%, 100% 54.73%, 50% 100%", "width": 100.0, "height": 84.58, "name": "middle", "template": 1, "left": 0.0}, "model": "alatting_website.templateregion", "pk": 3}, {"fields": {"top": 60.0, "polygon": "44% 44%, 100% 100%, 0 100%, 0 86%", "width": 52.0, "height": 40.0, "name": "bottom-left", "template": 1, "left": 0.0}, "model": "alatting_website.templateregion", "pk": 4}, {"fields": {"top": 60.0, "polygon": "0 94%, 100% 0, 100% 100%, 6% 100%", "width": 48.7, "height": 40.0, "name": "bottom-right", "template": 1, "left": 51.3}, "model": "alatting_website.templateregion", "pk": 5}, {"fields": {"top": 0.0, "polygon": "", "width": 100.0, "height": 30.0, "name": "videos", "template": 2, "left": 0.0}, "model": "alatting_website.templateregion", "pk": 6}, {"fields": {"top": 30.0, "polygon": "", "width": 100.0, "height": 30.0, "name": "banner", "template": 2, "left": 0.0}, "model": "alatting_website.templateregion", "pk": 7}, {"fields": {"top": 60.0, "polygon": "", "width": 100.0, "height": 30.0, "name": "slider", "template": 2, "left": 0.0}, "model": "alatting_website.templateregion", "pk": 8}, {"fields": {"top": 90.0, "polygon": "", "width": 100.0, "height": 17.0, "name": "bottom", "template": 2, "left": 0.0}, "model": "alatting_website.templateregion", "pk": 9}, {"fields": {"top": 0.0, "polygon": "", "width": 50.0, "height": 42.0, "name": "top-left", "template": 3, "left": 0.0}, "model": "alatting_website.templateregion", "pk": 10}, {"fields": {"top": 0.0, "polygon": "", "width": 50.0, "height": 42.0, "name": "top-right", "template": 3, "left": 50.0}, "model": "alatting_website.templateregion", "pk": 11}, {"fields": {"top": 42.0, "polygon": "", "width": 100.0, "height": 16.0, "name": "middle", "template": 3, "left": 0.0}, "model": "alatting_website.templateregion", "pk": 12}, {"fields": {"top": 58.0, "polygon": "", "width": 50.0, "height": 42.0, "name": "bottom-left", "template": 3, "left": 0.0}, "model": "alatting_website.templateregion", "pk": 13}, {"fields": {"top": 58.0, "polygon": "", "width": 50.0, "height": 42.0, "name": "bottom-right", "template": 3, "left": 50.0}, "model": "alatting_website.templateregion", "pk": 14}]