[{"pk": 1, "fields": {"app_label": "admin", "model": "logentry"}, "model": "contenttypes.contenttype"}, {"pk": 2, "fields": {"app_label": "auth", "model": "permission"}, "model": "contenttypes.contenttype"}, {"pk": 3, "fields": {"app_label": "auth", "model": "group"}, "model": "contenttypes.contenttype"}, {"pk": 4, "fields": {"app_label": "auth", "model": "user"}, "model": "contenttypes.contenttype"}, {"pk": 5, "fields": {"app_label": "contenttypes", "model": "contenttype"}, "model": "contenttypes.contenttype"}, {"pk": 6, "fields": {"app_label": "sessions", "model": "session"}, "model": "contenttypes.contenttype"}, {"pk": 7, "fields": {"app_label": "djcelery", "model": "taskmeta"}, "model": "contenttypes.contenttype"}, {"pk": 8, "fields": {"app_label": "djcelery", "model": "tasksetmeta"}, "model": "contenttypes.contenttype"}, {"pk": 9, "fields": {"app_label": "djcelery", "model": "intervalschedule"}, "model": "contenttypes.contenttype"}, {"pk": 10, "fields": {"app_label": "djcelery", "model": "crontabschedule"}, "model": "contenttypes.contenttype"}, {"pk": 11, "fields": {"app_label": "djcelery", "model": "periodictasks"}, "model": "contenttypes.contenttype"}, {"pk": 12, "fields": {"app_label": "djcelery", "model": "periodictask"}, "model": "contenttypes.contenttype"}, {"pk": 13, "fields": {"app_label": "djcelery", "model": "workerstate"}, "model": "contenttypes.contenttype"}, {"pk": 14, "fields": {"app_label": "djcelery", "model": "taskstate"}, "model": "contenttypes.contenttype"}, {"pk": 15, "fields": {"app_label": "alatting_website", "model": "posterstatistics"}, "model": "contenttypes.contenttype"}, {"pk": 16, "fields": {"app_label": "alatting_website", "model": "historystatistics"}, "model": "contenttypes.contenttype"}, {"pk": 17, "fields": {"app_label": "alatting_website", "model": "posterlike"}, "model": "contenttypes.contenttype"}, {"pk": 18, "fields": {"app_label": "alatting_website", "model": "posterfun"}, "model": "contenttypes.contenttype"}, {"pk": 19, "fields": {"app_label": "alatting_website", "model": "rating"}, "model": "contenttypes.contenttype"}, {"pk": 20, "fields": {"app_label": "alatting_website", "model": "comment"}, "model": "contenttypes.contenttype"}, {"pk": 21, "fields": {"app_label": "alatting_website", "model": "image"}, "model": "contenttypes.contenttype"}, {"pk": 22, "fields": {"app_label": "alatting_website", "model": "music"}, "model": "contenttypes.contenttype"}, {"pk": 23, "fields": {"app_label": "alatting_website", "model": "video"}, "model": "contenttypes.contenttype"}, {"pk": 24, "fields": {"app_label": "alatting_website", "model": "posterimage"}, "model": "contenttypes.contenttype"}, {"pk": 25, "fields": {"app_label": "alatting_website", "model": "postervideo"}, "model": "contenttypes.contenttype"}, {"pk": 26, "fields": {"app_label": "alatting_website", "model": "poster"}, "model": "contenttypes.contenttype"}, {"pk": 27, "fields": {"app_label": "alatting_website", "model": "posterpage"}, "model": "contenttypes.contenttype"}, {"pk": 28, "fields": {"app_label": "alatting_website", "model": "pagetext"}, "model": "contenttypes.contenttype"}, {"pk": 29, "fields": {"app_label": "alatting_website", "model": "activityinvitation"}, "model": "contenttypes.contenttype"}, {"pk": 30, "fields": {"app_label": "alatting_website", "model": "businessmarketing"}, "model": "contenttypes.contenttype"}, {"pk": 31, "fields": {"app_label": "alatting_website", "model": "productsell"}, "model": "contenttypes.contenttype"}, {"pk": 32, "fields": {"app_label": "alatting_website", "model": "expertshow"}, "model": "contenttypes.contenttype"}, {"pk": 33, "fields": {"app_label": "alatting_website", "model": "person"}, "model": "contenttypes.contenttype"}, {"pk": 34, "fields": {"app_label": "alatting_website", "model": "category"}, "model": "contenttypes.contenttype"}, {"pk": 35, "fields": {"app_label": "alatting_website", "model": "address"}, "model": "contenttypes.contenttype"}, {"pk": 36, "fields": {"app_label": "alatting_website", "model": "template"}, "model": "contenttypes.contenttype"}, {"pk": 37, "fields": {"app_label": "alatting_website", "model": "templateregion"}, "model": "contenttypes.contenttype"}, {"pk": 38, "fields": {"app_label": "alatting_website", "model": "posterfavorites"}, "model": "contenttypes.contenttype"}, {"pk": 39, "fields": {"app_label": "alatting_website", "model": "businesscard"}, "model": "contenttypes.contenttype"}, {"pk": "4920c7tx3x7jecbq6r2uonsch3wkuryt", "fields": {"session_data": "YTgxMDkyYzcxYTY3MTZjMGQ0YjQ5Y2Q0Y2JjNWE2ZWEyNzVmOTk3Njp7Il9hdXRoX3VzZXJfaWQiOiI1IiwiX2F1dGhfdXNlcl9oYXNoIjoiYWM2YmY3OTk4NDY4YTE1MWRjZTY3YTJmMzAwYzZiODlkMGUyNTM2MCIsIl9hdXRoX3VzZXJfYmFja2VuZCI6ImRqYW5nby5jb250cmliLmF1dGguYmFja2VuZHMuTW9kZWxCYWNrZW5kIn0=", "expire_date": "2016-04-19T08:40:59.215Z"}, "model": "sessions.session"}, {"pk": "5nb3tz0uahwsy4h5qicowdpej4267oep", "fields": {"session_data": "OWY4YmJlZWY5YTA3MzI1ZWIxMzkwMzZlMGQ2N2M5NjdlMjQ0ZGZjOTp7Il9hdXRoX3VzZXJfaWQiOiI1IiwiX2F1dGhfdXNlcl9iYWNrZW5kIjoiZGphbmdvLmNvbnRyaWIuYXV0aC5iYWNrZW5kcy5Nb2RlbEJhY2tlbmQiLCJfYXV0aF91c2VyX2hhc2giOiJhYzZiZjc5OTg0NjhhMTUxZGNlNjdhMmYzMDBjNmI4OWQwZTI1MzYwIn0=", "expire_date": "2016-04-28T06:51:09.128Z"}, "model": "sessions.session"}, {"pk": "6rvaiyhjxvrs7g7iu4i5np83y5g7flm2", "fields": {"session_data": "YTgxMDkyYzcxYTY3MTZjMGQ0YjQ5Y2Q0Y2JjNWE2ZWEyNzVmOTk3Njp7Il9hdXRoX3VzZXJfaWQiOiI1IiwiX2F1dGhfdXNlcl9oYXNoIjoiYWM2YmY3OTk4NDY4YTE1MWRjZTY3YTJmMzAwYzZiODlkMGUyNTM2MCIsIl9hdXRoX3VzZXJfYmFja2VuZCI6ImRqYW5nby5jb250cmliLmF1dGguYmFja2VuZHMuTW9kZWxCYWNrZW5kIn0=", "expire_date": "2016-04-27T03:13:06.341Z"}, "model": "sessions.session"}, {"pk": "99yrfgsxrhcfgn1486pcbkgfgrawqn3g", "fields": {"session_data": "M2M1MDg5MTYwNjc4MzM5M2JlN2RkNWY3MTVlNjYwNjljZmUwNjQwMTp7Il9hdXRoX3VzZXJfaGFzaCI6ImFjNmJmNzk5ODQ2OGExNTFkY2U2N2EyZjMwMGM2Yjg5ZDBlMjUzNjAiLCJfYXV0aF91c2VyX2JhY2tlbmQiOiJkamFuZ28uY29udHJpYi5hdXRoLmJhY2tlbmRzLk1vZGVsQmFja2VuZCIsIl9hdXRoX3VzZXJfaWQiOiI1In0=", "expire_date": "2016-04-27T10:27:16.798Z"}, "model": "sessions.session"}, {"pk": "b67qqg4dpp1o92j248f1nv31d6beglh4", "fields": {"session_data": "OWY4YmJlZWY5YTA3MzI1ZWIxMzkwMzZlMGQ2N2M5NjdlMjQ0ZGZjOTp7Il9hdXRoX3VzZXJfaWQiOiI1IiwiX2F1dGhfdXNlcl9iYWNrZW5kIjoiZGphbmdvLmNvbnRyaWIuYXV0aC5iYWNrZW5kcy5Nb2RlbEJhY2tlbmQiLCJfYXV0aF91c2VyX2hhc2giOiJhYzZiZjc5OTg0NjhhMTUxZGNlNjdhMmYzMDBjNmI4OWQwZTI1MzYwIn0=", "expire_date": "2016-04-28T04:43:04.534Z"}, "model": "sessions.session"}, {"pk": "d110w86ae5gdf84kisucl0akd7dhdpiq", "fields": {"session_data": "YTlmMzk5YjkwZDA1YjIyZjI4ZTQzYTRkZDNjNGUzNjNmZTQ1MGZiNTp7Il9hdXRoX3VzZXJfYmFja2VuZCI6ImRqYW5nby5jb250cmliLmF1dGguYmFja2VuZHMuTW9kZWxCYWNrZW5kIiwiX2F1dGhfdXNlcl9oYXNoIjoiYWM2YmY3OTk4NDY4YTE1MWRjZTY3YTJmMzAwYzZiODlkMGUyNTM2MCIsIl9hdXRoX3VzZXJfaWQiOiI1In0=", "expire_date": "2016-04-25T03:38:04.470Z"}, "model": "sessions.session"}, {"pk": "fvpm2xj7fw0d4pfe9t6xsb5tbocce56e", "fields": {"session_data": "YTlmMzk5YjkwZDA1YjIyZjI4ZTQzYTRkZDNjNGUzNjNmZTQ1MGZiNTp7Il9hdXRoX3VzZXJfYmFja2VuZCI6ImRqYW5nby5jb250cmliLmF1dGguYmFja2VuZHMuTW9kZWxCYWNrZW5kIiwiX2F1dGhfdXNlcl9oYXNoIjoiYWM2YmY3OTk4NDY4YTE1MWRjZTY3YTJmMzAwYzZiODlkMGUyNTM2MCIsIl9hdXRoX3VzZXJfaWQiOiI1In0=", "expire_date": "2016-04-22T08:31:27.524Z"}, "model": "sessions.session"}, {"pk": "hhbv95wntlldna0e69y0y4l6u6fzdj73", "fields": {"session_data": "YTgxMDkyYzcxYTY3MTZjMGQ0YjQ5Y2Q0Y2JjNWE2ZWEyNzVmOTk3Njp7Il9hdXRoX3VzZXJfaWQiOiI1IiwiX2F1dGhfdXNlcl9oYXNoIjoiYWM2YmY3OTk4NDY4YTE1MWRjZTY3YTJmMzAwYzZiODlkMGUyNTM2MCIsIl9hdXRoX3VzZXJfYmFja2VuZCI6ImRqYW5nby5jb250cmliLmF1dGguYmFja2VuZHMuTW9kZWxCYWNrZW5kIn0=", "expire_date": "2016-04-19T05:46:00.756Z"}, "model": "sessions.session"}, {"pk": "inzfn8hlv0s3at3wks8o8e0guvie7hgf", "fields": {"session_data": "YTlmMzk5YjkwZDA1YjIyZjI4ZTQzYTRkZDNjNGUzNjNmZTQ1MGZiNTp7Il9hdXRoX3VzZXJfYmFja2VuZCI6ImRqYW5nby5jb250cmliLmF1dGguYmFja2VuZHMuTW9kZWxCYWNrZW5kIiwiX2F1dGhfdXNlcl9oYXNoIjoiYWM2YmY3OTk4NDY4YTE1MWRjZTY3YTJmMzAwYzZiODlkMGUyNTM2MCIsIl9hdXRoX3VzZXJfaWQiOiI1In0=", "expire_date": "2016-04-26T01:40:19.274Z"}, "model": "sessions.session"}, {"pk": "j2sbvu2gq632zeqtcsm9jv8c4gjedm2x", "fields": {"session_data": "YTgxMDkyYzcxYTY3MTZjMGQ0YjQ5Y2Q0Y2JjNWE2ZWEyNzVmOTk3Njp7Il9hdXRoX3VzZXJfaWQiOiI1IiwiX2F1dGhfdXNlcl9oYXNoIjoiYWM2YmY3OTk4NDY4YTE1MWRjZTY3YTJmMzAwYzZiODlkMGUyNTM2MCIsIl9hdXRoX3VzZXJfYmFja2VuZCI6ImRqYW5nby5jb250cmliLmF1dGguYmFja2VuZHMuTW9kZWxCYWNrZW5kIn0=", "expire_date": "2016-04-19T08:20:09.798Z"}, "model": "sessions.session"}, {"pk": "jxdt1qvlixa5yc3oauxfs5a5s1wblg78", "fields": {"session_data": "YTlmMzk5YjkwZDA1YjIyZjI4ZTQzYTRkZDNjNGUzNjNmZTQ1MGZiNTp7Il9hdXRoX3VzZXJfYmFja2VuZCI6ImRqYW5nby5jb250cmliLmF1dGguYmFja2VuZHMuTW9kZWxCYWNrZW5kIiwiX2F1dGhfdXNlcl9oYXNoIjoiYWM2YmY3OTk4NDY4YTE1MWRjZTY3YTJmMzAwYzZiODlkMGUyNTM2MCIsIl9hdXRoX3VzZXJfaWQiOiI1In0=", "expire_date": "2016-04-28T13:58:54.170Z"}, "model": "sessions.session"}, {"pk": "ovsyb7yopskr3bipl7nxk64r8kshc50h", "fields": {"session_data": "M2M1MDg5MTYwNjc4MzM5M2JlN2RkNWY3MTVlNjYwNjljZmUwNjQwMTp7Il9hdXRoX3VzZXJfaGFzaCI6ImFjNmJmNzk5ODQ2OGExNTFkY2U2N2EyZjMwMGM2Yjg5ZDBlMjUzNjAiLCJfYXV0aF91c2VyX2JhY2tlbmQiOiJkamFuZ28uY29udHJpYi5hdXRoLmJhY2tlbmRzLk1vZGVsQmFja2VuZCIsIl9hdXRoX3VzZXJfaWQiOiI1In0=", "expire_date": "2016-04-20T02:22:55.583Z"}, "model": "sessions.session"}, {"pk": "tcgev05wma4s3l7wym169eely2qs1ls0", "fields": {"session_data": "M2M1MDg5MTYwNjc4MzM5M2JlN2RkNWY3MTVlNjYwNjljZmUwNjQwMTp7Il9hdXRoX3VzZXJfaGFzaCI6ImFjNmJmNzk5ODQ2OGExNTFkY2U2N2EyZjMwMGM2Yjg5ZDBlMjUzNjAiLCJfYXV0aF91c2VyX2JhY2tlbmQiOiJkamFuZ28uY29udHJpYi5hdXRoLmJhY2tlbmRzLk1vZGVsQmFja2VuZCIsIl9hdXRoX3VzZXJfaWQiOiI1In0=", "expire_date": "2016-04-27T09:13:16.660Z"}, "model": "sessions.session"}, {"pk": "vfd1wl1mky8no6k4swfx7u13372x6i1d", "fields": {"session_data": "M2M1MDg5MTYwNjc4MzM5M2JlN2RkNWY3MTVlNjYwNjljZmUwNjQwMTp7Il9hdXRoX3VzZXJfaGFzaCI6ImFjNmJmNzk5ODQ2OGExNTFkY2U2N2EyZjMwMGM2Yjg5ZDBlMjUzNjAiLCJfYXV0aF91c2VyX2JhY2tlbmQiOiJkamFuZ28uY29udHJpYi5hdXRoLmJhY2tlbmRzLk1vZGVsQmFja2VuZCIsIl9hdXRoX3VzZXJfaWQiOiI1In0=", "expire_date": "2016-04-20T03:43:33.528Z"}, "model": "sessions.session"}, {"pk": 1, "fields": {"phone_contacted_count": 0, "pinterest_shared_count": 0, "three_count": 2, "likes_count": 0, "complains_count": 0, "created_at": "2015-11-21T03:15:48Z", "ratings_count": 4, "email_contacted_count": 0, "linkedin_shared_count": 0, "five_count": 0, "views_count": 673, "updated_at": null, "fun_survey_score": 0.0, "one_count": 1, "email_shared_count": 3, "favorites_count": 0, "four_count": 1, "twitter_shared_count": 0, "two_count": 0, "facebook_shared_count": 3, "fun_review_score": 0.0, "map_contacted_count": 0, "ratings_total": 11, "fun_count": 0, "google_shared_count": 0, "scans_count": 0}, "model": "alatting_website.posterstatistics"}, {"pk": 6, "fields": {"phone_contacted_count": 0, "pinterest_shared_count": 0, "three_count": 1, "likes_count": 1, "complains_count": 0, "created_at": "2016-04-11T07:55:50.739Z", "ratings_count": 1, "email_contacted_count": 0, "linkedin_shared_count": 0, "five_count": 0, "views_count": 535, "updated_at": "2016-04-11T07:55:50.739Z", "fun_survey_score": 0.0, "one_count": 0, "email_shared_count": 1, "favorites_count": 0, "four_count": 0, "twitter_shared_count": 0, "two_count": 0, "facebook_shared_count": 0, "fun_review_score": 0.0, "map_contacted_count": 0, "ratings_total": 3, "fun_count": 1, "google_shared_count": 0, "scans_count": 0}, "model": "alatting_website.posterstatistics"}, {"pk": 1, "fields": {"phone_contacted_count": 0, "pinterest_shared_count": 0, "three_count": 0, "likes_count": 0, "complains_count": 0, "created_at": "2015-11-27T19:13:37Z", "ratings_count": 0, "email_contacted_count": 0, "linkedin_shared_count": 0, "five_count": 0, "views_count": 0, "updated_at": null, "fun_survey_score": 0.0, "one_count": 0, "email_shared_count": 0, "favorites_count": 0, "four_count": 0, "twitter_shared_count": 0, "two_count": 0, "facebook_shared_count": 0, "fun_review_score": 0.0, "map_contacted_count": 0, "ratings_total": 0, "fun_count": 0, "google_shared_count": 0, "scans_count": 0}, "model": "alatting_website.historystatistics"}, {"pk": 6, "fields": {"phone_contacted_count": 0, "pinterest_shared_count": 0, "three_count": 0, "likes_count": 0, "complains_count": 0, "created_at": "2016-04-11T07:55:50.743Z", "ratings_count": 0, "email_contacted_count": 0, "linkedin_shared_count": 0, "five_count": 0, "views_count": 0, "updated_at": "2016-04-11T07:55:50.744Z", "fun_survey_score": 0.0, "one_count": 0, "email_shared_count": 0, "favorites_count": 0, "four_count": 0, "twitter_shared_count": 0, "two_count": 0, "facebook_shared_count": 0, "fun_review_score": 0.0, "map_contacted_count": 0, "ratings_total": 0, "fun_count": 0, "google_shared_count": 0, "scans_count": 0}, "model": "alatting_website.historystatistics"}, {"pk": 1, "fields": {"poster": 6, "ip_address": "192.168.1.105"}, "model": "alatting_website.posterfun"}, {"pk": 1, "fields": {"width": 594, "uuid": "a14f859435c34577acd1abaa609698a0", "file": "images/2015/09/23/92180490f431414e9b160002d91f15db.png", "created_at": "2015-09-23T21:56:48Z", "format": "png", "height": 128}, "model": "alatting_website.image"}, {"pk": 2, "fields": {"width": 1920, "uuid": "8167084b575e497cab36fd54e56c6665", "file": "images/2015/09/23/2bcd27648100432e8c86d193271591cf.png", "created_at": "2015-09-23T22:02:25Z", "format": "png", "height": 1440}, "model": "alatting_website.image"}, {"pk": 3, "fields": {"width": 1460, "uuid": "d853a5c31b5945a098d7e4daed81556d", "file": "images/2015/09/23/4c795e20ec2f489d862a79a5a428826b.PNG", "created_at": "2015-09-23T22:02:39Z", "format": "PNG", "height": 775}, "model": "alatting_website.image"}, {"pk": 4, "fields": {"width": 991, "uuid": "7b6b26263c2245fd8d9f5c725d4a32b9", "file": "images/2015/09/23/eab0c4ef73704536b3e026475a1aae67.PNG", "created_at": "2015-09-23T22:02:43Z", "format": "PNG", "height": 909}, "model": "alatting_website.image"}, {"pk": 5, "fields": {"width": 1026, "uuid": "d9478b15a40f46e9bfae38194dd50eb0", "file": "images/2015/09/23/7b7837c7bfbc47eba950952ff1490b06.PNG", "created_at": "2015-09-23T22:02:47Z", "format": "PNG", "height": 906}, "model": "alatting_website.image"}, {"pk": 6, "fields": {"width": 1013, "uuid": "3334826e3cd04832a3378b8f49e4c170", "file": "images/2015/09/23/ba39ba074c294f409e0d96244829b5ee.PNG", "created_at": "2015-09-23T22:03:08Z", "format": "PNG", "height": 781}, "model": "alatting_website.image"}, {"pk": 7, "fields": {"width": 3264, "uuid": "7fcf9aa2e5614d1b9a09ab2548512bdc", "file": "images/2015/09/23/c1ef0a0998b24b42bfbead5151e1148b.PNG", "created_at": "2015-09-23T22:03:22Z", "format": "PNG", "height": 2448}, "model": "alatting_website.image"}, {"pk": 8, "fields": {"width": 2448, "uuid": "6de839654b3e4461a7a973ba5b05a2b0", "file": "images/2015/09/23/9b284ac9954b4e8b8779fe088d9b55f8.png", "created_at": "2015-09-23T22:03:46Z", "format": "png", "height": 3264}, "model": "alatting_website.image"}, {"pk": 9, "fields": {"width": 2448, "uuid": "0ac5117d7b3b4e2f8d7d87030233ab75", "file": "images/2015/09/23/0d2c62213b844e29970abb69c7eaccf6.png", "created_at": "2015-09-23T22:04:06Z", "format": "png", "height": 2448}, "model": "alatting_website.image"}, {"pk": 10, "fields": {"width": 2000, "uuid": "a84043037f2447649a8baa14db8bc1e3", "file": "images/2015/09/23/62e4733884394971a7615fc173236acd.png", "created_at": "2015-09-23T22:04:16Z", "format": "png", "height": 1333}, "model": "alatting_website.image"}, {"pk": 11, "fields": {"width": 2000, "uuid": "67f7ae9b91b742779f2c2cdae5f4ef85", "file": "images/2015/09/23/f375ac8eb4f548a9a43f203daf2336c0.png", "created_at": "2015-09-23T22:04:26Z", "format": "png", "height": 1333}, "model": "alatting_website.image"}, {"pk": 12, "fields": {"width": 3264, "uuid": "8f9aaf83a231456cb108e34fb23962ed", "file": "images/2015/09/23/22ca7b1a54a040838c32643d64afaa48.png", "created_at": "2015-09-23T22:04:55Z", "format": "png", "height": 2448}, "model": "alatting_website.image"}, {"pk": 13, "fields": {"width": 108, "uuid": "45e04523415e418c84709eaa0785eee9", "file": "images/2016/04/11/1b5d5a323bfe4f96a3f23fb042ff4cd2.jpg", "created_at": "2016-04-11T07:43:09.895Z", "format": "jpg", "height": 108}, "model": "alatting_website.image"}, {"pk": 15, "fields": {"width": 562, "uuid": "abc6a4ce7b464951b52a71fe50833417", "file": "images/2016/04/12/3d4601961f894c2883e83241dec83223.png", "created_at": "2016-04-12T03:14:52.012Z", "format": "png", "height": 248}, "model": "alatting_website.image"}, {"pk": 16, "fields": {"width": 871, "uuid": "d8aee392cc6a475390d92592c594cc4c", "file": "images/2016/04/13/0bfe3317931f4a1bbc5ce85055b1d17d.png", "created_at": "2016-04-13T06:46:11.538Z", "format": "png", "height": 388}, "model": "alatting_website.image"}, {"pk": 17, "fields": {"width": 1242, "uuid": "accf80b6a59c498486d49b1f9e155dc5", "file": "images/2016/04/13/94246f0b6ad24eb4996a904c7f1602e5.jpg", "created_at": "2016-04-13T07:01:58.077Z", "format": "jpg", "height": 487}, "model": "alatting_website.image"}, {"pk": 18, "fields": {"width": 1242, "uuid": "0bf1f4a2503e45a8ba93df07f2ea5c42", "file": "images/2016/04/13/559b90b8e85d4ad4af44c6d075f388a7.jpg", "created_at": "2016-04-13T07:05:04.078Z", "format": "jpg", "height": 489}, "model": "alatting_website.image"}, {"pk": 19, "fields": {"width": 1242, "uuid": "4e7b877f5c444fd3b385c032579b3436", "file": "images/2016/04/13/58fb7a64deb44877803d8269279041e8.jpg", "created_at": "2016-04-13T09:13:39.222Z", "format": "jpg", "height": 201}, "model": "alatting_website.image"}, {"pk": 1, "fields": {"file": "music/2015/09/23/745f07fbc5014e54b9835bf5d985b5b8.mp3", "created_at": "2015-09-23T21:59:22Z", "format": "mp3", "uuid": "e00f5c389f1b46948530079e368fa8d9"}, "model": "alatting_website.music"}, {"pk": 1, "fields": {"preview": "/media/videos/2015/09/23/4ca3bb5041bf4d059c5d270606ed4631.jpg", "file": "videos/2015/09/23/4ca3bb5041bf4d059c5d270606ed4631.mp4", "created_at": "2015-09-23T22:10:21Z", "format": "mp4", "uuid": "48f4b841f23d4db897e6f9c51bb86643"}, "model": "alatting_website.video"}, {"pk": 3, "fields": {"preview": "/media/videos/2016/04/13/96ca4b251a384459b439b8107091d1c3.jpg", "file": "videos/2016/04/13/96ca4b251a384459b439b8107091d1c3.mp4", "created_at": "2016-04-13T04:08:01.042Z", "format": "mp4", "uuid": "c7ebf1810c524edb9fdb5cb1d50d783f"}, "model": "alatting_website.video"}, {"pk": 4, "fields": {"preview": "/media/videos/2016/04/13/c37a13ce9508463f863cc1f48ae1f2e7.jpg", "file": "videos/2016/04/13/c37a13ce9508463f863cc1f48ae1f2e7.mp4", "created_at": "2016-04-13T10:31:48.643Z", "format": "mp4", "uuid": "86cf24739fe24020b9363f0d03d2e308"}, "model": "alatting_website.video"}, {"pk": 1, "fields": {"poster": 1, "name": "image_1", "image": 2}, "model": "alatting_website.posterimage"}, {"pk": 2, "fields": {"poster": 1, "name": "logo", "image": 1}, "model": "alatting_website.posterimage"}, {"pk": 3, "fields": {"poster": 1, "name": "image_3", "image": 3}, "model": "alatting_website.posterimage"}, {"pk": 4, "fields": {"poster": 1, "name": "image_4", "image": 4}, "model": "alatting_website.posterimage"}, {"pk": 5, "fields": {"poster": 1, "name": "image_5", "image": 5}, "model": "alatting_website.posterimage"}, {"pk": 6, "fields": {"poster": 1, "name": "image_6", "image": 6}, "model": "alatting_website.posterimage"}, {"pk": 7, "fields": {"poster": 1, "name": "image_7", "image": 7}, "model": "alatting_website.posterimage"}, {"pk": 8, "fields": {"poster": 1, "name": "image_8", "image": 8}, "model": "alatting_website.posterimage"}, {"pk": 9, "fields": {"poster": 1, "name": "image_9", "image": 9}, "model": "alatting_website.posterimage"}, {"pk": 10, "fields": {"poster": 1, "name": "image_10", "image": 10}, "model": "alatting_website.posterimage"}, {"pk": 11, "fields": {"poster": 1, "name": "image_11", "image": 11}, "model": "alatting_website.posterimage"}, {"pk": 12, "fields": {"poster": 1, "name": "image_2", "image": 12}, "model": "alatting_website.posterimage"}, {"pk": 13, "fields": {"poster": 6, "name": "logo", "image": 15}, "model": "alatting_website.posterimage"}, {"pk": 14, "fields": {"poster": 6, "name": "banner3551", "image": 16}, "model": "alatting_website.posterimage"}, {"pk": 15, "fields": {"poster": 6, "name": "slider3551_image_1", "image": 17}, "model": "alatting_website.posterimage"}, {"pk": 16, "fields": {"poster": 6, "name": "slider3551_image_2", "image": 18}, "model": "alatting_website.posterimage"}, {"pk": 17, "fields": {"poster": 6, "name": "bottom3551", "image": 19}, "model": "alatting_website.posterimage"}, {"pk": 1, "fields": {"poster": 1, "name": "video_1", "video": 1}, "model": "alatting_website.postervideo"}, {"pk": 3, "fields": {"poster": 6, "name": "plan3551", "video": 3}, "model": "alatting_website.postervideo"}, {"pk": 1, "fields": {"poster": 1, "index": 0, "template": 1, "name": "COMPANY"}, "model": "alatting_website.posterpage"}, {"pk": 2, "fields": {"poster": 6, "index": 0, "template": 2, "name": "3551Project"}, "model": "alatting_website.posterpage"}, {"pk": 1, "fields": {"poster": 6, "name": "3551project_text", "poster_page": 2, "content": "3551\u4eba\u624d\u8ba1\u5212"}, "model": "alatting_website.pagetext"}, {"pk": 1, "fields": {"name": "Activity Invitation", "tags": "", "type": "Activity", "parent": null, "description": "Activity / Party Invitation"}, "model": "alatting_website.category"}, {"pk": 2, "fields": {"name": "Business Marketing", "tags": "", "type": "", "parent": null, "description": "Business Marketing"}, "model": "alatting_website.category"}, {"pk": 3, "fields": {"name": "Product Promotion", "tags": "", "type": "", "parent": null, "description": "Profuct Promotion"}, "model": "alatting_website.category"}, {"pk": 4, "fields": {"name": "Personal & Expert Branding", "tags": "", "type": "", "parent": null, "description": "Personal & Expert Brandin"}, "model": "alatting_website.category"}, {"pk": 5, "fields": {"name": "Marriage Invitation", "tags": "", "type": "", "parent": 1, "description": "Marriage Invitation"}, "model": "alatting_website.category"}, {"pk": 6, "fields": {"name": "Dating Invitation", "tags": "", "type": "", "parent": 1, "description": "Dating Invitation"}, "model": "alatting_website.category"}, {"pk": 7, "fields": {"name": "Education Marketing", "tags": "", "type": "", "parent": 2, "description": "Education Marketing"}, "model": "alatting_website.category"}, {"pk": 8, "fields": {"name": "School Marketing", "tags": "", "type": "", "parent": 2, "description": "School Marketing"}, "model": "alatting_website.category"}, {"pk": 9, "fields": {"name": "Art Auction", "tags": "", "type": "", "parent": 3, "description": "Art Auctio"}, "model": "alatting_website.category"}, {"pk": 10, "fields": {"name": "Cosmetics Promotion", "tags": "", "type": "", "parent": 3, "description": "Cosmetics Promotion"}, "model": "alatting_website.category"}, {"pk": 11, "fields": {"name": "Lawyer Branding", "tags": "", "type": "", "parent": 4, "description": "Lawyer Branding"}, "model": "alatting_website.category"}, {"pk": 12, "fields": {"name": "Doctor Branding", "tags": "", "type": "", "parent": 4, "description": "Doctor Branding"}, "model": "alatting_website.category"}, {"pk": 13, "fields": {"name": "Birthday Invitation", "tags": "", "type": "", "parent": 1, "description": "Birthday Invitation"}, "model": "alatting_website.category"}, {"pk": 14, "fields": {"name": "Enterprise Marketing", "tags": "", "type": "", "parent": 2, "description": "Enterprise Marketing"}, "model": "alatting_website.category"}, {"pk": 15, "fields": {"name": "Car Promotion", "tags": "", "type": "", "parent": 3, "description": "Car Promotion"}, "model": "alatting_website.category"}, {"pk": 16, "fields": {"name": "Designer Branding", "tags": "", "type": "", "parent": 4, "description": "Designer Branding"}, "model": "alatting_website.category"}, {"pk": 17, "fields": {"name": "aa", "tags": "adfd", "type": "Business", "parent": 1, "description": "aaa"}, "model": "alatting_website.category"}, {"pk": 1, "fields": {"state": "CA", "country": "USA", "address1": "2181 E Foothill Blvd", "updated_at": "2015-09-23T21:58:21Z", "created_at": "2015-09-23T21:58:21Z", "address2": "", "city": "Pasadena", "post_code": "91007"}, "model": "alatting_website.address"}, {"pk": 2, "fields": {"state": "CA", "country": "USA", "address1": "2181 E Foothill Blvd", "updated_at": "2015-09-23T21:58:43Z", "created_at": "2015-09-23T21:58:43Z", "address2": "", "city": "Pasadena", "post_code": "91007"}, "model": "alatting_website.address"}, {"pk": 3, "fields": {"state": "\u6e56\u5317", "country": "\u4e2d\u56fd", "address1": "\u6b66\u6c49\u5149\u8c37\u56fd\u9645\u5e7f\u573a", "updated_at": "2016-04-11T07:44:41.725Z", "created_at": "2016-04-11T07:44:41.725Z", "address2": "", "city": "\u6b66\u6c49", "post_code": "430070"}, "model": "alatting_website.address"}, {"pk": 1, "fields": {"name": "first"}, "model": "alatting_website.template"}, {"pk": 2, "fields": {"name": "yunye"}, "model": "alatting_website.template"}, {"pk": 1, "fields": {"left": 0.0, "width": 63.5, "template": 1, "top": 0.0, "name": "top-left", "polygon": "0 0, 100% 0, 0 100%", "height": 49.0}, "model": "alatting_website.templateregion"}, {"pk": 2, "fields": {"left": 51.0, "width": 49.0, "template": 1, "top": 0.0, "name": "top-right", "polygon": "0 23.2%, 30.3% 0, 100% 0, 100% 100%", "height": 49.0}, "model": "alatting_website.templateregion"}, {"pk": 3, "fields": {"left": 0.0, "width": 100.0, "template": 1, "top": 12.06, "name": "middle", "polygon": "0 54.73%,0 45.27%, 50% 0, 100% 45.27%, 100% 54.73%, 50% 100%", "height": 84.58}, "model": "alatting_website.templateregion"}, {"pk": 4, "fields": {"left": 0.0, "width": 52.0, "template": 1, "top": 60.0, "name": "bottom-left", "polygon": "44% 44%, 100% 100%, 0 100%, 0 86%", "height": 40.0}, "model": "alatting_website.templateregion"}, {"pk": 5, "fields": {"left": 51.3, "width": 48.7, "template": 1, "top": 60.0, "name": "bottom-right", "polygon": "0 94%, 100% 0, 100% 100%, 6% 100%", "height": 40.0}, "model": "alatting_website.templateregion"}, {"pk": 6, "fields": {"left": 0.0, "width": 100.0, "template": 2, "top": 0.0, "name": "videos", "polygon": "", "height": 30.0}, "model": "alatting_website.templateregion"}, {"pk": 7, "fields": {"left": 0.0, "width": 100.0, "template": 2, "top": 30.0, "name": "banner", "polygon": "", "height": 30.0}, "model": "alatting_website.templateregion"}, {"pk": 8, "fields": {"left": 0.0, "width": 100.0, "template": 2, "top": 60.0, "name": "slider", "polygon": "", "height": 30.0}, "model": "alatting_website.templateregion"}, {"pk": 9, "fields": {"left": 0.0, "width": 100.0, "template": 2, "top": 90.0, "name": "bottom", "polygon": "", "height": 10.0}, "model": "alatting_website.templateregion"}, {"pk": 1, "fields": {"name": "Can add log entry", "codename": "add_logentry", "content_type": 1}, "model": "auth.permission"}, {"pk": 2, "fields": {"name": "Can change log entry", "codename": "change_logentry", "content_type": 1}, "model": "auth.permission"}, {"pk": 3, "fields": {"name": "Can delete log entry", "codename": "delete_logentry", "content_type": 1}, "model": "auth.permission"}, {"pk": 4, "fields": {"name": "Can add permission", "codename": "add_permission", "content_type": 2}, "model": "auth.permission"}, {"pk": 5, "fields": {"name": "Can change permission", "codename": "change_permission", "content_type": 2}, "model": "auth.permission"}, {"pk": 6, "fields": {"name": "Can delete permission", "codename": "delete_permission", "content_type": 2}, "model": "auth.permission"}, {"pk": 7, "fields": {"name": "Can add group", "codename": "add_group", "content_type": 3}, "model": "auth.permission"}, {"pk": 8, "fields": {"name": "Can change group", "codename": "change_group", "content_type": 3}, "model": "auth.permission"}, {"pk": 9, "fields": {"name": "Can delete group", "codename": "delete_group", "content_type": 3}, "model": "auth.permission"}, {"pk": 10, "fields": {"name": "Can add user", "codename": "add_user", "content_type": 4}, "model": "auth.permission"}, {"pk": 11, "fields": {"name": "Can change user", "codename": "change_user", "content_type": 4}, "model": "auth.permission"}, {"pk": 12, "fields": {"name": "Can delete user", "codename": "delete_user", "content_type": 4}, "model": "auth.permission"}, {"pk": 13, "fields": {"name": "Can add content type", "codename": "add_contenttype", "content_type": 5}, "model": "auth.permission"}, {"pk": 14, "fields": {"name": "Can change content type", "codename": "change_contenttype", "content_type": 5}, "model": "auth.permission"}, {"pk": 15, "fields": {"name": "Can delete content type", "codename": "delete_contenttype", "content_type": 5}, "model": "auth.permission"}, {"pk": 16, "fields": {"name": "Can add session", "codename": "add_session", "content_type": 6}, "model": "auth.permission"}, {"pk": 17, "fields": {"name": "Can change session", "codename": "change_session", "content_type": 6}, "model": "auth.permission"}, {"pk": 18, "fields": {"name": "Can delete session", "codename": "delete_session", "content_type": 6}, "model": "auth.permission"}, {"pk": 19, "fields": {"name": "Can add task state", "codename": "add_taskmeta", "content_type": 7}, "model": "auth.permission"}, {"pk": 20, "fields": {"name": "Can change task state", "codename": "change_taskmeta", "content_type": 7}, "model": "auth.permission"}, {"pk": 21, "fields": {"name": "Can delete task state", "codename": "delete_taskmeta", "content_type": 7}, "model": "auth.permission"}, {"pk": 22, "fields": {"name": "Can add saved group result", "codename": "add_tasksetmeta", "content_type": 8}, "model": "auth.permission"}, {"pk": 23, "fields": {"name": "Can change saved group result", "codename": "change_tasksetmeta", "content_type": 8}, "model": "auth.permission"}, {"pk": 24, "fields": {"name": "Can delete saved group result", "codename": "delete_tasksetmeta", "content_type": 8}, "model": "auth.permission"}, {"pk": 25, "fields": {"name": "Can add interval", "codename": "add_intervalschedule", "content_type": 9}, "model": "auth.permission"}, {"pk": 26, "fields": {"name": "Can change interval", "codename": "change_intervalschedule", "content_type": 9}, "model": "auth.permission"}, {"pk": 27, "fields": {"name": "Can delete interval", "codename": "delete_intervalschedule", "content_type": 9}, "model": "auth.permission"}, {"pk": 28, "fields": {"name": "Can add crontab", "codename": "add_crontabschedule", "content_type": 10}, "model": "auth.permission"}, {"pk": 29, "fields": {"name": "Can change crontab", "codename": "change_crontabschedule", "content_type": 10}, "model": "auth.permission"}, {"pk": 30, "fields": {"name": "Can delete crontab", "codename": "delete_crontabschedule", "content_type": 10}, "model": "auth.permission"}, {"pk": 31, "fields": {"name": "Can add periodic tasks", "codename": "add_periodictasks", "content_type": 11}, "model": "auth.permission"}, {"pk": 32, "fields": {"name": "Can change periodic tasks", "codename": "change_periodictasks", "content_type": 11}, "model": "auth.permission"}, {"pk": 33, "fields": {"name": "Can delete periodic tasks", "codename": "delete_periodictasks", "content_type": 11}, "model": "auth.permission"}, {"pk": 34, "fields": {"name": "Can add periodic task", "codename": "add_periodictask", "content_type": 12}, "model": "auth.permission"}, {"pk": 35, "fields": {"name": "Can change periodic task", "codename": "change_periodictask", "content_type": 12}, "model": "auth.permission"}, {"pk": 36, "fields": {"name": "Can delete periodic task", "codename": "delete_periodictask", "content_type": 12}, "model": "auth.permission"}, {"pk": 37, "fields": {"name": "Can add worker", "codename": "add_workerstate", "content_type": 13}, "model": "auth.permission"}, {"pk": 38, "fields": {"name": "Can change worker", "codename": "change_workerstate", "content_type": 13}, "model": "auth.permission"}, {"pk": 39, "fields": {"name": "Can delete worker", "codename": "delete_workerstate", "content_type": 13}, "model": "auth.permission"}, {"pk": 40, "fields": {"name": "Can add task", "codename": "add_taskstate", "content_type": 14}, "model": "auth.permission"}, {"pk": 41, "fields": {"name": "Can change task", "codename": "change_taskstate", "content_type": 14}, "model": "auth.permission"}, {"pk": 42, "fields": {"name": "Can delete task", "codename": "delete_taskstate", "content_type": 14}, "model": "auth.permission"}, {"pk": 43, "fields": {"name": "Can add poster statistics", "codename": "add_posterstatistics", "content_type": 15}, "model": "auth.permission"}, {"pk": 44, "fields": {"name": "Can change poster statistics", "codename": "change_posterstatistics", "content_type": 15}, "model": "auth.permission"}, {"pk": 45, "fields": {"name": "Can delete poster statistics", "codename": "delete_posterstatistics", "content_type": 15}, "model": "auth.permission"}, {"pk": 46, "fields": {"name": "Can add history statistics", "codename": "add_historystatistics", "content_type": 16}, "model": "auth.permission"}, {"pk": 47, "fields": {"name": "Can change history statistics", "codename": "change_historystatistics", "content_type": 16}, "model": "auth.permission"}, {"pk": 48, "fields": {"name": "Can delete history statistics", "codename": "delete_historystatistics", "content_type": 16}, "model": "auth.permission"}, {"pk": 49, "fields": {"name": "Can add poster like", "codename": "add_posterlike", "content_type": 17}, "model": "auth.permission"}, {"pk": 50, "fields": {"name": "Can change poster like", "codename": "change_posterlike", "content_type": 17}, "model": "auth.permission"}, {"pk": 51, "fields": {"name": "Can delete poster like", "codename": "delete_posterlike", "content_type": 17}, "model": "auth.permission"}, {"pk": 52, "fields": {"name": "Can add poster fun", "codename": "add_posterfun", "content_type": 18}, "model": "auth.permission"}, {"pk": 53, "fields": {"name": "Can change poster fun", "codename": "change_posterfun", "content_type": 18}, "model": "auth.permission"}, {"pk": 54, "fields": {"name": "Can delete poster fun", "codename": "delete_posterfun", "content_type": 18}, "model": "auth.permission"}, {"pk": 55, "fields": {"name": "Can add rating", "codename": "add_rating", "content_type": 19}, "model": "auth.permission"}, {"pk": 56, "fields": {"name": "Can change rating", "codename": "change_rating", "content_type": 19}, "model": "auth.permission"}, {"pk": 57, "fields": {"name": "Can delete rating", "codename": "delete_rating", "content_type": 19}, "model": "auth.permission"}, {"pk": 58, "fields": {"name": "Can add comment", "codename": "add_comment", "content_type": 20}, "model": "auth.permission"}, {"pk": 59, "fields": {"name": "Can change comment", "codename": "change_comment", "content_type": 20}, "model": "auth.permission"}, {"pk": 60, "fields": {"name": "Can delete comment", "codename": "delete_comment", "content_type": 20}, "model": "auth.permission"}, {"pk": 61, "fields": {"name": "Can add image", "codename": "add_image", "content_type": 21}, "model": "auth.permission"}, {"pk": 62, "fields": {"name": "Can change image", "codename": "change_image", "content_type": 21}, "model": "auth.permission"}, {"pk": 63, "fields": {"name": "Can delete image", "codename": "delete_image", "content_type": 21}, "model": "auth.permission"}, {"pk": 64, "fields": {"name": "Can add music", "codename": "add_music", "content_type": 22}, "model": "auth.permission"}, {"pk": 65, "fields": {"name": "Can change music", "codename": "change_music", "content_type": 22}, "model": "auth.permission"}, {"pk": 66, "fields": {"name": "Can delete music", "codename": "delete_music", "content_type": 22}, "model": "auth.permission"}, {"pk": 67, "fields": {"name": "Can add video", "codename": "add_video", "content_type": 23}, "model": "auth.permission"}, {"pk": 68, "fields": {"name": "Can change video", "codename": "change_video", "content_type": 23}, "model": "auth.permission"}, {"pk": 69, "fields": {"name": "Can delete video", "codename": "delete_video", "content_type": 23}, "model": "auth.permission"}, {"pk": 70, "fields": {"name": "Can add poster image", "codename": "add_posterimage", "content_type": 24}, "model": "auth.permission"}, {"pk": 71, "fields": {"name": "Can change poster image", "codename": "change_posterimage", "content_type": 24}, "model": "auth.permission"}, {"pk": 72, "fields": {"name": "Can delete poster image", "codename": "delete_posterimage", "content_type": 24}, "model": "auth.permission"}, {"pk": 73, "fields": {"name": "Can add poster video", "codename": "add_postervideo", "content_type": 25}, "model": "auth.permission"}, {"pk": 74, "fields": {"name": "Can change poster video", "codename": "change_postervideo", "content_type": 25}, "model": "auth.permission"}, {"pk": 75, "fields": {"name": "Can delete poster video", "codename": "delete_postervideo", "content_type": 25}, "model": "auth.permission"}, {"pk": 76, "fields": {"name": "Can add poster", "codename": "add_poster", "content_type": 26}, "model": "auth.permission"}, {"pk": 77, "fields": {"name": "Can change poster", "codename": "change_poster", "content_type": 26}, "model": "auth.permission"}, {"pk": 78, "fields": {"name": "Can delete poster", "codename": "delete_poster", "content_type": 26}, "model": "auth.permission"}, {"pk": 79, "fields": {"name": "Can add poster page", "codename": "add_posterpage", "content_type": 27}, "model": "auth.permission"}, {"pk": 80, "fields": {"name": "Can change poster page", "codename": "change_posterpage", "content_type": 27}, "model": "auth.permission"}, {"pk": 81, "fields": {"name": "Can delete poster page", "codename": "delete_posterpage", "content_type": 27}, "model": "auth.permission"}, {"pk": 82, "fields": {"name": "Can add page text", "codename": "add_pagetext", "content_type": 28}, "model": "auth.permission"}, {"pk": 83, "fields": {"name": "Can change page text", "codename": "change_pagetext", "content_type": 28}, "model": "auth.permission"}, {"pk": 84, "fields": {"name": "Can delete page text", "codename": "delete_pagetext", "content_type": 28}, "model": "auth.permission"}, {"pk": 85, "fields": {"name": "Can add activity invitation", "codename": "add_activityinvitation", "content_type": 29}, "model": "auth.permission"}, {"pk": 86, "fields": {"name": "Can change activity invitation", "codename": "change_activityinvitation", "content_type": 29}, "model": "auth.permission"}, {"pk": 87, "fields": {"name": "Can delete activity invitation", "codename": "delete_activityinvitation", "content_type": 29}, "model": "auth.permission"}, {"pk": 88, "fields": {"name": "Can add business marketing", "codename": "add_businessmarketing", "content_type": 30}, "model": "auth.permission"}, {"pk": 89, "fields": {"name": "Can change business marketing", "codename": "change_businessmarketing", "content_type": 30}, "model": "auth.permission"}, {"pk": 90, "fields": {"name": "Can delete business marketing", "codename": "delete_businessmarketing", "content_type": 30}, "model": "auth.permission"}, {"pk": 91, "fields": {"name": "Can add product sell", "codename": "add_productsell", "content_type": 31}, "model": "auth.permission"}, {"pk": 92, "fields": {"name": "Can change product sell", "codename": "change_productsell", "content_type": 31}, "model": "auth.permission"}, {"pk": 93, "fields": {"name": "Can delete product sell", "codename": "delete_productsell", "content_type": 31}, "model": "auth.permission"}, {"pk": 94, "fields": {"name": "Can add expert show", "codename": "add_expertshow", "content_type": 32}, "model": "auth.permission"}, {"pk": 95, "fields": {"name": "Can change expert show", "codename": "change_expertshow", "content_type": 32}, "model": "auth.permission"}, {"pk": 96, "fields": {"name": "Can delete expert show", "codename": "delete_expertshow", "content_type": 32}, "model": "auth.permission"}, {"pk": 97, "fields": {"name": "Can add person", "codename": "add_person", "content_type": 33}, "model": "auth.permission"}, {"pk": 98, "fields": {"name": "Can change person", "codename": "change_person", "content_type": 33}, "model": "auth.permission"}, {"pk": 99, "fields": {"name": "Can delete person", "codename": "delete_person", "content_type": 33}, "model": "auth.permission"}, {"pk": 100, "fields": {"name": "Can add category", "codename": "add_category", "content_type": 34}, "model": "auth.permission"}, {"pk": 101, "fields": {"name": "Can change category", "codename": "change_category", "content_type": 34}, "model": "auth.permission"}, {"pk": 102, "fields": {"name": "Can delete category", "codename": "delete_category", "content_type": 34}, "model": "auth.permission"}, {"pk": 103, "fields": {"name": "Can add address", "codename": "add_address", "content_type": 35}, "model": "auth.permission"}, {"pk": 104, "fields": {"name": "Can change address", "codename": "change_address", "content_type": 35}, "model": "auth.permission"}, {"pk": 105, "fields": {"name": "Can delete address", "codename": "delete_address", "content_type": 35}, "model": "auth.permission"}, {"pk": 106, "fields": {"name": "Can add template", "codename": "add_template", "content_type": 36}, "model": "auth.permission"}, {"pk": 107, "fields": {"name": "Can change template", "codename": "change_template", "content_type": 36}, "model": "auth.permission"}, {"pk": 108, "fields": {"name": "Can delete template", "codename": "delete_template", "content_type": 36}, "model": "auth.permission"}, {"pk": 109, "fields": {"name": "Can add template region", "codename": "add_templateregion", "content_type": 37}, "model": "auth.permission"}, {"pk": 110, "fields": {"name": "Can change template region", "codename": "change_templateregion", "content_type": 37}, "model": "auth.permission"}, {"pk": 111, "fields": {"name": "Can delete template region", "codename": "delete_templateregion", "content_type": 37}, "model": "auth.permission"}, {"pk": 112, "fields": {"name": "Can add poster favorites", "codename": "add_posterfavorites", "content_type": 38}, "model": "auth.permission"}, {"pk": 113, "fields": {"name": "Can change poster favorites", "codename": "change_posterfavorites", "content_type": 38}, "model": "auth.permission"}, {"pk": 114, "fields": {"name": "Can delete poster favorites", "codename": "delete_posterfavorites", "content_type": 38}, "model": "auth.permission"}, {"pk": 115, "fields": {"name": "Can add business card", "codename": "add_businesscard", "content_type": 39}, "model": "auth.permission"}, {"pk": 116, "fields": {"name": "Can change business card", "codename": "change_businesscard", "content_type": 39}, "model": "auth.permission"}, {"pk": 117, "fields": {"name": "Can delete business card", "codename": "delete_businesscard", "content_type": 39}, "model": "auth.permission"}, {"pk": 1, "fields": {"is_staff": true, "password": "pbkdf2_sha256$20000$hpeZiDProOzt$wBzJNflSTvSZJvQ9UtX45EOnA6dt1uKIXWHrPESpNS4=", "username": "bob", "groups": [], "is_superuser": true, "user_permissions": [], "first_name": "", "email": "caobaohua@gmail.com", "last_name": "", "date_joined": "2015-11-10T01:17:59Z", "is_active": true, "last_login": "2015-11-10T01:18:08Z"}, "model": "auth.user"}, {"pk": 2, "fields": {"is_staff": true, "password": "pbkdf2_sha256$20000$96ZJivpEupx1$0oaDVJjj2U4dYXVwEbfM6OxHBs/upPK5TkMCnYgx2D4=", "username": "alatting", "groups": [], "is_superuser": true, "user_permissions": [], "first_name": "baohua", "email": "info@alatting.com", "last_name": "cao", "date_joined": "2015-09-25T23:56:10Z", "is_active": true, "last_login": null}, "model": "auth.user"}, {"pk": 3, "fields": {"is_staff": false, "password": "pbkdf2_sha256$20000$sqGeDA69uXfx$Hpd+V3HRgj/pga4cXRaHKE86qVTUSo+c7Kh+GWtbgAo=", "username": "jerry", "groups": [], "is_superuser": false, "user_permissions": [], "first_name": "jerry", "email": "jerry@alatting.com", "last_name": "chen", "date_joined": "2015-11-12T02:59:07Z", "is_active": true, "last_login": "2015-11-18T03:15:02Z"}, "model": "auth.user"}, {"pk": 4, "fields": {"is_staff": true, "password": "pbkdf2_sha256$20000$cwDEKFgBpPx7$OiNEBJHLcouJRit+kMhK8wZcH4VZcrh7TORyHyrUTMs=", "username": "info", "groups": [], "is_superuser": true, "user_permissions": [], "first_name": "", "email": "info@info.com", "last_name": "", "date_joined": "2015-09-23T21:55:09Z", "is_active": true, "last_login": "2016-04-13T03:12:29.003Z"}, "model": "auth.user"}, {"pk": 5, "fields": {"is_staff": true, "password": "pbkdf2_sha256$20000$3ye5zaGQFiGS$Linwz3KkUm71Mx+et+6tSICakfod8ldn6hyWGRVP9nk=", "username": "admin", "groups": [], "is_superuser": true, "user_permissions": [], "first_name": "", "email": "admin@admin.com", "last_name": "", "date_joined": "2016-04-05T05:45:28.471Z", "is_active": true, "last_login": "2016-04-14T13:58:54.164Z"}, "model": "auth.user"}, {"pk": 1, "fields": {"poster": 6, "liked": true, "creator": 5}, "model": "alatting_website.posterlike"}, {"pk": 1, "fields": {"poster": 1, "rate": 3, "created_at": "2016-01-16T02:51:24Z", "creator": 4}, "model": "alatting_website.rating"}, {"pk": 2, "fields": {"poster": 6, "rate": 3, "created_at": "2016-04-11T09:02:51.580Z", "creator": 5}, "model": "alatting_website.rating"}, {"pk": 1, "fields": {"parent": null, "content": "This is a nice place to work!", "poster": 1, "created_at": "2015-11-09T22:16:48Z", "title": "Good company", "creator": 2}, "model": "alatting_website.comment"}, {"pk": 2, "fields": {"parent": null, "content": "This is an international company!", "poster": 1, "created_at": "2015-11-09T22:17:57Z", "title": "Super awesome!", "creator": 1}, "model": "alatting_website.comment"}, {"pk": 1, "fields": {"unique_name": "alatting", "mobile": "2134006368", "address": 2, "lifetime_type": "specific_days", "created_at": "2015-09-23T22:01:33Z", "phone": "3234444444", "email": "info@alatting.com", "creator": 4, "lifetime_value": "{\"2015-11-23\": {\"time_start\": \"08:00 am\", \"enabled\": 1,\"time_end\": \"09:00 pm\", \"message\": \"Funding opening day and project demonstration\"}}", "music": 1, "script": "html5/2015/09/23/47b3768339674065b427545f63a224f7.js", "tags": "", "html": "html5/2015/09/23/47b3768339674065b427545f63a224f7.json", "height": 1024, "logo_image": 1, "status": "Active", "sub_category": 14, "lifetime_timezone": "America/Los_Angeles", "logo_title": "\u963f\u62c9\u9f0e\u9ad8\u79d1\u56fd\u9645\u80a1\u4efd\u6709\u9650\u516c\u53f8", "data": "html5/2015/09/23/47b3768339674065b427545f63a224f7.json", "width": 800, "short_description": "\u963f\u62c9\u9f0e\u603b\u90e8\u4f4d\u4e8e\u7f8e\u56fd\u6d1b\u6749\u77f6,\u4e13\u6ce8\u667a\u80fd\u6d77\u62a5\u8425\u9500", "css": "html5/2015/09/23/47b3768339674065b427545f63a224f7.css", "url": "www.alatting.com", "main_category": 2}, "model": "alatting_website.poster"}, {"pk": 6, "fields": {"unique_name": "3551", "mobile": "13800138000", "address": 3, "lifetime_type": "weekly", "created_at": "2016-04-11T07:55:50.728Z", "phone": "87280808", "email": "abc@yunye123.com", "creator": 5, "lifetime_value": "UTC", "music": null, "script": "", "tags": "3551", "html": "html5/2016/04/13/7da62f47b96e4af3a6beacac7e2acbc9.json", "height": 1024, "logo_image": 15, "status": "Draft", "sub_category": 1, "lifetime_timezone": "Asia/Shanghai", "logo_title": "3551\u5149\u8c37\u4eba\u624d\u8ba1\u5212", "data": "", "width": 800, "short_description": "3551\u5149\u8c37\u4eba\u624d\u8ba1\u5212", "css": "html5/2016/04/12/96d55ee0b5ad43c2ad23fb89efb2c9a9.css", "url": "http://www.yunye123.com", "main_category": 1}, "model": "alatting_website.poster"}, {"pk": 6, "fields": {"parking_notice_message": "", "invitation_message": "", "need_pre_notification": true, "activity_status": "coming", "activity_end_time": "2016-04-11T07:55:52.623Z", "activity_start_time": "2016-04-11T07:55:52.623Z", "accepted_count": 0, "pre_minutes_to_notify": 0, "activity_reminder_message": "", "special_description": "", "rejected_count": 0}, "model": "alatting_website.activityinvitation"}, {"pk": 1, "fields": {"gender": "Male", "avatar": "avatars/avatar.png"}, "model": "alatting_website.person"}, {"pk": 2, "fields": {"gender": "Male", "avatar": "avatars/2015/11/09/86ecc17e58f4461fbcaee510e44cbc9f.png"}, "model": "alatting_website.person"}, {"pk": 1, "fields": {"user": 5, "object_id": "2", "action_flag": 1, "object_repr": "2", "change_message": "", "action_time": "2016-04-06T03:44:15.838Z", "content_type": 23}, "model": "admin.logentry"}, {"pk": 2, "fields": {"user": 5, "object_id": "3", "action_flag": 1, "object_repr": "3", "change_message": "", "action_time": "2016-04-06T03:59:49.949Z", "content_type": 23}, "model": "admin.logentry"}, {"pk": 3, "fields": {"user": 5, "object_id": "2", "action_flag": 3, "object_repr": "2", "change_message": "", "action_time": "2016-04-06T03:59:59.710Z", "content_type": 23}, "model": "admin.logentry"}, {"pk": 4, "fields": {"user": 5, "object_id": "3", "action_flag": 3, "object_repr": "3", "change_message": "", "action_time": "2016-04-06T04:00:36.801Z", "content_type": 23}, "model": "admin.logentry"}, {"pk": 5, "fields": {"user": 5, "object_id": "4", "action_flag": 1, "object_repr": "4", "change_message": "", "action_time": "2016-04-06T04:02:31.249Z", "content_type": 23}, "model": "admin.logentry"}, {"pk": 6, "fields": {"user": 5, "object_id": "5", "action_flag": 1, "object_repr": "5", "change_message": "", "action_time": "2016-04-06T04:05:26.480Z", "content_type": 23}, "model": "admin.logentry"}, {"pk": 7, "fields": {"user": 5, "object_id": "6", "action_flag": 1, "object_repr": "6", "change_message": "", "action_time": "2016-04-06T04:08:29.109Z", "content_type": 23}, "model": "admin.logentry"}, {"pk": 8, "fields": {"user": 5, "object_id": "6", "action_flag": 3, "object_repr": "6", "change_message": "", "action_time": "2016-04-06T05:16:30.730Z", "content_type": 23}, "model": "admin.logentry"}, {"pk": 9, "fields": {"user": 5, "object_id": "5", "action_flag": 3, "object_repr": "5", "change_message": "", "action_time": "2016-04-06T05:16:30.734Z", "content_type": 23}, "model": "admin.logentry"}, {"pk": 10, "fields": {"user": 5, "object_id": "4", "action_flag": 3, "object_repr": "4", "change_message": "", "action_time": "2016-04-06T05:16:30.739Z", "content_type": 23}, "model": "admin.logentry"}, {"pk": 11, "fields": {"user": 5, "object_id": "7", "action_flag": 1, "object_repr": "7", "change_message": "", "action_time": "2016-04-06T05:20:41.378Z", "content_type": 23}, "model": "admin.logentry"}, {"pk": 12, "fields": {"user": 5, "object_id": "8", "action_flag": 1, "object_repr": "8", "change_message": "", "action_time": "2016-04-06T05:22:35.109Z", "content_type": 23}, "model": "admin.logentry"}, {"pk": 13, "fields": {"user": 5, "object_id": "9", "action_flag": 1, "object_repr": "9", "change_message": "", "action_time": "2016-04-06T05:33:12.138Z", "content_type": 23}, "model": "admin.logentry"}, {"pk": 14, "fields": {"user": 5, "object_id": "9", "action_flag": 3, "object_repr": "9", "change_message": "", "action_time": "2016-04-06T05:40:53.084Z", "content_type": 23}, "model": "admin.logentry"}, {"pk": 15, "fields": {"user": 5, "object_id": "8", "action_flag": 3, "object_repr": "8", "change_message": "", "action_time": "2016-04-06T05:40:53.088Z", "content_type": 23}, "model": "admin.logentry"}, {"pk": 16, "fields": {"user": 5, "object_id": "7", "action_flag": 3, "object_repr": "7", "change_message": "", "action_time": "2016-04-06T05:40:53.092Z", "content_type": 23}, "model": "admin.logentry"}, {"pk": 17, "fields": {"user": 5, "object_id": "17", "action_flag": 1, "object_repr": "aa", "change_message": "", "action_time": "2016-04-11T06:59:12.531Z", "content_type": 34}, "model": "admin.logentry"}, {"pk": 18, "fields": {"user": 5, "object_id": "13", "action_flag": 1, "object_repr": "13", "change_message": "", "action_time": "2016-04-11T07:43:09.918Z", "content_type": 21}, "model": "admin.logentry"}, {"pk": 19, "fields": {"user": 5, "object_id": "3", "action_flag": 1, "object_repr": "\u6b66\u6c49\u5149\u8c37\u56fd\u9645\u5e7f\u573a", "change_message": "", "action_time": "2016-04-11T07:44:41.728Z", "content_type": 35}, "model": "admin.logentry"}, {"pk": 20, "fields": {"user": 5, "object_id": "1", "action_flag": 2, "object_repr": "Activity Invitation", "change_message": "\u5df2\u4fee\u6539 type \u3002", "action_time": "2016-04-11T07:55:11.019Z", "content_type": 34}, "model": "admin.logentry"}, {"pk": 21, "fields": {"user": 5, "object_id": "6", "action_flag": 1, "object_repr": "6", "change_message": "", "action_time": "2016-04-11T07:55:52.631Z", "content_type": 26}, "model": "admin.logentry"}, {"pk": 22, "fields": {"user": 5, "object_id": "2", "action_flag": 1, "object_repr": "yunye", "change_message": "", "action_time": "2016-04-11T07:56:29.903Z", "content_type": 36}, "model": "admin.logentry"}, {"pk": 23, "fields": {"user": 5, "object_id": "13", "action_flag": 1, "object_repr": "13", "change_message": "", "action_time": "2016-04-11T09:16:59.475Z", "content_type": 24}, "model": "admin.logentry"}, {"pk": 24, "fields": {"user": 5, "object_id": "2", "action_flag": 1, "object_repr": "index", "change_message": "", "action_time": "2016-04-11T09:43:31.440Z", "content_type": 27}, "model": "admin.logentry"}, {"pk": 25, "fields": {"user": 5, "object_id": "2", "action_flag": 1, "object_repr": "2", "change_message": "", "action_time": "2016-04-11T09:44:40.898Z", "content_type": 23}, "model": "admin.logentry"}, {"pk": 26, "fields": {"user": 5, "object_id": "2", "action_flag": 1, "object_repr": "2", "change_message": "", "action_time": "2016-04-11T09:44:48.384Z", "content_type": 25}, "model": "admin.logentry"}, {"pk": 27, "fields": {"user": 5, "object_id": "14", "action_flag": 1, "object_repr": "14", "change_message": "", "action_time": "2016-04-11T09:45:14.482Z", "content_type": 21}, "model": "admin.logentry"}, {"pk": 28, "fields": {"user": 5, "object_id": "14", "action_flag": 1, "object_repr": "14", "change_message": "", "action_time": "2016-04-11T09:45:20.288Z", "content_type": 24}, "model": "admin.logentry"}, {"pk": 29, "fields": {"user": 5, "object_id": "6", "action_flag": 2, "object_repr": "6", "change_message": "\u5df2\u4fee\u6539 unique_name\uff0clogo_title\uff0cshort_description \u548c tags \u3002", "action_time": "2016-04-12T01:40:50.877Z", "content_type": 26}, "model": "admin.logentry"}, {"pk": 30, "fields": {"user": 5, "object_id": "14", "action_flag": 3, "object_repr": "14", "change_message": "", "action_time": "2016-04-12T02:23:55.982Z", "content_type": 24}, "model": "admin.logentry"}, {"pk": 31, "fields": {"user": 5, "object_id": "14", "action_flag": 3, "object_repr": "14", "change_message": "", "action_time": "2016-04-12T02:24:16.261Z", "content_type": 21}, "model": "admin.logentry"}, {"pk": 32, "fields": {"user": 5, "object_id": "6", "action_flag": 2, "object_repr": "6", "change_message": "\u5df2\u4fee\u6539 css \u3002", "action_time": "2016-04-12T02:50:27.930Z", "content_type": 26}, "model": "admin.logentry"}, {"pk": 33, "fields": {"user": 5, "object_id": "6", "action_flag": 2, "object_repr": "6", "change_message": "\u5df2\u4fee\u6539 css \u3002", "action_time": "2016-04-12T03:03:10.616Z", "content_type": 26}, "model": "admin.logentry"}, {"pk": 34, "fields": {"user": 5, "object_id": "2", "action_flag": 2, "object_repr": "3551", "change_message": "\u5df2\u4fee\u6539 name \u3002", "action_time": "2016-04-12T03:07:32.168Z", "content_type": 27}, "model": "admin.logentry"}, {"pk": 35, "fields": {"user": 5, "object_id": "2", "action_flag": 2, "object_repr": "3551Project", "change_message": "\u5df2\u4fee\u6539 name \u3002", "action_time": "2016-04-12T03:07:41.028Z", "content_type": 27}, "model": "admin.logentry"}, {"pk": 36, "fields": {"user": 5, "object_id": "6", "action_flag": 2, "object_repr": "6", "change_message": "\u5df2\u4fee\u6539 css \u3002", "action_time": "2016-04-12T03:13:00.323Z", "content_type": 26}, "model": "admin.logentry"}, {"pk": 37, "fields": {"user": 5, "object_id": "15", "action_flag": 1, "object_repr": "15", "change_message": "", "action_time": "2016-04-12T03:14:52.024Z", "content_type": 21}, "model": "admin.logentry"}, {"pk": 38, "fields": {"user": 5, "object_id": "6", "action_flag": 2, "object_repr": "6", "change_message": "\u5df2\u4fee\u6539 logo_image \u3002", "action_time": "2016-04-12T03:14:58.070Z", "content_type": 26}, "model": "admin.logentry"}, {"pk": 39, "fields": {"user": 5, "object_id": "13", "action_flag": 2, "object_repr": "13", "change_message": "\u5df2\u4fee\u6539 image \u3002", "action_time": "2016-04-12T03:15:27.689Z", "content_type": 24}, "model": "admin.logentry"}, {"pk": 40, "fields": {"user": 5, "object_id": "6", "action_flag": 2, "object_repr": "6", "change_message": "\u5df2\u4fee\u6539 css \u3002", "action_time": "2016-04-12T03:26:26.009Z", "content_type": 26}, "model": "admin.logentry"}, {"pk": 41, "fields": {"user": 5, "object_id": "6", "action_flag": 2, "object_repr": "6", "change_message": "\u5df2\u4fee\u6539 css \u3002", "action_time": "2016-04-12T03:28:53.341Z", "content_type": 26}, "model": "admin.logentry"}, {"pk": 42, "fields": {"user": 5, "object_id": "1", "action_flag": 1, "object_repr": "3551project_text", "change_message": "", "action_time": "2016-04-12T08:26:44.951Z", "content_type": 28}, "model": "admin.logentry"}, {"pk": 43, "fields": {"user": 5, "object_id": "6", "action_flag": 2, "object_repr": "6", "change_message": "\u5df2\u4fee\u6539 css \u3002", "action_time": "2016-04-13T03:31:53.263Z", "content_type": 26}, "model": "admin.logentry"}, {"pk": 44, "fields": {"user": 5, "object_id": "6", "action_flag": 2, "object_repr": "6", "change_message": "\u5df2\u4fee\u6539 html \u3002", "action_time": "2016-04-13T03:58:46.489Z", "content_type": 26}, "model": "admin.logentry"}, {"pk": 45, "fields": {"user": 5, "object_id": "6", "action_flag": 2, "object_repr": "6", "change_message": "\u5df2\u4fee\u6539 html \u3002", "action_time": "2016-04-13T04:00:26.498Z", "content_type": 26}, "model": "admin.logentry"}, {"pk": 46, "fields": {"user": 5, "object_id": "6", "action_flag": 2, "object_repr": "6", "change_message": "\u5df2\u4fee\u6539 html \u3002", "action_time": "2016-04-13T04:02:12.816Z", "content_type": 26}, "model": "admin.logentry"}, {"pk": 47, "fields": {"user": 5, "object_id": "6", "action_flag": 2, "object_repr": "6", "change_message": "\u5df2\u4fee\u6539 html \u3002", "action_time": "2016-04-13T04:03:07.828Z", "content_type": 26}, "model": "admin.logentry"}, {"pk": 48, "fields": {"user": 5, "object_id": "6", "action_flag": 2, "object_repr": "6", "change_message": "\u5df2\u4fee\u6539 html \u3002", "action_time": "2016-04-13T04:05:59.500Z", "content_type": 26}, "model": "admin.logentry"}, {"pk": 49, "fields": {"user": 5, "object_id": "6", "action_flag": 2, "object_repr": "6", "change_message": "\u5df2\u4fee\u6539 html \u3002", "action_time": "2016-04-13T04:06:40.917Z", "content_type": 26}, "model": "admin.logentry"}, {"pk": 50, "fields": {"user": 5, "object_id": "2", "action_flag": 3, "object_repr": "2", "change_message": "", "action_time": "2016-04-13T04:07:27.210Z", "content_type": 25}, "model": "admin.logentry"}, {"pk": 51, "fields": {"user": 5, "object_id": "2", "action_flag": 3, "object_repr": "2", "change_message": "", "action_time": "2016-04-13T04:07:46.832Z", "content_type": 23}, "model": "admin.logentry"}, {"pk": 52, "fields": {"user": 5, "object_id": "3", "action_flag": 1, "object_repr": "3", "change_message": "", "action_time": "2016-04-13T04:08:01.502Z", "content_type": 23}, "model": "admin.logentry"}, {"pk": 53, "fields": {"user": 5, "object_id": "3", "action_flag": 1, "object_repr": "3", "change_message": "", "action_time": "2016-04-13T04:08:36.436Z", "content_type": 25}, "model": "admin.logentry"}, {"pk": 54, "fields": {"user": 5, "object_id": "6", "action_flag": 2, "object_repr": "6", "change_message": "\u5df2\u4fee\u6539 html \u3002", "action_time": "2016-04-13T04:09:06.376Z", "content_type": 26}, "model": "admin.logentry"}, {"pk": 55, "fields": {"user": 5, "object_id": "6", "action_flag": 1, "object_repr": "videos", "change_message": "", "action_time": "2016-04-13T05:18:20.837Z", "content_type": 37}, "model": "admin.logentry"}, {"pk": 56, "fields": {"user": 5, "object_id": "6", "action_flag": 2, "object_repr": "6", "change_message": "\u5df2\u4fee\u6539 html \u3002", "action_time": "2016-04-13T05:20:50.559Z", "content_type": 26}, "model": "admin.logentry"}, {"pk": 57, "fields": {"user": 5, "object_id": "6", "action_flag": 2, "object_repr": "videos", "change_message": "\u5df2\u4fee\u6539 polygon \u3002", "action_time": "2016-04-13T05:25:02.372Z", "content_type": 37}, "model": "admin.logentry"}, {"pk": 58, "fields": {"user": 5, "object_id": "6", "action_flag": 2, "object_repr": "videos", "change_message": "\u5df2\u4fee\u6539 polygon \u3002", "action_time": "2016-04-13T05:26:23.612Z", "content_type": 37}, "model": "admin.logentry"}, {"pk": 59, "fields": {"user": 5, "object_id": "6", "action_flag": 2, "object_repr": "videos", "change_message": "\u5df2\u4fee\u6539 polygon \u3002", "action_time": "2016-04-13T05:32:14.931Z", "content_type": 37}, "model": "admin.logentry"}, {"pk": 60, "fields": {"user": 5, "object_id": "6", "action_flag": 2, "object_repr": "6", "change_message": "\u5df2\u4fee\u6539 css \u3002", "action_time": "2016-04-13T05:51:55.265Z", "content_type": 26}, "model": "admin.logentry"}, {"pk": 61, "fields": {"user": 5, "object_id": "6", "action_flag": 2, "object_repr": "6", "change_message": "\u5df2\u4fee\u6539 css \u3002", "action_time": "2016-04-13T05:52:57.870Z", "content_type": 26}, "model": "admin.logentry"}, {"pk": 62, "fields": {"user": 5, "object_id": "6", "action_flag": 2, "object_repr": "6", "change_message": "\u5df2\u4fee\u6539 css \u3002", "action_time": "2016-04-13T06:12:35.595Z", "content_type": 26}, "model": "admin.logentry"}, {"pk": 63, "fields": {"user": 5, "object_id": "6", "action_flag": 2, "object_repr": "6", "change_message": "\u5df2\u4fee\u6539 css \u3002", "action_time": "2016-04-13T06:14:11.444Z", "content_type": 26}, "model": "admin.logentry"}, {"pk": 64, "fields": {"user": 5, "object_id": "6", "action_flag": 2, "object_repr": "videos", "change_message": "\u5df2\u4fee\u6539 height \u3002", "action_time": "2016-04-13T06:17:23.237Z", "content_type": 37}, "model": "admin.logentry"}, {"pk": 65, "fields": {"user": 5, "object_id": "6", "action_flag": 2, "object_repr": "6", "change_message": "\u5df2\u4fee\u6539 css \u3002", "action_time": "2016-04-13T06:20:58.267Z", "content_type": 26}, "model": "admin.logentry"}, {"pk": 66, "fields": {"user": 5, "object_id": "6", "action_flag": 2, "object_repr": "6", "change_message": "\u5df2\u4fee\u6539 css \u3002", "action_time": "2016-04-13T06:36:26.822Z", "content_type": 26}, "model": "admin.logentry"}, {"pk": 67, "fields": {"user": 5, "object_id": "16", "action_flag": 1, "object_repr": "16", "change_message": "", "action_time": "2016-04-13T06:46:11.549Z", "content_type": 21}, "model": "admin.logentry"}, {"pk": 68, "fields": {"user": 5, "object_id": "14", "action_flag": 1, "object_repr": "14", "change_message": "", "action_time": "2016-04-13T06:46:20.493Z", "content_type": 24}, "model": "admin.logentry"}, {"pk": 69, "fields": {"user": 5, "object_id": "7", "action_flag": 1, "object_repr": "banner", "change_message": "", "action_time": "2016-04-13T06:47:19.772Z", "content_type": 37}, "model": "admin.logentry"}, {"pk": 70, "fields": {"user": 5, "object_id": "7", "action_flag": 2, "object_repr": "banner", "change_message": "\u5df2\u4fee\u6539 top \u548c height \u3002", "action_time": "2016-04-13T06:48:46.934Z", "content_type": 37}, "model": "admin.logentry"}, {"pk": 71, "fields": {"user": 5, "object_id": "6", "action_flag": 2, "object_repr": "6", "change_message": "\u5df2\u4fee\u6539 html \u3002", "action_time": "2016-04-13T06:50:39.977Z", "content_type": 26}, "model": "admin.logentry"}, {"pk": 72, "fields": {"user": 5, "object_id": "6", "action_flag": 2, "object_repr": "6", "change_message": "\u5df2\u4fee\u6539 html \u3002", "action_time": "2016-04-13T06:52:56.238Z", "content_type": 26}, "model": "admin.logentry"}, {"pk": 73, "fields": {"user": 5, "object_id": "7", "action_flag": 2, "object_repr": "banner", "change_message": "\u5df2\u4fee\u6539 top \u3002", "action_time": "2016-04-13T06:56:23.400Z", "content_type": 37}, "model": "admin.logentry"}, {"pk": 74, "fields": {"user": 5, "object_id": "8", "action_flag": 1, "object_repr": "slider", "change_message": "", "action_time": "2016-04-13T06:58:11.836Z", "content_type": 37}, "model": "admin.logentry"}, {"pk": 75, "fields": {"user": 5, "object_id": "17", "action_flag": 1, "object_repr": "17", "change_message": "", "action_time": "2016-04-13T07:01:58.090Z", "content_type": 21}, "model": "admin.logentry"}, {"pk": 76, "fields": {"user": 5, "object_id": "18", "action_flag": 1, "object_repr": "18", "change_message": "", "action_time": "2016-04-13T07:05:04.089Z", "content_type": 21}, "model": "admin.logentry"}, {"pk": 77, "fields": {"user": 5, "object_id": "15", "action_flag": 1, "object_repr": "15", "change_message": "", "action_time": "2016-04-13T07:05:24.319Z", "content_type": 24}, "model": "admin.logentry"}, {"pk": 78, "fields": {"user": 5, "object_id": "16", "action_flag": 1, "object_repr": "16", "change_message": "", "action_time": "2016-04-13T07:05:36.153Z", "content_type": 24}, "model": "admin.logentry"}, {"pk": 79, "fields": {"user": 5, "object_id": "6", "action_flag": 2, "object_repr": "6", "change_message": "\u5df2\u4fee\u6539 html \u3002", "action_time": "2016-04-13T07:06:52.926Z", "content_type": 26}, "model": "admin.logentry"}, {"pk": 80, "fields": {"user": 5, "object_id": "6", "action_flag": 2, "object_repr": "6", "change_message": "\u5df2\u4fee\u6539 css \u3002", "action_time": "2016-04-13T07:13:29.381Z", "content_type": 26}, "model": "admin.logentry"}, {"pk": 81, "fields": {"user": 5, "object_id": "17", "action_flag": 2, "object_repr": "17", "change_message": "\u5df2\u4fee\u6539 file \u3002", "action_time": "2016-04-13T07:53:03.943Z", "content_type": 21}, "model": "admin.logentry"}, {"pk": 82, "fields": {"user": 5, "object_id": "18", "action_flag": 2, "object_repr": "18", "change_message": "\u5df2\u4fee\u6539 file \u3002", "action_time": "2016-04-13T07:53:21.192Z", "content_type": 21}, "model": "admin.logentry"}, {"pk": 83, "fields": {"user": 5, "object_id": "6", "action_flag": 2, "object_repr": "6", "change_message": "\u5df2\u4fee\u6539 html \u3002", "action_time": "2016-04-13T07:54:03.226Z", "content_type": 26}, "model": "admin.logentry"}, {"pk": 84, "fields": {"user": 5, "object_id": "7", "action_flag": 2, "object_repr": "banner", "change_message": "\u5df2\u4fee\u6539 height \u3002", "action_time": "2016-04-13T07:58:02.113Z", "content_type": 37}, "model": "admin.logentry"}, {"pk": 85, "fields": {"user": 5, "object_id": "8", "action_flag": 2, "object_repr": "slider", "change_message": "\u5df2\u4fee\u6539 height \u3002", "action_time": "2016-04-13T07:58:14.462Z", "content_type": 37}, "model": "admin.logentry"}, {"pk": 86, "fields": {"user": 5, "object_id": "19", "action_flag": 1, "object_repr": "19", "change_message": "", "action_time": "2016-04-13T09:13:39.233Z", "content_type": 21}, "model": "admin.logentry"}, {"pk": 87, "fields": {"user": 5, "object_id": "17", "action_flag": 1, "object_repr": "17", "change_message": "", "action_time": "2016-04-13T09:14:12.496Z", "content_type": 24}, "model": "admin.logentry"}, {"pk": 88, "fields": {"user": 5, "object_id": "9", "action_flag": 1, "object_repr": "bottom", "change_message": "", "action_time": "2016-04-13T09:16:18.357Z", "content_type": 37}, "model": "admin.logentry"}, {"pk": 89, "fields": {"user": 5, "object_id": "6", "action_flag": 2, "object_repr": "6", "change_message": "\u5df2\u4fee\u6539 html \u3002", "action_time": "2016-04-13T09:16:49.696Z", "content_type": 26}, "model": "admin.logentry"}, {"pk": 90, "fields": {"user": 5, "object_id": "6", "action_flag": 2, "object_repr": "6", "change_message": "\u5df2\u4fee\u6539 css \u3002", "action_time": "2016-04-13T09:24:46.342Z", "content_type": 26}, "model": "admin.logentry"}, {"pk": 91, "fields": {"user": 5, "object_id": "6", "action_flag": 2, "object_repr": "6", "change_message": "\u5df2\u4fee\u6539 css \u3002", "action_time": "2016-04-13T10:27:40.589Z", "content_type": 26}, "model": "admin.logentry"}, {"pk": 92, "fields": {"user": 5, "object_id": "1", "action_flag": 2, "object_repr": "1", "change_message": "\u5df2\u4fee\u6539 preview \u3002", "action_time": "2016-04-13T10:30:07.852Z", "content_type": 23}, "model": "admin.logentry"}, {"pk": 93, "fields": {"user": 5, "object_id": "1", "action_flag": 2, "object_repr": "1", "change_message": "\u5df2\u4fee\u6539 preview \u3002", "action_time": "2016-04-13T10:30:15.373Z", "content_type": 23}, "model": "admin.logentry"}, {"pk": 94, "fields": {"user": 5, "object_id": "1", "action_flag": 2, "object_repr": "1", "change_message": "\u5df2\u4fee\u6539 file \u3002", "action_time": "2016-04-13T10:30:31.177Z", "content_type": 23}, "model": "admin.logentry"}, {"pk": 95, "fields": {"user": 5, "object_id": "1", "action_flag": 2, "object_repr": "1", "change_message": "\u5df2\u4fee\u6539 file \u3002", "action_time": "2016-04-13T10:30:42.655Z", "content_type": 23}, "model": "admin.logentry"}, {"pk": 96, "fields": {"user": 5, "object_id": "1", "action_flag": 2, "object_repr": "1", "change_message": "\u5df2\u4fee\u6539 file \u3002", "action_time": "2016-04-13T10:31:01.033Z", "content_type": 23}, "model": "admin.logentry"}, {"pk": 97, "fields": {"user": 5, "object_id": "4", "action_flag": 1, "object_repr": "4", "change_message": "", "action_time": "2016-04-13T10:31:48.918Z", "content_type": 23}, "model": "admin.logentry"}, {"pk": 98, "fields": {"user": 5, "object_id": "4", "action_flag": 2, "object_repr": "4", "change_message": "\u5df2\u4fee\u6539 file \u3002", "action_time": "2016-04-14T04:43:42.698Z", "content_type": 23}, "model": "admin.logentry"}, {"pk": 99, "fields": {"user": 5, "object_id": "3", "action_flag": 2, "object_repr": "3", "change_message": "\u5df2\u4fee\u6539 file \u3002", "action_time": "2016-04-14T04:45:32.739Z", "content_type": 23}, "model": "admin.logentry"}, {"pk": 100, "fields": {"user": 5, "object_id": "3", "action_flag": 2, "object_repr": "3", "change_message": "\u5df2\u4fee\u6539 file \u3002", "action_time": "2016-04-14T06:52:43.969Z", "content_type": 23}, "model": "admin.logentry"}, {"pk": 101, "fields": {"user": 5, "object_id": "3", "action_flag": 2, "object_repr": "3", "change_message": "\u5df2\u4fee\u6539 file \u3002", "action_time": "2016-04-14T06:57:23.211Z", "content_type": 23}, "model": "admin.logentry"}, {"pk": 102, "fields": {"user": 5, "object_id": "3", "action_flag": 2, "object_repr": "3", "change_message": "\u5df2\u4fee\u6539 file \u3002", "action_time": "2016-04-14T07:00:23.356Z", "content_type": 23}, "model": "admin.logentry"}, {"pk": 103, "fields": {"user": 5, "object_id": "3", "action_flag": 2, "object_repr": "3", "change_message": "\u6ca1\u6709\u5b57\u6bb5\u88ab\u4fee\u6539\u3002", "action_time": "2016-04-14T07:00:52.809Z", "content_type": 23}, "model": "admin.logentry"}, {"pk": 104, "fields": {"user": 5, "object_id": "3", "action_flag": 2, "object_repr": "3", "change_message": "\u5df2\u4fee\u6539 file \u3002", "action_time": "2016-04-14T07:09:49.303Z", "content_type": 23}, "model": "admin.logentry"}, {"pk": 105, "fields": {"user": 5, "object_id": "3", "action_flag": 2, "object_repr": "3", "change_message": "\u5df2\u4fee\u6539 file \u3002", "action_time": "2016-04-14T07:15:15.541Z", "content_type": 23}, "model": "admin.logentry"}, {"pk": 106, "fields": {"user": 5, "object_id": "3", "action_flag": 2, "object_repr": "3", "change_message": "\u5df2\u4fee\u6539 file \u3002", "action_time": "2016-04-14T07:29:53.293Z", "content_type": 23}, "model": "admin.logentry"}, {"pk": 107, "fields": {"user": 5, "object_id": "3", "action_flag": 2, "object_repr": "3", "change_message": "\u5df2\u4fee\u6539 file \u3002", "action_time": "2016-04-14T07:32:02.780Z", "content_type": 23}, "model": "admin.logentry"}, {"pk": 108, "fields": {"user": 5, "object_id": "3", "action_flag": 2, "object_repr": "3", "change_message": "\u5df2\u4fee\u6539 file \u3002", "action_time": "2016-04-14T07:37:57.872Z", "content_type": 23}, "model": "admin.logentry"}, {"pk": 109, "fields": {"user": 5, "object_id": "3", "action_flag": 2, "object_repr": "3", "change_message": "\u5df2\u4fee\u6539 file \u3002", "action_time": "2016-04-14T07:53:37.610Z", "content_type": 23}, "model": "admin.logentry"}, {"pk": 110, "fields": {"user": 5, "object_id": "3", "action_flag": 2, "object_repr": "3", "change_message": "\u5df2\u4fee\u6539 file \u548c format \u3002", "action_time": "2016-04-14T08:02:06.711Z", "content_type": 23}, "model": "admin.logentry"}, {"pk": 111, "fields": {"user": 5, "object_id": "3", "action_flag": 2, "object_repr": "3", "change_message": "\u5df2\u4fee\u6539 file \u3002", "action_time": "2016-04-14T08:07:58.925Z", "content_type": 23}, "model": "admin.logentry"}, {"pk": 112, "fields": {"user": 5, "object_id": "3", "action_flag": 2, "object_repr": "3", "change_message": "\u5df2\u4fee\u6539 file \u3002", "action_time": "2016-04-14T08:20:12.899Z", "content_type": 23}, "model": "admin.logentry"}, {"pk": 113, "fields": {"user": 5, "object_id": "3", "action_flag": 2, "object_repr": "3", "change_message": "\u5df2\u4fee\u6539 file \u3002", "action_time": "2016-04-14T08:26:33.111Z", "content_type": 23}, "model": "admin.logentry"}, {"pk": 114, "fields": {"user": 5, "object_id": "1", "action_flag": 2, "object_repr": "1", "change_message": "\u5df2\u4fee\u6539 file \u3002", "action_time": "2016-04-14T08:31:50.523Z", "content_type": 23}, "model": "admin.logentry"}, {"pk": 115, "fields": {"user": 5, "object_id": "1", "action_flag": 2, "object_repr": "1", "change_message": "\u5df2\u4fee\u6539 file \u3002", "action_time": "2016-04-14T08:39:35.174Z", "content_type": 23}, "model": "admin.logentry"}, {"pk": 116, "fields": {"user": 5, "object_id": "1", "action_flag": 2, "object_repr": "1", "change_message": "\u5df2\u4fee\u6539 file \u3002", "action_time": "2016-04-14T08:40:28.809Z", "content_type": 23}, "model": "admin.logentry"}, {"pk": 117, "fields": {"user": 5, "object_id": "3", "action_flag": 2, "object_repr": "3", "change_message": "\u5df2\u4fee\u6539 file \u3002", "action_time": "2016-04-14T09:05:54.854Z", "content_type": 23}, "model": "admin.logentry"}, {"pk": 118, "fields": {"user": 5, "object_id": "3", "action_flag": 2, "object_repr": "3", "change_message": "\u5df2\u4fee\u6539 file \u3002", "action_time": "2016-04-14T09:19:39.367Z", "content_type": 23}, "model": "admin.logentry"}, {"pk": 119, "fields": {"user": 5, "object_id": "3", "action_flag": 2, "object_repr": "3", "change_message": "\u5df2\u4fee\u6539 file \u3002", "action_time": "2016-04-14T09:32:00.868Z", "content_type": 23}, "model": "admin.logentry"}, {"pk": 120, "fields": {"user": 5, "object_id": "3", "action_flag": 2, "object_repr": "3", "change_message": "\u5df2\u4fee\u6539 file \u3002", "action_time": "2016-04-14T09:47:30.711Z", "content_type": 23}, "model": "admin.logentry"}, {"pk": 121, "fields": {"user": 5, "object_id": "3", "action_flag": 2, "object_repr": "3", "change_message": "\u5df2\u4fee\u6539 file \u548c format \u3002", "action_time": "2016-04-14T10:23:06.549Z", "content_type": 23}, "model": "admin.logentry"}, {"pk": 122, "fields": {"user": 5, "object_id": "3", "action_flag": 2, "object_repr": "3", "change_message": "\u5df2\u4fee\u6539 file \u3002", "action_time": "2016-04-14T10:26:20.214Z", "content_type": 23}, "model": "admin.logentry"}, {"pk": 123, "fields": {"user": 5, "object_id": "3", "action_flag": 2, "object_repr": "3", "change_message": "\u5df2\u4fee\u6539 file \u3002", "action_time": "2016-04-14T10:27:11.149Z", "content_type": 23}, "model": "admin.logentry"}, {"pk": 124, "fields": {"user": 5, "object_id": "3", "action_flag": 2, "object_repr": "3", "change_message": "\u5df2\u4fee\u6539 file \u3002", "action_time": "2016-04-14T10:27:50.865Z", "content_type": 23}, "model": "admin.logentry"}]