[{"pk": 1, "model": "auth.permission", "fields": {"codename": "add_logentry", "name": "Can add log entry", "content_type": 1}}, {"pk": 2, "model": "auth.permission", "fields": {"codename": "change_logentry", "name": "Can change log entry", "content_type": 1}}, {"pk": 3, "model": "auth.permission", "fields": {"codename": "delete_logentry", "name": "Can delete log entry", "content_type": 1}}, {"pk": 4, "model": "auth.permission", "fields": {"codename": "add_permission", "name": "Can add permission", "content_type": 2}}, {"pk": 5, "model": "auth.permission", "fields": {"codename": "change_permission", "name": "Can change permission", "content_type": 2}}, {"pk": 6, "model": "auth.permission", "fields": {"codename": "delete_permission", "name": "Can delete permission", "content_type": 2}}, {"pk": 7, "model": "auth.permission", "fields": {"codename": "add_group", "name": "Can add group", "content_type": 3}}, {"pk": 8, "model": "auth.permission", "fields": {"codename": "change_group", "name": "Can change group", "content_type": 3}}, {"pk": 9, "model": "auth.permission", "fields": {"codename": "delete_group", "name": "Can delete group", "content_type": 3}}, {"pk": 10, "model": "auth.permission", "fields": {"codename": "add_user", "name": "Can add user", "content_type": 4}}, {"pk": 11, "model": "auth.permission", "fields": {"codename": "change_user", "name": "Can change user", "content_type": 4}}, {"pk": 12, "model": "auth.permission", "fields": {"codename": "delete_user", "name": "Can delete user", "content_type": 4}}, {"pk": 13, "model": "auth.permission", "fields": {"codename": "add_contenttype", "name": "Can add content type", "content_type": 5}}, {"pk": 14, "model": "auth.permission", "fields": {"codename": "change_contenttype", "name": "Can change content type", "content_type": 5}}, {"pk": 15, "model": "auth.permission", "fields": {"codename": "delete_contenttype", "name": "Can delete content type", "content_type": 5}}, {"pk": 16, "model": "auth.permission", "fields": {"codename": "add_session", "name": "Can add session", "content_type": 6}}, {"pk": 17, "model": "auth.permission", "fields": {"codename": "change_session", "name": "Can change session", "content_type": 6}}, {"pk": 18, "model": "auth.permission", "fields": {"codename": "delete_session", "name": "Can delete session", "content_type": 6}}, {"pk": 19, "model": "auth.permission", "fields": {"codename": "add_taskmeta", "name": "Can add task state", "content_type": 7}}, {"pk": 20, "model": "auth.permission", "fields": {"codename": "change_taskmeta", "name": "Can change task state", "content_type": 7}}, {"pk": 21, "model": "auth.permission", "fields": {"codename": "delete_taskmeta", "name": "Can delete task state", "content_type": 7}}, {"pk": 22, "model": "auth.permission", "fields": {"codename": "add_tasksetmeta", "name": "Can add saved group result", "content_type": 8}}, {"pk": 23, "model": "auth.permission", "fields": {"codename": "change_tasksetmeta", "name": "Can change saved group result", "content_type": 8}}, {"pk": 24, "model": "auth.permission", "fields": {"codename": "delete_tasksetmeta", "name": "Can delete saved group result", "content_type": 8}}, {"pk": 25, "model": "auth.permission", "fields": {"codename": "add_intervalschedule", "name": "Can add interval", "content_type": 9}}, {"pk": 26, "model": "auth.permission", "fields": {"codename": "change_intervalschedule", "name": "Can change interval", "content_type": 9}}, {"pk": 27, "model": "auth.permission", "fields": {"codename": "delete_intervalschedule", "name": "Can delete interval", "content_type": 9}}, {"pk": 28, "model": "auth.permission", "fields": {"codename": "add_crontabschedule", "name": "Can add crontab", "content_type": 10}}, {"pk": 29, "model": "auth.permission", "fields": {"codename": "change_crontabschedule", "name": "Can change crontab", "content_type": 10}}, {"pk": 30, "model": "auth.permission", "fields": {"codename": "delete_crontabschedule", "name": "Can delete crontab", "content_type": 10}}, {"pk": 31, "model": "auth.permission", "fields": {"codename": "add_periodictasks", "name": "Can add periodic tasks", "content_type": 11}}, {"pk": 32, "model": "auth.permission", "fields": {"codename": "change_periodictasks", "name": "Can change periodic tasks", "content_type": 11}}, {"pk": 33, "model": "auth.permission", "fields": {"codename": "delete_periodictasks", "name": "Can delete periodic tasks", "content_type": 11}}, {"pk": 34, "model": "auth.permission", "fields": {"codename": "add_periodictask", "name": "Can add periodic task", "content_type": 12}}, {"pk": 35, "model": "auth.permission", "fields": {"codename": "change_periodictask", "name": "Can change periodic task", "content_type": 12}}, {"pk": 36, "model": "auth.permission", "fields": {"codename": "delete_periodictask", "name": "Can delete periodic task", "content_type": 12}}, {"pk": 37, "model": "auth.permission", "fields": {"codename": "add_workerstate", "name": "Can add worker", "content_type": 13}}, {"pk": 38, "model": "auth.permission", "fields": {"codename": "change_workerstate", "name": "Can change worker", "content_type": 13}}, {"pk": 39, "model": "auth.permission", "fields": {"codename": "delete_workerstate", "name": "Can delete worker", "content_type": 13}}, {"pk": 40, "model": "auth.permission", "fields": {"codename": "add_taskstate", "name": "Can add task", "content_type": 14}}, {"pk": 41, "model": "auth.permission", "fields": {"codename": "change_taskstate", "name": "Can change task", "content_type": 14}}, {"pk": 42, "model": "auth.permission", "fields": {"codename": "delete_taskstate", "name": "Can delete task", "content_type": 14}}, {"pk": 43, "model": "auth.permission", "fields": {"codename": "add_posterstatistics", "name": "Can add poster statistics", "content_type": 15}}, {"pk": 44, "model": "auth.permission", "fields": {"codename": "change_posterstatistics", "name": "Can change poster statistics", "content_type": 15}}, {"pk": 45, "model": "auth.permission", "fields": {"codename": "delete_posterstatistics", "name": "Can delete poster statistics", "content_type": 15}}, {"pk": 46, "model": "auth.permission", "fields": {"codename": "add_historystatistics", "name": "Can add history statistics", "content_type": 16}}, {"pk": 47, "model": "auth.permission", "fields": {"codename": "change_historystatistics", "name": "Can change history statistics", "content_type": 16}}, {"pk": 48, "model": "auth.permission", "fields": {"codename": "delete_historystatistics", "name": "Can delete history statistics", "content_type": 16}}, {"pk": 49, "model": "auth.permission", "fields": {"codename": "add_posterlike", "name": "Can add poster like", "content_type": 17}}, {"pk": 50, "model": "auth.permission", "fields": {"codename": "change_posterlike", "name": "Can change poster like", "content_type": 17}}, {"pk": 51, "model": "auth.permission", "fields": {"codename": "delete_posterlike", "name": "Can delete poster like", "content_type": 17}}, {"pk": 52, "model": "auth.permission", "fields": {"codename": "add_posterfun", "name": "Can add poster fun", "content_type": 18}}, {"pk": 53, "model": "auth.permission", "fields": {"codename": "change_posterfun", "name": "Can change poster fun", "content_type": 18}}, {"pk": 54, "model": "auth.permission", "fields": {"codename": "delete_posterfun", "name": "Can delete poster fun", "content_type": 18}}, {"pk": 55, "model": "auth.permission", "fields": {"codename": "add_rating", "name": "Can add rating", "content_type": 19}}, {"pk": 56, "model": "auth.permission", "fields": {"codename": "change_rating", "name": "Can change rating", "content_type": 19}}, {"pk": 57, "model": "auth.permission", "fields": {"codename": "delete_rating", "name": "Can delete rating", "content_type": 19}}, {"pk": 58, "model": "auth.permission", "fields": {"codename": "add_comment", "name": "Can add comment", "content_type": 20}}, {"pk": 59, "model": "auth.permission", "fields": {"codename": "change_comment", "name": "Can change comment", "content_type": 20}}, {"pk": 60, "model": "auth.permission", "fields": {"codename": "delete_comment", "name": "Can delete comment", "content_type": 20}}, {"pk": 61, "model": "auth.permission", "fields": {"codename": "add_image", "name": "Can add image", "content_type": 21}}, {"pk": 62, "model": "auth.permission", "fields": {"codename": "change_image", "name": "Can change image", "content_type": 21}}, {"pk": 63, "model": "auth.permission", "fields": {"codename": "delete_image", "name": "Can delete image", "content_type": 21}}, {"pk": 64, "model": "auth.permission", "fields": {"codename": "add_music", "name": "Can add music", "content_type": 22}}, {"pk": 65, "model": "auth.permission", "fields": {"codename": "change_music", "name": "Can change music", "content_type": 22}}, {"pk": 66, "model": "auth.permission", "fields": {"codename": "delete_music", "name": "Can delete music", "content_type": 22}}, {"pk": 67, "model": "auth.permission", "fields": {"codename": "add_video", "name": "Can add video", "content_type": 23}}, {"pk": 68, "model": "auth.permission", "fields": {"codename": "change_video", "name": "Can change video", "content_type": 23}}, {"pk": 69, "model": "auth.permission", "fields": {"codename": "delete_video", "name": "Can delete video", "content_type": 23}}, {"pk": 70, "model": "auth.permission", "fields": {"codename": "add_posterimage", "name": "Can add poster image", "content_type": 24}}, {"pk": 71, "model": "auth.permission", "fields": {"codename": "change_posterimage", "name": "Can change poster image", "content_type": 24}}, {"pk": 72, "model": "auth.permission", "fields": {"codename": "delete_posterimage", "name": "Can delete poster image", "content_type": 24}}, {"pk": 73, "model": "auth.permission", "fields": {"codename": "add_postervideo", "name": "Can add poster video", "content_type": 25}}, {"pk": 74, "model": "auth.permission", "fields": {"codename": "change_postervideo", "name": "Can change poster video", "content_type": 25}}, {"pk": 75, "model": "auth.permission", "fields": {"codename": "delete_postervideo", "name": "Can delete poster video", "content_type": 25}}, {"pk": 76, "model": "auth.permission", "fields": {"codename": "add_poster", "name": "Can add poster", "content_type": 26}}, {"pk": 77, "model": "auth.permission", "fields": {"codename": "change_poster", "name": "Can change poster", "content_type": 26}}, {"pk": 78, "model": "auth.permission", "fields": {"codename": "delete_poster", "name": "Can delete poster", "content_type": 26}}, {"pk": 79, "model": "auth.permission", "fields": {"codename": "add_posterpage", "name": "Can add poster page", "content_type": 27}}, {"pk": 80, "model": "auth.permission", "fields": {"codename": "change_posterpage", "name": "Can change poster page", "content_type": 27}}, {"pk": 81, "model": "auth.permission", "fields": {"codename": "delete_posterpage", "name": "Can delete poster page", "content_type": 27}}, {"pk": 82, "model": "auth.permission", "fields": {"codename": "add_pagetext", "name": "Can add page text", "content_type": 28}}, {"pk": 83, "model": "auth.permission", "fields": {"codename": "change_pagetext", "name": "Can change page text", "content_type": 28}}, {"pk": 84, "model": "auth.permission", "fields": {"codename": "delete_pagetext", "name": "Can delete page text", "content_type": 28}}, {"pk": 85, "model": "auth.permission", "fields": {"codename": "add_activityinvitation", "name": "Can add activity invitation", "content_type": 29}}, {"pk": 86, "model": "auth.permission", "fields": {"codename": "change_activityinvitation", "name": "Can change activity invitation", "content_type": 29}}, {"pk": 87, "model": "auth.permission", "fields": {"codename": "delete_activityinvitation", "name": "Can delete activity invitation", "content_type": 29}}, {"pk": 88, "model": "auth.permission", "fields": {"codename": "add_businessmarketing", "name": "Can add business marketing", "content_type": 30}}, {"pk": 89, "model": "auth.permission", "fields": {"codename": "change_businessmarketing", "name": "Can change business marketing", "content_type": 30}}, {"pk": 90, "model": "auth.permission", "fields": {"codename": "delete_businessmarketing", "name": "Can delete business marketing", "content_type": 30}}, {"pk": 91, "model": "auth.permission", "fields": {"codename": "add_productsell", "name": "Can add product sell", "content_type": 31}}, {"pk": 92, "model": "auth.permission", "fields": {"codename": "change_productsell", "name": "Can change product sell", "content_type": 31}}, {"pk": 93, "model": "auth.permission", "fields": {"codename": "delete_productsell", "name": "Can delete product sell", "content_type": 31}}, {"pk": 94, "model": "auth.permission", "fields": {"codename": "add_expertshow", "name": "Can add expert show", "content_type": 32}}, {"pk": 95, "model": "auth.permission", "fields": {"codename": "change_expertshow", "name": "Can change expert show", "content_type": 32}}, {"pk": 96, "model": "auth.permission", "fields": {"codename": "delete_expertshow", "name": "Can delete expert show", "content_type": 32}}, {"pk": 97, "model": "auth.permission", "fields": {"codename": "add_person", "name": "Can add person", "content_type": 33}}, {"pk": 98, "model": "auth.permission", "fields": {"codename": "change_person", "name": "Can change person", "content_type": 33}}, {"pk": 99, "model": "auth.permission", "fields": {"codename": "delete_person", "name": "Can delete person", "content_type": 33}}, {"pk": 100, "model": "auth.permission", "fields": {"codename": "add_category", "name": "Can add category", "content_type": 34}}, {"pk": 101, "model": "auth.permission", "fields": {"codename": "change_category", "name": "Can change category", "content_type": 34}}, {"pk": 102, "model": "auth.permission", "fields": {"codename": "delete_category", "name": "Can delete category", "content_type": 34}}, {"pk": 103, "model": "auth.permission", "fields": {"codename": "add_address", "name": "Can add address", "content_type": 35}}, {"pk": 104, "model": "auth.permission", "fields": {"codename": "change_address", "name": "Can change address", "content_type": 35}}, {"pk": 105, "model": "auth.permission", "fields": {"codename": "delete_address", "name": "Can delete address", "content_type": 35}}, {"pk": 106, "model": "auth.permission", "fields": {"codename": "add_template", "name": "Can add template", "content_type": 36}}, {"pk": 107, "model": "auth.permission", "fields": {"codename": "change_template", "name": "Can change template", "content_type": 36}}, {"pk": 108, "model": "auth.permission", "fields": {"codename": "delete_template", "name": "Can delete template", "content_type": 36}}, {"pk": 109, "model": "auth.permission", "fields": {"codename": "add_templateregion", "name": "Can add template region", "content_type": 37}}, {"pk": 110, "model": "auth.permission", "fields": {"codename": "change_templateregion", "name": "Can change template region", "content_type": 37}}, {"pk": 111, "model": "auth.permission", "fields": {"codename": "delete_templateregion", "name": "Can delete template region", "content_type": 37}}, {"pk": 112, "model": "auth.permission", "fields": {"codename": "add_posterfavorites", "name": "Can add poster favorites", "content_type": 38}}, {"pk": 113, "model": "auth.permission", "fields": {"codename": "change_posterfavorites", "name": "Can change poster favorites", "content_type": 38}}, {"pk": 114, "model": "auth.permission", "fields": {"codename": "delete_posterfavorites", "name": "Can delete poster favorites", "content_type": 38}}, {"pk": 115, "model": "auth.permission", "fields": {"codename": "add_businesscard", "name": "Can add business card", "content_type": 39}}, {"pk": 116, "model": "auth.permission", "fields": {"codename": "change_businesscard", "name": "Can change business card", "content_type": 39}}, {"pk": 117, "model": "auth.permission", "fields": {"codename": "delete_businesscard", "name": "Can delete business card", "content_type": 39}}, {"pk": 118, "model": "auth.permission", "fields": {"codename": "add_postermorelink", "name": "Can add poster more link", "content_type": 40}}, {"pk": 119, "model": "auth.permission", "fields": {"codename": "change_postermorelink", "name": "Can change poster more link", "content_type": 40}}, {"pk": 120, "model": "auth.permission", "fields": {"codename": "delete_postermorelink", "name": "Can delete poster more link", "content_type": 40}}, {"pk": 1, "model": "auth.user", "fields": {"groups": [], "last_name": "", "email": "caobaohua@gmail.com", "username": "bob", "is_staff": true, "password": "pbkdf2_sha256$20000$hpeZiDProOzt$wBzJNflSTvSZJvQ9UtX45EOnA6dt1uKIXWHrPESpNS4=", "last_login": "2015-11-10T01:18:08Z", "date_joined": "2015-11-10T01:17:59Z", "first_name": "", "is_active": true, "is_superuser": true, "user_permissions": []}}, {"pk": 2, "model": "auth.user", "fields": {"groups": [], "last_name": "cao", "email": "info@alatting.com", "username": "alatting", "is_staff": true, "password": "pbkdf2_sha256$20000$96ZJivpEupx1$0oaDVJjj2U4dYXVwEbfM6OxHBs/upPK5TkMCnYgx2D4=", "last_login": null, "date_joined": "2015-09-25T23:56:10Z", "first_name": "baohua", "is_active": true, "is_superuser": true, "user_permissions": []}}, {"pk": 3, "model": "auth.user", "fields": {"groups": [], "last_name": "chen", "email": "jerry@alatting.com", "username": "jerry", "is_staff": false, "password": "pbkdf2_sha256$20000$sqGeDA69uXfx$Hpd+V3HRgj/pga4cXRaHKE86qVTUSo+c7Kh+GWtbgAo=", "last_login": "2015-11-18T03:15:02Z", "date_joined": "2015-11-12T02:59:07Z", "first_name": "jerry", "is_active": true, "is_superuser": false, "user_permissions": []}}, {"pk": 4, "model": "auth.user", "fields": {"groups": [], "last_name": "", "email": "info@info.com", "username": "info", "is_staff": true, "password": "pbkdf2_sha256$20000$cwDEKFgBpPx7$OiNEBJHLcouJRit+kMhK8wZcH4VZcrh7TORyHyrUTMs=", "last_login": "2016-04-13T03:12:29.003Z", "date_joined": "2015-09-23T21:55:09Z", "first_name": "", "is_active": true, "is_superuser": true, "user_permissions": []}}, {"pk": 5, "model": "auth.user", "fields": {"groups": [], "last_name": "", "email": "admin@admin.com", "username": "admin", "is_staff": true, "password": "pbkdf2_sha256$20000$3ye5zaGQFiGS$Linwz3KkUm71Mx+et+6tSICakfod8ldn6hyWGRVP9nk=", "last_login": "2016-04-15T03:49:28.320Z", "date_joined": "2016-04-05T05:45:28.471Z", "first_name": "", "is_active": true, "is_superuser": true, "user_permissions": []}}, {"pk": 1, "model": "alatting_website.posterstatistics", "fields": {"one_count": 1, "created_at": "2015-11-21T03:15:48Z", "ratings_total": 11, "views_count": 675, "phone_contacted_count": 0, "three_count": 2, "fun_survey_score": 0.0, "four_count": 1, "pinterest_shared_count": 0, "twitter_shared_count": 0, "complains_count": 0, "linkedin_shared_count": 0, "google_shared_count": 0, "map_contacted_count": 0, "ratings_count": 4, "facebook_shared_count": 3, "scans_count": 0, "favorites_count": 0, "five_count": 0, "fun_review_score": 0.0, "email_shared_count": 3, "likes_count": 0, "fun_count": 0, "updated_at": null, "two_count": 0, "email_contacted_count": 0}}, {"pk": 6, "model": "alatting_website.posterstatistics", "fields": {"one_count": 0, "created_at": "2016-04-11T07:55:50.739Z", "ratings_total": 3, "views_count": 674, "phone_contacted_count": 0, "three_count": 1, "fun_survey_score": 0.0, "four_count": 0, "pinterest_shared_count": 0, "twitter_shared_count": 0, "complains_count": 0, "linkedin_shared_count": 0, "google_shared_count": 0, "map_contacted_count": 0, "ratings_count": 1, "facebook_shared_count": 2, "scans_count": 0, "favorites_count": 0, "five_count": 0, "fun_review_score": 0.0, "email_shared_count": 4, "likes_count": 1, "fun_count": 1, "updated_at": "2016-04-11T07:55:50.739Z", "two_count": 0, "email_contacted_count": 0}}, {"pk": 1, "model": "alatting_website.historystatistics", "fields": {"one_count": 0, "created_at": "2015-11-27T19:13:37Z", "ratings_total": 0, "views_count": 0, "phone_contacted_count": 0, "three_count": 0, "fun_survey_score": 0.0, "four_count": 0, "pinterest_shared_count": 0, "twitter_shared_count": 0, "complains_count": 0, "linkedin_shared_count": 0, "google_shared_count": 0, "map_contacted_count": 0, "ratings_count": 0, "facebook_shared_count": 0, "scans_count": 0, "favorites_count": 0, "five_count": 0, "fun_review_score": 0.0, "email_shared_count": 0, "likes_count": 0, "fun_count": 0, "updated_at": null, "two_count": 0, "email_contacted_count": 0}}, {"pk": 6, "model": "alatting_website.historystatistics", "fields": {"one_count": 0, "created_at": "2016-04-11T07:55:50.743Z", "ratings_total": 0, "views_count": 0, "phone_contacted_count": 0, "three_count": 0, "fun_survey_score": 0.0, "four_count": 0, "pinterest_shared_count": 0, "twitter_shared_count": 0, "complains_count": 0, "linkedin_shared_count": 0, "google_shared_count": 0, "map_contacted_count": 0, "ratings_count": 0, "facebook_shared_count": 0, "scans_count": 0, "favorites_count": 0, "five_count": 0, "fun_review_score": 0.0, "email_shared_count": 0, "likes_count": 0, "fun_count": 0, "updated_at": "2016-04-11T07:55:50.744Z", "two_count": 0, "email_contacted_count": 0}}, {"pk": 1, "model": "alatting_website.posterlike", "fields": {"creator": 5, "liked": true, "poster": 6}}, {"pk": 1, "model": "alatting_website.posterfun", "fields": {"ip_address": "192.168.1.105", "poster": 6}}, {"pk": 1, "model": "alatting_website.rating", "fields": {"creator": 4, "rate": 3, "poster": 1, "created_at": "2016-01-16T02:51:24Z"}}, {"pk": 2, "model": "alatting_website.rating", "fields": {"creator": 5, "rate": 3, "poster": 6, "created_at": "2016-04-11T09:02:51.580Z"}}, {"pk": 1, "model": "alatting_website.comment", "fields": {"creator": 2, "poster": 1, "parent": null, "title": "Good company", "content": "This is a nice place to work!", "created_at": "2015-11-09T22:16:48Z"}}, {"pk": 2, "model": "alatting_website.comment", "fields": {"creator": 1, "poster": 1, "parent": null, "title": "Super awesome!", "content": "This is an international company!", "created_at": "2015-11-09T22:17:57Z"}}, {"pk": 1, "model": "alatting_website.image", "fields": {"created_at": "2015-09-23T21:56:48Z", "format": "png", "height": 128, "width": 594, "file": "images/2015/09/23/92180490f431414e9b160002d91f15db.png", "uuid": "a14f859435c34577acd1abaa609698a0"}}, {"pk": 2, "model": "alatting_website.image", "fields": {"created_at": "2015-09-23T22:02:25Z", "format": "png", "height": 1440, "width": 1920, "file": "images/2015/09/23/2bcd27648100432e8c86d193271591cf.png", "uuid": "8167084b575e497cab36fd54e56c6665"}}, {"pk": 3, "model": "alatting_website.image", "fields": {"created_at": "2015-09-23T22:02:39Z", "format": "PNG", "height": 775, "width": 1460, "file": "images/2015/09/23/4c795e20ec2f489d862a79a5a428826b.PNG", "uuid": "d853a5c31b5945a098d7e4daed81556d"}}, {"pk": 4, "model": "alatting_website.image", "fields": {"created_at": "2015-09-23T22:02:43Z", "format": "PNG", "height": 909, "width": 991, "file": "images/2015/09/23/eab0c4ef73704536b3e026475a1aae67.PNG", "uuid": "7b6b26263c2245fd8d9f5c725d4a32b9"}}, {"pk": 5, "model": "alatting_website.image", "fields": {"created_at": "2015-09-23T22:02:47Z", "format": "PNG", "height": 906, "width": 1026, "file": "images/2015/09/23/7b7837c7bfbc47eba950952ff1490b06.PNG", "uuid": "d9478b15a40f46e9bfae38194dd50eb0"}}, {"pk": 6, "model": "alatting_website.image", "fields": {"created_at": "2015-09-23T22:03:08Z", "format": "PNG", "height": 781, "width": 1013, "file": "images/2015/09/23/ba39ba074c294f409e0d96244829b5ee.PNG", "uuid": "3334826e3cd04832a3378b8f49e4c170"}}, {"pk": 7, "model": "alatting_website.image", "fields": {"created_at": "2015-09-23T22:03:22Z", "format": "PNG", "height": 2448, "width": 3264, "file": "images/2015/09/23/c1ef0a0998b24b42bfbead5151e1148b.PNG", "uuid": "7fcf9aa2e5614d1b9a09ab2548512bdc"}}, {"pk": 8, "model": "alatting_website.image", "fields": {"created_at": "2015-09-23T22:03:46Z", "format": "png", "height": 3264, "width": 2448, "file": "images/2015/09/23/9b284ac9954b4e8b8779fe088d9b55f8.png", "uuid": "6de839654b3e4461a7a973ba5b05a2b0"}}, {"pk": 9, "model": "alatting_website.image", "fields": {"created_at": "2015-09-23T22:04:06Z", "format": "png", "height": 2448, "width": 2448, "file": "images/2015/09/23/0d2c62213b844e29970abb69c7eaccf6.png", "uuid": "0ac5117d7b3b4e2f8d7d87030233ab75"}}, {"pk": 10, "model": "alatting_website.image", "fields": {"created_at": "2015-09-23T22:04:16Z", "format": "png", "height": 1333, "width": 2000, "file": "images/2015/09/23/62e4733884394971a7615fc173236acd.png", "uuid": "a84043037f2447649a8baa14db8bc1e3"}}, {"pk": 11, "model": "alatting_website.image", "fields": {"created_at": "2015-09-23T22:04:26Z", "format": "png", "height": 1333, "width": 2000, "file": "images/2015/09/23/f375ac8eb4f548a9a43f203daf2336c0.png", "uuid": "67f7ae9b91b742779f2c2cdae5f4ef85"}}, {"pk": 12, "model": "alatting_website.image", "fields": {"created_at": "2015-09-23T22:04:55Z", "format": "png", "height": 2448, "width": 3264, "file": "images/2015/09/23/22ca7b1a54a040838c32643d64afaa48.png", "uuid": "8f9aaf83a231456cb108e34fb23962ed"}}, {"pk": 13, "model": "alatting_website.image", "fields": {"created_at": "2016-04-11T07:43:09.895Z", "format": "jpg", "height": 108, "width": 108, "file": "images/2016/04/11/1b5d5a323bfe4f96a3f23fb042ff4cd2.jpg", "uuid": "45e04523415e418c84709eaa0785eee9"}}, {"pk": 15, "model": "alatting_website.image", "fields": {"created_at": "2016-04-12T03:14:52.012Z", "format": "png", "height": 248, "width": 562, "file": "images/2016/04/12/3d4601961f894c2883e83241dec83223.png", "uuid": "abc6a4ce7b464951b52a71fe50833417"}}, {"pk": 16, "model": "alatting_website.image", "fields": {"created_at": "2016-04-13T06:46:11.538Z", "format": "png", "height": 388, "width": 871, "file": "images/2016/04/13/0bfe3317931f4a1bbc5ce85055b1d17d.png", "uuid": "d8aee392cc6a475390d92592c594cc4c"}}, {"pk": 17, "model": "alatting_website.image", "fields": {"created_at": "2016-04-13T07:01:58.077Z", "format": "jpg", "height": 487, "width": 1242, "file": "images/2016/04/13/94246f0b6ad24eb4996a904c7f1602e5.jpg", "uuid": "accf80b6a59c498486d49b1f9e155dc5"}}, {"pk": 18, "model": "alatting_website.image", "fields": {"created_at": "2016-04-13T07:05:04.078Z", "format": "jpg", "height": 489, "width": 1242, "file": "images/2016/04/13/559b90b8e85d4ad4af44c6d075f388a7.jpg", "uuid": "0bf1f4a2503e45a8ba93df07f2ea5c42"}}, {"pk": 19, "model": "alatting_website.image", "fields": {"created_at": "2016-04-13T09:13:39.222Z", "format": "jpg", "height": 201, "width": 1242, "file": "images/2016/04/13/58fb7a64deb44877803d8269279041e8.jpg", "uuid": "4e7b877f5c444fd3b385c032579b3436"}}, {"pk": 1, "model": "alatting_website.music", "fields": {"format": "mp3", "created_at": "2015-09-23T21:59:22Z", "uuid": "e00f5c389f1b46948530079e368fa8d9", "file": "music/2015/09/23/745f07fbc5014e54b9835bf5d985b5b8.mp3"}}, {"pk": 1, "model": "alatting_website.video", "fields": {"preview": "/media/videos/2015/09/23/4ca3bb5041bf4d059c5d270606ed4631.jpg", "format": "mp4", "created_at": "2015-09-23T22:10:21Z", "uuid": "48f4b841f23d4db897e6f9c51bb86643", "file": "videos/2015/09/23/4ca3bb5041bf4d059c5d270606ed4631.mp4"}}, {"pk": 3, "model": "alatting_website.video", "fields": {"preview": "/media/videos/2016/04/13/96ca4b251a384459b439b8107091d1c3.jpg", "format": "mp4", "created_at": "2016-04-13T04:08:01.042Z", "uuid": "c7ebf1810c524edb9fdb5cb1d50d783f", "file": "videos/2016/04/13/96ca4b251a384459b439b8107091d1c3.mp4"}}, {"pk": 4, "model": "alatting_website.video", "fields": {"preview": "/media/videos/2016/04/13/c37a13ce9508463f863cc1f48ae1f2e7.jpg", "format": "mp4", "created_at": "2016-04-13T10:31:48.643Z", "uuid": "86cf24739fe24020b9363f0d03d2e308", "file": "videos/2016/04/13/c37a13ce9508463f863cc1f48ae1f2e7.mp4"}}, {"pk": 1, "model": "alatting_website.posterimage", "fields": {"image": 2, "name": "image_1", "poster": 1}}, {"pk": 2, "model": "alatting_website.posterimage", "fields": {"image": 1, "name": "logo", "poster": 1}}, {"pk": 3, "model": "alatting_website.posterimage", "fields": {"image": 3, "name": "image_3", "poster": 1}}, {"pk": 4, "model": "alatting_website.posterimage", "fields": {"image": 4, "name": "image_4", "poster": 1}}, {"pk": 5, "model": "alatting_website.posterimage", "fields": {"image": 5, "name": "image_5", "poster": 1}}, {"pk": 6, "model": "alatting_website.posterimage", "fields": {"image": 6, "name": "image_6", "poster": 1}}, {"pk": 7, "model": "alatting_website.posterimage", "fields": {"image": 7, "name": "image_7", "poster": 1}}, {"pk": 8, "model": "alatting_website.posterimage", "fields": {"image": 8, "name": "image_8", "poster": 1}}, {"pk": 9, "model": "alatting_website.posterimage", "fields": {"image": 9, "name": "image_9", "poster": 1}}, {"pk": 10, "model": "alatting_website.posterimage", "fields": {"image": 10, "name": "image_10", "poster": 1}}, {"pk": 11, "model": "alatting_website.posterimage", "fields": {"image": 11, "name": "image_11", "poster": 1}}, {"pk": 12, "model": "alatting_website.posterimage", "fields": {"image": 12, "name": "image_2", "poster": 1}}, {"pk": 13, "model": "alatting_website.posterimage", "fields": {"image": 15, "name": "logo", "poster": 6}}, {"pk": 14, "model": "alatting_website.posterimage", "fields": {"image": 16, "name": "banner3551", "poster": 6}}, {"pk": 15, "model": "alatting_website.posterimage", "fields": {"image": 17, "name": "slider3551_image_1", "poster": 6}}, {"pk": 16, "model": "alatting_website.posterimage", "fields": {"image": 18, "name": "slider3551_image_2", "poster": 6}}, {"pk": 17, "model": "alatting_website.posterimage", "fields": {"image": 19, "name": "bottom3551", "poster": 6}}, {"pk": 1, "model": "alatting_website.postervideo", "fields": {"video": 1, "name": "video_1", "poster": 1}}, {"pk": 3, "model": "alatting_website.postervideo", "fields": {"video": 3, "name": "plan3551", "poster": 6}}, {"pk": 1, "model": "alatting_website.poster", "fields": {"created_at": "2015-09-23T22:01:33Z", "status": "Active", "email": "info@alatting.com", "url": "www.alatting.com", "address": 2, "lifetime_value": "{\"2015-11-23\": {\"time_start\": \"08:00 am\", \"enabled\": 1,\"time_end\": \"09:00 pm\", \"message\": \"Funding opening day and project demonstration\"}}", "creator": 4, "css": "html5/2015/09/23/47b3768339674065b427545f63a224f7.css", "html": "html5/2015/09/23/47b3768339674065b427545f63a224f7.json", "short_description": "\u963f\u62c9\u9f0e\u603b\u90e8\u4f4d\u4e8e\u7f8e\u56fd\u6d1b\u6749\u77f6,\u4e13\u6ce8\u667a\u80fd\u6d77\u62a5\u8425\u9500", "width": 800, "music": 1, "mobile": "2134006368", "logo_image": 1, "unique_name": "alatting", "logo_title": "\u963f\u62c9\u9f0e\u9ad8\u79d1\u56fd\u9645\u80a1\u4efd\u6709\u9650\u516c\u53f8", "tags": "", "data": "html5/2015/09/23/47b3768339674065b427545f63a224f7.json", "sub_category": 14, "script": "html5/2015/09/23/47b3768339674065b427545f63a224f7.js", "phone": "3234444444", "lifetime_timezone": "America/Los_Angeles", "main_category": 2, "height": 1024, "lifetime_type": "specific_days"}}, {"pk": 6, "model": "alatting_website.poster", "fields": {"created_at": "2016-04-11T07:55:50.728Z", "status": "Draft", "email": "abc@yunye123.com", "url": "http://www.yunye123.com", "address": 3, "lifetime_value": "UTC", "creator": 5, "css": "html5/2016/04/12/96d55ee0b5ad43c2ad23fb89efb2c9a9.css", "html": "html5/2016/04/13/7da62f47b96e4af3a6beacac7e2acbc9.json", "short_description": "\u201c3551\u5149\u8c37\u4eba\u624d\u8ba1\u5212\u201d - \u6b66\u6c49\u4e1c\u6e56\u9ad8\u65b0\u533a\u542f\u52a8\u4e4b\u5f15\u624d\u8ba1\u5212", "width": 800, "music": null, "mobile": "13800138000", "logo_image": 15, "unique_name": "3551", "logo_title": "3551\u5149\u8c37\u4eba\u624d\u8ba1\u5212", "tags": "3551", "data": "", "sub_category": 1, "script": "", "phone": "87280808", "lifetime_timezone": "Asia/Shanghai", "main_category": 1, "height": 1024, "lifetime_type": "weekly"}}, {"pk": 1, "model": "alatting_website.posterpage", "fields": {"name": "COMPANY", "index": 0, "template": 1, "poster": 1}}, {"pk": 2, "model": "alatting_website.posterpage", "fields": {"name": "3551Project", "index": 0, "template": 2, "poster": 6}}, {"pk": 1, "model": "alatting_website.pagetext", "fields": {"poster_page": 2, "name": "3551project_text", "poster": 6, "content": "3551\u4eba\u624d\u8ba1\u5212"}}, {"pk": 6, "model": "alatting_website.activityinvitation", "fields": {"activity_end_time": "2016-04-11T07:55:52.623Z", "pre_minutes_to_notify": 0, "invitation_message": "", "rejected_count": 0, "accepted_count": 0, "need_pre_notification": true, "activity_reminder_message": "", "activity_status": "coming", "parking_notice_message": "", "activity_start_time": "2016-04-11T07:55:52.623Z", "special_description": ""}}, {"pk": 1, "model": "alatting_website.postermorelink", "fields": {"index": 0, "template": 2, "poster": 6, "link": "#", "name": "more", "content": "\u66f4\u591a\u4e86\u89e3"}}, {"pk": 2, "model": "alatting_website.postermorelink", "fields": {"index": 1, "template": 2, "poster": 6, "link": "#", "name": "contact", "content": "\u8054\u7cfb\u65b9\u5f0f"}}, {"pk": 1, "model": "alatting_website.person", "fields": {"gender": "Male", "avatar": "avatars/avatar.png"}}, {"pk": 2, "model": "alatting_website.person", "fields": {"gender": "Male", "avatar": "avatars/2015/11/09/86ecc17e58f4461fbcaee510e44cbc9f.png"}}, {"pk": 1, "model": "alatting_website.category", "fields": {"tags": "", "description": "Activity / Party Invitation", "name": "Activity Invitation", "parent": null, "type": "Activity"}}, {"pk": 2, "model": "alatting_website.category", "fields": {"tags": "", "description": "Business Marketing", "name": "Business Marketing", "parent": null, "type": ""}}, {"pk": 3, "model": "alatting_website.category", "fields": {"tags": "", "description": "Profuct Promotion", "name": "Product Promotion", "parent": null, "type": ""}}, {"pk": 4, "model": "alatting_website.category", "fields": {"tags": "", "description": "Personal & Expert Brandin", "name": "Personal & Expert Branding", "parent": null, "type": ""}}, {"pk": 5, "model": "alatting_website.category", "fields": {"tags": "", "description": "Marriage Invitation", "name": "Marriage Invitation", "parent": 1, "type": ""}}, {"pk": 6, "model": "alatting_website.category", "fields": {"tags": "", "description": "Dating Invitation", "name": "Dating Invitation", "parent": 1, "type": ""}}, {"pk": 7, "model": "alatting_website.category", "fields": {"tags": "", "description": "Education Marketing", "name": "Education Marketing", "parent": 2, "type": ""}}, {"pk": 8, "model": "alatting_website.category", "fields": {"tags": "", "description": "School Marketing", "name": "School Marketing", "parent": 2, "type": ""}}, {"pk": 9, "model": "alatting_website.category", "fields": {"tags": "", "description": "Art Auctio", "name": "Art Auction", "parent": 3, "type": ""}}, {"pk": 10, "model": "alatting_website.category", "fields": {"tags": "", "description": "Cosmetics Promotion", "name": "Cosmetics Promotion", "parent": 3, "type": ""}}, {"pk": 11, "model": "alatting_website.category", "fields": {"tags": "", "description": "Lawyer Branding", "name": "Lawyer Branding", "parent": 4, "type": ""}}, {"pk": 12, "model": "alatting_website.category", "fields": {"tags": "", "description": "Doctor Branding", "name": "Doctor Branding", "parent": 4, "type": ""}}, {"pk": 13, "model": "alatting_website.category", "fields": {"tags": "", "description": "Birthday Invitation", "name": "Birthday Invitation", "parent": 1, "type": ""}}, {"pk": 14, "model": "alatting_website.category", "fields": {"tags": "", "description": "Enterprise Marketing", "name": "Enterprise Marketing", "parent": 2, "type": ""}}, {"pk": 15, "model": "alatting_website.category", "fields": {"tags": "", "description": "Car Promotion", "name": "Car Promotion", "parent": 3, "type": ""}}, {"pk": 16, "model": "alatting_website.category", "fields": {"tags": "", "description": "Designer Branding", "name": "Designer Branding", "parent": 4, "type": ""}}, {"pk": 17, "model": "alatting_website.category", "fields": {"tags": "adfd", "description": "aaa", "name": "aa", "parent": 1, "type": "Business"}}, {"pk": 1, "model": "alatting_website.address", "fields": {"country": "USA", "city": "Pasadena", "address1": "2181 E Foothill Blvd", "created_at": "2015-09-23T21:58:21Z", "address2": "", "post_code": "91007", "updated_at": "2015-09-23T21:58:21Z", "state": "CA"}}, {"pk": 2, "model": "alatting_website.address", "fields": {"country": "USA", "city": "Pasadena", "address1": "2181 E Foothill Blvd", "created_at": "2015-09-23T21:58:43Z", "address2": "", "post_code": "91007", "updated_at": "2015-09-23T21:58:43Z", "state": "CA"}}, {"pk": 3, "model": "alatting_website.address", "fields": {"country": "\u4e2d\u56fd", "city": "\u6b66\u6c49", "address1": "\u6b66\u6c49\u5149\u8c37\u56fd\u9645\u5e7f\u573a", "created_at": "2016-04-11T07:44:41.725Z", "address2": "", "post_code": "430070", "updated_at": "2016-04-11T07:44:41.725Z", "state": "\u6e56\u5317"}}, {"pk": 1, "model": "alatting_website.template", "fields": {"name": "first"}}, {"pk": 2, "model": "alatting_website.template", "fields": {"name": "yunye"}}, {"pk": 1, "model": "alatting_website.templateregion", "fields": {"top": 0.0, "template": 1, "height": 49.0, "polygon": "0 0, 100% 0, 0 100%", "width": 63.5, "name": "top-left", "left": 0.0}}, {"pk": 2, "model": "alatting_website.templateregion", "fields": {"top": 0.0, "template": 1, "height": 49.0, "polygon": "0 23.2%, 30.3% 0, 100% 0, 100% 100%", "width": 49.0, "name": "top-right", "left": 51.0}}, {"pk": 3, "model": "alatting_website.templateregion", "fields": {"top": 12.06, "template": 1, "height": 84.58, "polygon": "0 54.73%,0 45.27%, 50% 0, 100% 45.27%, 100% 54.73%, 50% 100%", "width": 100.0, "name": "middle", "left": 0.0}}, {"pk": 4, "model": "alatting_website.templateregion", "fields": {"top": 60.0, "template": 1, "height": 40.0, "polygon": "44% 44%, 100% 100%, 0 100%, 0 86%", "width": 52.0, "name": "bottom-left", "left": 0.0}}, {"pk": 5, "model": "alatting_website.templateregion", "fields": {"top": 60.0, "template": 1, "height": 40.0, "polygon": "0 94%, 100% 0, 100% 100%, 6% 100%", "width": 48.7, "name": "bottom-right", "left": 51.3}}, {"pk": 6, "model": "alatting_website.templateregion", "fields": {"top": 0.0, "template": 2, "height": 30.0, "polygon": "", "width": 100.0, "name": "videos", "left": 0.0}}, {"pk": 7, "model": "alatting_website.templateregion", "fields": {"top": 30.0, "template": 2, "height": 30.0, "polygon": "", "width": 100.0, "name": "banner", "left": 0.0}}, {"pk": 8, "model": "alatting_website.templateregion", "fields": {"top": 60.0, "template": 2, "height": 30.0, "polygon": "", "width": 100.0, "name": "slider", "left": 0.0}}, {"pk": 9, "model": "alatting_website.templateregion", "fields": {"top": 90.0, "template": 2, "height": 17.0, "polygon": "", "width": 100.0, "name": "bottom", "left": 0.0}}]