[{"fields": {"scans_count": 0, "favorites_count": 0, "three_count": 2, "pinterest_shared_count": 0, "updated_at": null, "fun_review_score": 0.0, "five_count": 0, "qq_shared_count": 0, "map_contacted_count": 0, "created_at": "2015-11-21T03:15:48Z", "complains_count": 0, "ratings_count": 4, "facebook_shared_count": 3, "google_shared_count": 0, "fun_count": 1, "email_contacted_count": 0, "ratings_total": 11, "wechat_shared_count": 0, "email_shared_count": 3, "fun_survey_score": 0.0, "four_count": 1, "likes_count": 0, "views_count": 709, "phone_contacted_count": 0, "twitter_shared_count": 0, "linkedin_shared_count": 0, "two_count": 0, "one_count": 1, "weibo_shared_count": 0, "qzone_shared_count": 0}, "model": "alatting_website.posterstatistics", "pk": 1}, {"fields": {"scans_count": 0, "favorites_count": 0, "three_count": 0, "pinterest_shared_count": 0, "updated_at": "2016-04-11T07:55:50Z", "fun_review_score": 0.0, "five_count": 0, "qq_shared_count": 0, "map_contacted_count": 0, "created_at": "2016-04-11T07:55:50Z", "complains_count": 0, "ratings_count": 1, "facebook_shared_count": 2, "google_shared_count": 0, "fun_count": 2, "email_contacted_count": 0, "ratings_total": 4, "wechat_shared_count": 2, "email_shared_count": 5, "fun_survey_score": 0.0, "four_count": 1, "likes_count": 1, "views_count": 746, "phone_contacted_count": 0, "twitter_shared_count": 0, "linkedin_shared_count": 0, "two_count": 0, "one_count": 0, "weibo_shared_count": 3, "qzone_shared_count": 0}, "model": "alatting_website.posterstatistics", "pk": 6}, {"fields": {"scans_count": 0, "favorites_count": 0, "three_count": 0, "pinterest_shared_count": 0, "updated_at": null, "fun_review_score": 0.0, "five_count": 0, "qq_shared_count": 0, "map_contacted_count": 0, "created_at": "2015-11-27T19:13:37Z", "complains_count": 0, "ratings_count": 0, "facebook_shared_count": 0, "google_shared_count": 0, "fun_count": 0, "email_contacted_count": 0, "ratings_total": 0, "wechat_shared_count": 0, "email_shared_count": 0, "fun_survey_score": 0.0, "four_count": 0, "likes_count": 0, "views_count": 0, "phone_contacted_count": 0, "twitter_shared_count": 0, "linkedin_shared_count": 0, "two_count": 0, "one_count": 0, "weibo_shared_count": 0, "qzone_shared_count": 0}, "model": "alatting_website.historystatistics", "pk": 1}, {"fields": {"scans_count": 0, "favorites_count": 0, "three_count": 0, "pinterest_shared_count": 0, "updated_at": "2016-04-11T07:55:50Z", "fun_review_score": 0.0, "five_count": 0, "qq_shared_count": 0, "map_contacted_count": 0, "created_at": "2016-04-11T07:55:50Z", "complains_count": 0, "ratings_count": 0, "facebook_shared_count": 0, "google_shared_count": 0, "fun_count": 0, "email_contacted_count": 0, "ratings_total": 0, "wechat_shared_count": 0, "email_shared_count": 0, "fun_survey_score": 0.0, "four_count": 0, "likes_count": 0, "views_count": 0, "phone_contacted_count": 0, "twitter_shared_count": 0, "linkedin_shared_count": 0, "two_count": 0, "one_count": 0, "weibo_shared_count": 0, "qzone_shared_count": 0}, "model": "alatting_website.historystatistics", "pk": 6}, {"fields": {"ip_address": "192.168.1.105", "poster": 6}, "model": "alatting_website.posterfun", "pk": 1}, {"fields": {"ip_address": "192.168.5.1", "poster": 1}, "model": "alatting_website.posterfun", "pk": 2}, {"fields": {"ip_address": "127.0.0.1", "poster": 6}, "model": "alatting_website.posterfun", "pk": 3}, {"fields": {"height": 128, "format": "png", "file": "images/2015/09/23/92180490f431414e9b160002d91f15db.png", "uuid": "a14f859435c34577acd1abaa609698a0", "created_at": "2015-09-23T21:56:48Z", "width": 594}, "model": "alatting_website.image", "pk": 1}, {"fields": {"height": 1440, "format": "png", "file": "images/2015/09/23/2bcd27648100432e8c86d193271591cf.png", "uuid": "8167084b575e497cab36fd54e56c6665", "created_at": "2015-09-23T22:02:25Z", "width": 1920}, "model": "alatting_website.image", "pk": 2}, {"fields": {"height": 775, "format": "PNG", "file": "images/2015/09/23/4c795e20ec2f489d862a79a5a428826b.PNG", "uuid": "d853a5c31b5945a098d7e4daed81556d", "created_at": "2015-09-23T22:02:39Z", "width": 1460}, "model": "alatting_website.image", "pk": 3}, {"fields": {"height": 909, "format": "PNG", "file": "images/2015/09/23/eab0c4ef73704536b3e026475a1aae67.PNG", "uuid": "7b6b26263c2245fd8d9f5c725d4a32b9", "created_at": "2015-09-23T22:02:43Z", "width": 991}, "model": "alatting_website.image", "pk": 4}, {"fields": {"height": 906, "format": "PNG", "file": "images/2015/09/23/7b7837c7bfbc47eba950952ff1490b06.PNG", "uuid": "d9478b15a40f46e9bfae38194dd50eb0", "created_at": "2015-09-23T22:02:47Z", "width": 1026}, "model": "alatting_website.image", "pk": 5}, {"fields": {"height": 781, "format": "PNG", "file": "images/2015/09/23/ba39ba074c294f409e0d96244829b5ee.PNG", "uuid": "3334826e3cd04832a3378b8f49e4c170", "created_at": "2015-09-23T22:03:08Z", "width": 1013}, "model": "alatting_website.image", "pk": 6}, {"fields": {"height": 2448, "format": "PNG", "file": "images/2015/09/23/c1ef0a0998b24b42bfbead5151e1148b.PNG", "uuid": "7fcf9aa2e5614d1b9a09ab2548512bdc", "created_at": "2015-09-23T22:03:22Z", "width": 3264}, "model": "alatting_website.image", "pk": 7}, {"fields": {"height": 3264, "format": "png", "file": "images/2015/09/23/9b284ac9954b4e8b8779fe088d9b55f8.png", "uuid": "6de839654b3e4461a7a973ba5b05a2b0", "created_at": "2015-09-23T22:03:46Z", "width": 2448}, "model": "alatting_website.image", "pk": 8}, {"fields": {"height": 2448, "format": "png", "file": "images/2015/09/23/0d2c62213b844e29970abb69c7eaccf6.png", "uuid": "0ac5117d7b3b4e2f8d7d87030233ab75", "created_at": "2015-09-23T22:04:06Z", "width": 2448}, "model": "alatting_website.image", "pk": 9}, {"fields": {"height": 1333, "format": "png", "file": "images/2015/09/23/62e4733884394971a7615fc173236acd.png", "uuid": "a84043037f2447649a8baa14db8bc1e3", "created_at": "2015-09-23T22:04:16Z", "width": 2000}, "model": "alatting_website.image", "pk": 10}, {"fields": {"height": 1333, "format": "png", "file": "images/2015/09/23/f375ac8eb4f548a9a43f203daf2336c0.png", "uuid": "67f7ae9b91b742779f2c2cdae5f4ef85", "created_at": "2015-09-23T22:04:26Z", "width": 2000}, "model": "alatting_website.image", "pk": 11}, {"fields": {"height": 2448, "format": "png", "file": "images/2015/09/23/22ca7b1a54a040838c32643d64afaa48.png", "uuid": "8f9aaf83a231456cb108e34fb23962ed", "created_at": "2015-09-23T22:04:55Z", "width": 3264}, "model": "alatting_website.image", "pk": 12}, {"fields": {"height": 108, "format": "jpg", "file": "images/2016/04/11/1b5d5a323bfe4f96a3f23fb042ff4cd2.jpg", "uuid": "45e04523415e418c84709eaa0785eee9", "created_at": "2016-04-11T07:43:09Z", "width": 108}, "model": "alatting_website.image", "pk": 13}, {"fields": {"height": 248, "format": "png", "file": "images/2016/04/12/3d4601961f894c2883e83241dec83223.png", "uuid": "abc6a4ce7b464951b52a71fe50833417", "created_at": "2016-04-12T03:14:52Z", "width": 562}, "model": "alatting_website.image", "pk": 15}, {"fields": {"height": 388, "format": "png", "file": "images/2016/04/13/0bfe3317931f4a1bbc5ce85055b1d17d.png", "uuid": "d8aee392cc6a475390d92592c594cc4c", "created_at": "2016-04-13T06:46:11Z", "width": 871}, "model": "alatting_website.image", "pk": 16}, {"fields": {"height": 487, "format": "jpg", "file": "images/2016/04/13/94246f0b6ad24eb4996a904c7f1602e5.jpg", "uuid": "accf80b6a59c498486d49b1f9e155dc5", "created_at": "2016-04-13T07:01:58Z", "width": 1242}, "model": "alatting_website.image", "pk": 17}, {"fields": {"height": 489, "format": "jpg", "file": "images/2016/04/13/559b90b8e85d4ad4af44c6d075f388a7.jpg", "uuid": "0bf1f4a2503e45a8ba93df07f2ea5c42", "created_at": "2016-04-13T07:05:04Z", "width": 1242}, "model": "alatting_website.image", "pk": 18}, {"fields": {"height": 201, "format": "jpg", "file": "images/2016/04/13/58fb7a64deb44877803d8269279041e8.jpg", "uuid": "4e7b877f5c444fd3b385c032579b3436", "created_at": "2016-04-13T09:13:39Z", "width": 1242}, "model": "alatting_website.image", "pk": 19}, {"fields": {"height": 247, "format": "png", "file": "images/2016/04/15/48ef83d76806479aa40932766545143b.png", "uuid": "bfcd79575e634e14b03ed8af0a1fbbe5", "created_at": "2016-04-15T17:08:54Z", "width": 1237}, "model": "alatting_website.image", "pk": 20}, {"fields": {"height": 645, "format": "png", "file": "images/2016/04/15/8a630176740b4a9a8342519b631f9352.png", "uuid": "d4f4b78c20354d38aa029c34ad73664d", "created_at": "2016-04-15T17:09:44Z", "width": 645}, "model": "alatting_website.image", "pk": 21}, {"fields": {"height": 935, "format": "png", "file": "images/2016/04/15/15588b5bb19f4518abb21269eccc9ba7.png", "uuid": "0a02db77c88c42eca88fddff71d873c3", "created_at": "2016-04-15T17:10:11Z", "width": 638}, "model": "alatting_website.image", "pk": 22}, {"fields": {"height": 1440, "format": "jpg", "file": "images/2016/04/15/976f1990232e48a397c25d0199f9b5ab.jpg", "uuid": "9f0d495d471046eeacfe002990cab6b7", "created_at": "2016-04-15T17:11:24Z", "width": 1920}, "model": "alatting_website.image", "pk": 23}, {"fields": {"height": 1600, "format": "jpg", "file": "images/2016/04/15/4ae5f59f35a54882a3e255500393b69f.jpg", "uuid": "f4e24ecd04f44c378596c7edc8272e75", "created_at": "2016-04-15T17:11:53Z", "width": 2400}, "model": "alatting_website.image", "pk": 24}, {"fields": {"height": 2300, "format": "jpg", "file": "images/2016/04/15/2a54e533ebb14b56a88acb430dce6553.jpg", "uuid": "9d7af3c268854aeb9cbb39986fa622ed", "created_at": "2016-04-15T17:12:15Z", "width": 2100}, "model": "alatting_website.image", "pk": 25}, {"fields": {"file": "music/2015/09/23/745f07fbc5014e54b9835bf5d985b5b8.mp3", "uuid": "e00f5c389f1b46948530079e368fa8d9", "created_at": "2015-09-23T21:59:22Z", "format": "mp3"}, "model": "alatting_website.music", "pk": 1}, {"fields": {"preview": "/media/videos/2015/09/23/4ca3bb5041bf4d059c5d270606ed4631.jpg", "uuid": "48f4b841f23d4db897e6f9c51bb86643", "format": "mp4", "created_at": "2015-09-23T22:10:21Z", "file": "videos/2015/09/23/4ca3bb5041bf4d059c5d270606ed4631.mp4"}, "model": "alatting_website.video", "pk": 1}, {"fields": {"preview": "/media/videos/2016/04/13/96ca4b251a384459b439b8107091d1c3.jpg", "uuid": "c7ebf1810c524edb9fdb5cb1d50d783f", "format": "mp4", "created_at": "2016-04-13T04:08:01Z", "file": "videos/2016/04/13/96ca4b251a384459b439b8107091d1c3.mp4"}, "model": "alatting_website.video", "pk": 3}, {"fields": {"preview": "/media/videos/2016/04/13/c37a13ce9508463f863cc1f48ae1f2e7.jpg", "uuid": "86cf24739fe24020b9363f0d03d2e308", "format": "mp4", "created_at": "2016-04-13T10:31:48Z", "file": "videos/2016/04/13/c37a13ce9508463f863cc1f48ae1f2e7.mp4"}, "model": "alatting_website.video", "pk": 4}, {"fields": {"name": "image_1", "poster": 1, "image": 2}, "model": "alatting_website.posterimage", "pk": 1}, {"fields": {"name": "logo", "poster": 1, "image": 1}, "model": "alatting_website.posterimage", "pk": 2}, {"fields": {"name": "image_3", "poster": 1, "image": 3}, "model": "alatting_website.posterimage", "pk": 3}, {"fields": {"name": "image_4", "poster": 1, "image": 4}, "model": "alatting_website.posterimage", "pk": 4}, {"fields": {"name": "image_5", "poster": 1, "image": 5}, "model": "alatting_website.posterimage", "pk": 5}, {"fields": {"name": "image_6", "poster": 1, "image": 6}, "model": "alatting_website.posterimage", "pk": 6}, {"fields": {"name": "image_7", "poster": 1, "image": 7}, "model": "alatting_website.posterimage", "pk": 7}, {"fields": {"name": "image_8", "poster": 1, "image": 8}, "model": "alatting_website.posterimage", "pk": 8}, {"fields": {"name": "image_9", "poster": 1, "image": 9}, "model": "alatting_website.posterimage", "pk": 9}, {"fields": {"name": "image_10", "poster": 1, "image": 10}, "model": "alatting_website.posterimage", "pk": 10}, {"fields": {"name": "image_11", "poster": 1, "image": 11}, "model": "alatting_website.posterimage", "pk": 11}, {"fields": {"name": "image_2", "poster": 1, "image": 12}, "model": "alatting_website.posterimage", "pk": 12}, {"fields": {"name": "logo", "poster": 6, "image": 15}, "model": "alatting_website.posterimage", "pk": 13}, {"fields": {"name": "banner3551", "poster": 6, "image": 16}, "model": "alatting_website.posterimage", "pk": 14}, {"fields": {"name": "slider3551_image_1", "poster": 6, "image": 17}, "model": "alatting_website.posterimage", "pk": 15}, {"fields": {"name": "slider3551_image_2", "poster": 6, "image": 18}, "model": "alatting_website.posterimage", "pk": 16}, {"fields": {"name": "bottom3551", "poster": 6, "image": 19}, "model": "alatting_website.posterimage", "pk": 17}, {"fields": {"name": "stats", "poster": 1, "image": 22}, "model": "alatting_website.posterimage", "pk": 18}, {"fields": {"name": "contact", "poster": 1, "image": 21}, "model": "alatting_website.posterimage", "pk": 19}, {"fields": {"name": "body_text", "poster": 1, "image": 20}, "model": "alatting_website.posterimage", "pk": 20}, {"fields": {"name": "people", "poster": 1, "image": 24}, "model": "alatting_website.posterimage", "pk": 21}, {"fields": {"name": "posters", "poster": 1, "image": 25}, "model": "alatting_website.posterimage", "pk": 22}, {"fields": {"name": "introduction", "poster": 1, "image": 23}, "model": "alatting_website.posterimage", "pk": 23}, {"fields": {"video": 1, "name": "video_1", "poster": 1}, "model": "alatting_website.postervideo", "pk": 1}, {"fields": {"video": 3, "name": "plan3551", "poster": 6}, "model": "alatting_website.postervideo", "pk": 3}, {"fields": {"index": 0, "name": "COMPANY", "poster": 1, "template": 3}, "model": "alatting_website.posterpage", "pk": 1}, {"fields": {"index": 0, "name": "3551Project", "poster": 6, "template": 2}, "model": "alatting_website.posterpage", "pk": 2}, {"fields": {"content": "3551\u4eba\u624d\u8ba1\u5212", "name": "3551project_text", "poster": 6, "poster_page": 2}, "model": "alatting_website.pagetext", "pk": 1}, {"fields": {"template": 2, "link": "#", "name": "more", "content": "\u66f4\u591a\u4e86\u89e3", "index": 0, "poster": 6}, "model": "alatting_website.postermorelink", "pk": 1}, {"fields": {"template": 2, "link": "#", "name": "contact", "content": "\u8054\u7cfb\u65b9\u5f0f", "index": 1, "poster": 6}, "model": "alatting_website.postermorelink", "pk": 2}, {"fields": {"description": "Activity / Party Invitation", "type": "Activity", "parent": null, "name": "Activity Invitation", "tags": ""}, "model": "alatting_website.category", "pk": 1}, {"fields": {"description": "Business Marketing", "type": "", "parent": null, "name": "Business Marketing", "tags": ""}, "model": "alatting_website.category", "pk": 2}, {"fields": {"description": "Profuct Promotion", "type": "", "parent": null, "name": "Product Promotion", "tags": ""}, "model": "alatting_website.category", "pk": 3}, {"fields": {"description": "Personal & Expert Brandin", "type": "", "parent": null, "name": "Personal & Expert Branding", "tags": ""}, "model": "alatting_website.category", "pk": 4}, {"fields": {"description": "Marriage Invitation", "type": "", "parent": 1, "name": "Marriage Invitation", "tags": ""}, "model": "alatting_website.category", "pk": 5}, {"fields": {"description": "Dating Invitation", "type": "", "parent": 1, "name": "Dating Invitation", "tags": ""}, "model": "alatting_website.category", "pk": 6}, {"fields": {"description": "Education Marketing", "type": "", "parent": 2, "name": "Education Marketing", "tags": ""}, "model": "alatting_website.category", "pk": 7}, {"fields": {"description": "School Marketing", "type": "", "parent": 2, "name": "School Marketing", "tags": ""}, "model": "alatting_website.category", "pk": 8}, {"fields": {"description": "Art Auctio", "type": "", "parent": 3, "name": "Art Auction", "tags": ""}, "model": "alatting_website.category", "pk": 9}, {"fields": {"description": "Cosmetics Promotion", "type": "", "parent": 3, "name": "Cosmetics Promotion", "tags": ""}, "model": "alatting_website.category", "pk": 10}, {"fields": {"description": "Lawyer Branding", "type": "", "parent": 4, "name": "Lawyer Branding", "tags": ""}, "model": "alatting_website.category", "pk": 11}, {"fields": {"description": "Doctor Branding", "type": "", "parent": 4, "name": "Doctor Branding", "tags": ""}, "model": "alatting_website.category", "pk": 12}, {"fields": {"description": "Birthday Invitation", "type": "", "parent": 1, "name": "Birthday Invitation", "tags": ""}, "model": "alatting_website.category", "pk": 13}, {"fields": {"description": "Enterprise Marketing", "type": "", "parent": 2, "name": "Enterprise Marketing", "tags": ""}, "model": "alatting_website.category", "pk": 14}, {"fields": {"description": "Car Promotion", "type": "", "parent": 3, "name": "Car Promotion", "tags": ""}, "model": "alatting_website.category", "pk": 15}, {"fields": {"description": "Designer Branding", "type": "", "parent": 4, "name": "Designer Branding", "tags": ""}, "model": "alatting_website.category", "pk": 16}, {"fields": {"description": "aaa", "type": "Business", "parent": 1, "name": "aa", "tags": "adfd"}, "model": "alatting_website.category", "pk": 17}, {"fields": {"city": "Pasadena", "updated_at": "2015-09-23T21:58:21Z", "state": "CA", "address2": "", "post_code": "91007", "created_at": "2015-09-23T21:58:21Z", "country": "USA", "address1": "2181 E Foothill Blvd"}, "model": "alatting_website.address", "pk": 1}, {"fields": {"city": "Pasadena", "updated_at": "2015-09-23T21:58:43Z", "state": "CA", "address2": "", "post_code": "91007", "created_at": "2015-09-23T21:58:43Z", "country": "USA", "address1": "2181 E Foothill Blvd"}, "model": "alatting_website.address", "pk": 2}, {"fields": {"city": "\u6b66\u6c49", "updated_at": "2016-04-11T07:44:41Z", "state": "\u6e56\u5317", "address2": "", "post_code": "430070", "created_at": "2016-04-11T07:44:41Z", "country": "\u4e2d\u56fd", "address1": "\u6b66\u6c49\u5149\u8c37\u56fd\u9645\u5e7f\u573a"}, "model": "alatting_website.address", "pk": 3}, {"fields": {"name": "first"}, "model": "alatting_website.template", "pk": 1}, {"fields": {"name": "yunye"}, "model": "alatting_website.template", "pk": 2}, {"fields": {"name": "alatting"}, "model": "alatting_website.template", "pk": 3}, {"fields": {"left": 0.0, "name": "top-left", "top": 0.0, "width": 63.5, "polygon": "0 0, 100% 0, 0 100%", "template": 1, "height": 49.0}, "model": "alatting_website.templateregion", "pk": 1}, {"fields": {"left": 51.0, "name": "top-right", "top": 0.0, "width": 49.0, "polygon": "0 23.2%, 30.3% 0, 100% 0, 100% 100%", "template": 1, "height": 49.0}, "model": "alatting_website.templateregion", "pk": 2}, {"fields": {"left": 0.0, "name": "middle", "top": 12.06, "width": 100.0, "polygon": "0 54.73%,0 45.27%, 50% 0, 100% 45.27%, 100% 54.73%, 50% 100%", "template": 1, "height": 84.58}, "model": "alatting_website.templateregion", "pk": 3}, {"fields": {"left": 0.0, "name": "bottom-left", "top": 60.0, "width": 52.0, "polygon": "44% 44%, 100% 100%, 0 100%, 0 86%", "template": 1, "height": 40.0}, "model": "alatting_website.templateregion", "pk": 4}, {"fields": {"left": 51.3, "name": "bottom-right", "top": 60.0, "width": 48.7, "polygon": "0 94%, 100% 0, 100% 100%, 6% 100%", "template": 1, "height": 40.0}, "model": "alatting_website.templateregion", "pk": 5}, {"fields": {"left": 0.0, "name": "videos", "top": 0.0, "width": 100.0, "polygon": "", "template": 2, "height": 30.0}, "model": "alatting_website.templateregion", "pk": 6}, {"fields": {"left": 0.0, "name": "banner", "top": 30.0, "width": 100.0, "polygon": "", "template": 2, "height": 30.0}, "model": "alatting_website.templateregion", "pk": 7}, {"fields": {"left": 0.0, "name": "slider", "top": 60.0, "width": 100.0, "polygon": "", "template": 2, "height": 30.0}, "model": "alatting_website.templateregion", "pk": 8}, {"fields": {"left": 0.0, "name": "bottom", "top": 90.0, "width": 100.0, "polygon": "", "template": 2, "height": 17.0}, "model": "alatting_website.templateregion", "pk": 9}, {"fields": {"left": 0.0, "name": "top-left", "top": 0.0, "width": 50.0, "polygon": "", "template": 3, "height": 42.0}, "model": "alatting_website.templateregion", "pk": 10}, {"fields": {"left": 50.0, "name": "top-right", "top": 0.0, "width": 50.0, "polygon": "", "template": 3, "height": 42.0}, "model": "alatting_website.templateregion", "pk": 11}, {"fields": {"left": 0.0, "name": "middle", "top": 42.0, "width": 100.0, "polygon": "", "template": 3, "height": 16.0}, "model": "alatting_website.templateregion", "pk": 12}, {"fields": {"left": 0.0, "name": "bottom-left", "top": 58.0, "width": 50.0, "polygon": "", "template": 3, "height": 42.0}, "model": "alatting_website.templateregion", "pk": 13}, {"fields": {"left": 50.0, "name": "bottom-right", "top": 58.0, "width": 50.0, "polygon": "", "template": 3, "height": 42.0}, "model": "alatting_website.templateregion", "pk": 14}, {"fields": {"model": "logentry", "app_label": "admin"}, "model": "contenttypes.contenttype", "pk": 1}, {"fields": {"model": "permission", "app_label": "auth"}, "model": "contenttypes.contenttype", "pk": 2}, {"fields": {"model": "group", "app_label": "auth"}, "model": "contenttypes.contenttype", "pk": 3}, {"fields": {"model": "user", "app_label": "auth"}, "model": "contenttypes.contenttype", "pk": 4}, {"fields": {"model": "contenttype", "app_label": "contenttypes"}, "model": "contenttypes.contenttype", "pk": 5}, {"fields": {"model": "session", "app_label": "sessions"}, "model": "contenttypes.contenttype", "pk": 6}, {"fields": {"model": "taskmeta", "app_label": "djcelery"}, "model": "contenttypes.contenttype", "pk": 7}, {"fields": {"model": "tasksetmeta", "app_label": "djcelery"}, "model": "contenttypes.contenttype", "pk": 8}, {"fields": {"model": "intervalschedule", "app_label": "djcelery"}, "model": "contenttypes.contenttype", "pk": 9}, {"fields": {"model": "crontabschedule", "app_label": "djcelery"}, "model": "contenttypes.contenttype", "pk": 10}, {"fields": {"model": "periodictasks", "app_label": "djcelery"}, "model": "contenttypes.contenttype", "pk": 11}, {"fields": {"model": "periodictask", "app_label": "djcelery"}, "model": "contenttypes.contenttype", "pk": 12}, {"fields": {"model": "workerstate", "app_label": "djcelery"}, "model": "contenttypes.contenttype", "pk": 13}, {"fields": {"model": "taskstate", "app_label": "djcelery"}, "model": "contenttypes.contenttype", "pk": 14}, {"fields": {"model": "posterstatistics", "app_label": "alatting_website"}, "model": "contenttypes.contenttype", "pk": 15}, {"fields": {"model": "historystatistics", "app_label": "alatting_website"}, "model": "contenttypes.contenttype", "pk": 16}, {"fields": {"model": "posterlike", "app_label": "alatting_website"}, "model": "contenttypes.contenttype", "pk": 17}, {"fields": {"model": "posterfun", "app_label": "alatting_website"}, "model": "contenttypes.contenttype", "pk": 18}, {"fields": {"model": "posterfavorites", "app_label": "alatting_website"}, "model": "contenttypes.contenttype", "pk": 19}, {"fields": {"model": "rating", "app_label": "alatting_website"}, "model": "contenttypes.contenttype", "pk": 20}, {"fields": {"model": "comment", "app_label": "alatting_website"}, "model": "contenttypes.contenttype", "pk": 21}, {"fields": {"model": "image", "app_label": "alatting_website"}, "model": "contenttypes.contenttype", "pk": 22}, {"fields": {"model": "music", "app_label": "alatting_website"}, "model": "contenttypes.contenttype", "pk": 23}, {"fields": {"model": "video", "app_label": "alatting_website"}, "model": "contenttypes.contenttype", "pk": 24}, {"fields": {"model": "posterimage", "app_label": "alatting_website"}, "model": "contenttypes.contenttype", "pk": 25}, {"fields": {"model": "postervideo", "app_label": "alatting_website"}, "model": "contenttypes.contenttype", "pk": 26}, {"fields": {"model": "poster", "app_label": "alatting_website"}, "model": "contenttypes.contenttype", "pk": 27}, {"fields": {"model": "posterpage", "app_label": "alatting_website"}, "model": "contenttypes.contenttype", "pk": 28}, {"fields": {"model": "pagetext", "app_label": "alatting_website"}, "model": "contenttypes.contenttype", "pk": 29}, {"fields": {"model": "activityinvitation", "app_label": "alatting_website"}, "model": "contenttypes.contenttype", "pk": 30}, {"fields": {"model": "businessmarketing", "app_label": "alatting_website"}, "model": "contenttypes.contenttype", "pk": 31}, {"fields": {"model": "productsell", "app_label": "alatting_website"}, "model": "contenttypes.contenttype", "pk": 32}, {"fields": {"model": "expertshow", "app_label": "alatting_website"}, "model": "contenttypes.contenttype", "pk": 33}, {"fields": {"model": "businesscard", "app_label": "alatting_website"}, "model": "contenttypes.contenttype", "pk": 34}, {"fields": {"model": "postermorelink", "app_label": "alatting_website"}, "model": "contenttypes.contenttype", "pk": 35}, {"fields": {"model": "person", "app_label": "alatting_website"}, "model": "contenttypes.contenttype", "pk": 36}, {"fields": {"model": "category", "app_label": "alatting_website"}, "model": "contenttypes.contenttype", "pk": 37}, {"fields": {"model": "address", "app_label": "alatting_website"}, "model": "contenttypes.contenttype", "pk": 38}, {"fields": {"model": "template", "app_label": "alatting_website"}, "model": "contenttypes.contenttype", "pk": 39}, {"fields": {"model": "templateregion", "app_label": "alatting_website"}, "model": "contenttypes.contenttype", "pk": 40}, {"fields": {"content_type": 1, "name": "Can add log entry", "codename": "add_logentry"}, "model": "auth.permission", "pk": 1}, {"fields": {"content_type": 1, "name": "Can change log entry", "codename": "change_logentry"}, "model": "auth.permission", "pk": 2}, {"fields": {"content_type": 1, "name": "Can delete log entry", "codename": "delete_logentry"}, "model": "auth.permission", "pk": 3}, {"fields": {"content_type": 2, "name": "Can add permission", "codename": "add_permission"}, "model": "auth.permission", "pk": 4}, {"fields": {"content_type": 2, "name": "Can change permission", "codename": "change_permission"}, "model": "auth.permission", "pk": 5}, {"fields": {"content_type": 2, "name": "Can delete permission", "codename": "delete_permission"}, "model": "auth.permission", "pk": 6}, {"fields": {"content_type": 3, "name": "Can add group", "codename": "add_group"}, "model": "auth.permission", "pk": 7}, {"fields": {"content_type": 3, "name": "Can change group", "codename": "change_group"}, "model": "auth.permission", "pk": 8}, {"fields": {"content_type": 3, "name": "Can delete group", "codename": "delete_group"}, "model": "auth.permission", "pk": 9}, {"fields": {"content_type": 4, "name": "Can add user", "codename": "add_user"}, "model": "auth.permission", "pk": 10}, {"fields": {"content_type": 4, "name": "Can change user", "codename": "change_user"}, "model": "auth.permission", "pk": 11}, {"fields": {"content_type": 4, "name": "Can delete user", "codename": "delete_user"}, "model": "auth.permission", "pk": 12}, {"fields": {"content_type": 5, "name": "Can add content type", "codename": "add_contenttype"}, "model": "auth.permission", "pk": 13}, {"fields": {"content_type": 5, "name": "Can change content type", "codename": "change_contenttype"}, "model": "auth.permission", "pk": 14}, {"fields": {"content_type": 5, "name": "Can delete content type", "codename": "delete_contenttype"}, "model": "auth.permission", "pk": 15}, {"fields": {"content_type": 6, "name": "Can add session", "codename": "add_session"}, "model": "auth.permission", "pk": 16}, {"fields": {"content_type": 6, "name": "Can change session", "codename": "change_session"}, "model": "auth.permission", "pk": 17}, {"fields": {"content_type": 6, "name": "Can delete session", "codename": "delete_session"}, "model": "auth.permission", "pk": 18}, {"fields": {"content_type": 7, "name": "Can add task state", "codename": "add_taskmeta"}, "model": "auth.permission", "pk": 19}, {"fields": {"content_type": 7, "name": "Can change task state", "codename": "change_taskmeta"}, "model": "auth.permission", "pk": 20}, {"fields": {"content_type": 7, "name": "Can delete task state", "codename": "delete_taskmeta"}, "model": "auth.permission", "pk": 21}, {"fields": {"content_type": 8, "name": "Can add saved group result", "codename": "add_tasksetmeta"}, "model": "auth.permission", "pk": 22}, {"fields": {"content_type": 8, "name": "Can change saved group result", "codename": "change_tasksetmeta"}, "model": "auth.permission", "pk": 23}, {"fields": {"content_type": 8, "name": "Can delete saved group result", "codename": "delete_tasksetmeta"}, "model": "auth.permission", "pk": 24}, {"fields": {"content_type": 9, "name": "Can add interval", "codename": "add_intervalschedule"}, "model": "auth.permission", "pk": 25}, {"fields": {"content_type": 9, "name": "Can change interval", "codename": "change_intervalschedule"}, "model": "auth.permission", "pk": 26}, {"fields": {"content_type": 9, "name": "Can delete interval", "codename": "delete_intervalschedule"}, "model": "auth.permission", "pk": 27}, {"fields": {"content_type": 10, "name": "Can add crontab", "codename": "add_crontabschedule"}, "model": "auth.permission", "pk": 28}, {"fields": {"content_type": 10, "name": "Can change crontab", "codename": "change_crontabschedule"}, "model": "auth.permission", "pk": 29}, {"fields": {"content_type": 10, "name": "Can delete crontab", "codename": "delete_crontabschedule"}, "model": "auth.permission", "pk": 30}, {"fields": {"content_type": 11, "name": "Can add periodic tasks", "codename": "add_periodictasks"}, "model": "auth.permission", "pk": 31}, {"fields": {"content_type": 11, "name": "Can change periodic tasks", "codename": "change_periodictasks"}, "model": "auth.permission", "pk": 32}, {"fields": {"content_type": 11, "name": "Can delete periodic tasks", "codename": "delete_periodictasks"}, "model": "auth.permission", "pk": 33}, {"fields": {"content_type": 12, "name": "Can add periodic task", "codename": "add_periodictask"}, "model": "auth.permission", "pk": 34}, {"fields": {"content_type": 12, "name": "Can change periodic task", "codename": "change_periodictask"}, "model": "auth.permission", "pk": 35}, {"fields": {"content_type": 12, "name": "Can delete periodic task", "codename": "delete_periodictask"}, "model": "auth.permission", "pk": 36}, {"fields": {"content_type": 13, "name": "Can add worker", "codename": "add_workerstate"}, "model": "auth.permission", "pk": 37}, {"fields": {"content_type": 13, "name": "Can change worker", "codename": "change_workerstate"}, "model": "auth.permission", "pk": 38}, {"fields": {"content_type": 13, "name": "Can delete worker", "codename": "delete_workerstate"}, "model": "auth.permission", "pk": 39}, {"fields": {"content_type": 14, "name": "Can add task", "codename": "add_taskstate"}, "model": "auth.permission", "pk": 40}, {"fields": {"content_type": 14, "name": "Can change task", "codename": "change_taskstate"}, "model": "auth.permission", "pk": 41}, {"fields": {"content_type": 14, "name": "Can delete task", "codename": "delete_taskstate"}, "model": "auth.permission", "pk": 42}, {"fields": {"content_type": 15, "name": "Can add poster statistics", "codename": "add_posterstatistics"}, "model": "auth.permission", "pk": 43}, {"fields": {"content_type": 15, "name": "Can change poster statistics", "codename": "change_posterstatistics"}, "model": "auth.permission", "pk": 44}, {"fields": {"content_type": 15, "name": "Can delete poster statistics", "codename": "delete_posterstatistics"}, "model": "auth.permission", "pk": 45}, {"fields": {"content_type": 16, "name": "Can add history statistics", "codename": "add_historystatistics"}, "model": "auth.permission", "pk": 46}, {"fields": {"content_type": 16, "name": "Can change history statistics", "codename": "change_historystatistics"}, "model": "auth.permission", "pk": 47}, {"fields": {"content_type": 16, "name": "Can delete history statistics", "codename": "delete_historystatistics"}, "model": "auth.permission", "pk": 48}, {"fields": {"content_type": 17, "name": "Can add poster like", "codename": "add_posterlike"}, "model": "auth.permission", "pk": 49}, {"fields": {"content_type": 17, "name": "Can change poster like", "codename": "change_posterlike"}, "model": "auth.permission", "pk": 50}, {"fields": {"content_type": 17, "name": "Can delete poster like", "codename": "delete_posterlike"}, "model": "auth.permission", "pk": 51}, {"fields": {"content_type": 18, "name": "Can add poster fun", "codename": "add_posterfun"}, "model": "auth.permission", "pk": 52}, {"fields": {"content_type": 18, "name": "Can change poster fun", "codename": "change_posterfun"}, "model": "auth.permission", "pk": 53}, {"fields": {"content_type": 18, "name": "Can delete poster fun", "codename": "delete_posterfun"}, "model": "auth.permission", "pk": 54}, {"fields": {"content_type": 19, "name": "Can add rating", "codename": "add_rating"}, "model": "auth.permission", "pk": 55}, {"fields": {"content_type": 19, "name": "Can change rating", "codename": "change_rating"}, "model": "auth.permission", "pk": 56}, {"fields": {"content_type": 19, "name": "Can delete rating", "codename": "delete_rating"}, "model": "auth.permission", "pk": 57}, {"fields": {"content_type": 20, "name": "Can add comment", "codename": "add_comment"}, "model": "auth.permission", "pk": 58}, {"fields": {"content_type": 20, "name": "Can change comment", "codename": "change_comment"}, "model": "auth.permission", "pk": 59}, {"fields": {"content_type": 20, "name": "Can delete comment", "codename": "delete_comment"}, "model": "auth.permission", "pk": 60}, {"fields": {"content_type": 21, "name": "Can add image", "codename": "add_image"}, "model": "auth.permission", "pk": 61}, {"fields": {"content_type": 21, "name": "Can change image", "codename": "change_image"}, "model": "auth.permission", "pk": 62}, {"fields": {"content_type": 21, "name": "Can delete image", "codename": "delete_image"}, "model": "auth.permission", "pk": 63}, {"fields": {"content_type": 22, "name": "Can add music", "codename": "add_music"}, "model": "auth.permission", "pk": 64}, {"fields": {"content_type": 22, "name": "Can change music", "codename": "change_music"}, "model": "auth.permission", "pk": 65}, {"fields": {"content_type": 22, "name": "Can delete music", "codename": "delete_music"}, "model": "auth.permission", "pk": 66}, {"fields": {"content_type": 23, "name": "Can add video", "codename": "add_video"}, "model": "auth.permission", "pk": 67}, {"fields": {"content_type": 23, "name": "Can change video", "codename": "change_video"}, "model": "auth.permission", "pk": 68}, {"fields": {"content_type": 23, "name": "Can delete video", "codename": "delete_video"}, "model": "auth.permission", "pk": 69}, {"fields": {"content_type": 24, "name": "Can add poster image", "codename": "add_posterimage"}, "model": "auth.permission", "pk": 70}, {"fields": {"content_type": 24, "name": "Can change poster image", "codename": "change_posterimage"}, "model": "auth.permission", "pk": 71}, {"fields": {"content_type": 24, "name": "Can delete poster image", "codename": "delete_posterimage"}, "model": "auth.permission", "pk": 72}, {"fields": {"content_type": 25, "name": "Can add poster video", "codename": "add_postervideo"}, "model": "auth.permission", "pk": 73}, {"fields": {"content_type": 25, "name": "Can change poster video", "codename": "change_postervideo"}, "model": "auth.permission", "pk": 74}, {"fields": {"content_type": 25, "name": "Can delete poster video", "codename": "delete_postervideo"}, "model": "auth.permission", "pk": 75}, {"fields": {"content_type": 26, "name": "Can add poster", "codename": "add_poster"}, "model": "auth.permission", "pk": 76}, {"fields": {"content_type": 26, "name": "Can change poster", "codename": "change_poster"}, "model": "auth.permission", "pk": 77}, {"fields": {"content_type": 26, "name": "Can delete poster", "codename": "delete_poster"}, "model": "auth.permission", "pk": 78}, {"fields": {"content_type": 27, "name": "Can add poster page", "codename": "add_posterpage"}, "model": "auth.permission", "pk": 79}, {"fields": {"content_type": 27, "name": "Can change poster page", "codename": "change_posterpage"}, "model": "auth.permission", "pk": 80}, {"fields": {"content_type": 27, "name": "Can delete poster page", "codename": "delete_posterpage"}, "model": "auth.permission", "pk": 81}, {"fields": {"content_type": 28, "name": "Can add page text", "codename": "add_pagetext"}, "model": "auth.permission", "pk": 82}, {"fields": {"content_type": 28, "name": "Can change page text", "codename": "change_pagetext"}, "model": "auth.permission", "pk": 83}, {"fields": {"content_type": 28, "name": "Can delete page text", "codename": "delete_pagetext"}, "model": "auth.permission", "pk": 84}, {"fields": {"content_type": 29, "name": "Can add activity invitation", "codename": "add_activityinvitation"}, "model": "auth.permission", "pk": 85}, {"fields": {"content_type": 29, "name": "Can change activity invitation", "codename": "change_activityinvitation"}, "model": "auth.permission", "pk": 86}, {"fields": {"content_type": 29, "name": "Can delete activity invitation", "codename": "delete_activityinvitation"}, "model": "auth.permission", "pk": 87}, {"fields": {"content_type": 30, "name": "Can add business marketing", "codename": "add_businessmarketing"}, "model": "auth.permission", "pk": 88}, {"fields": {"content_type": 30, "name": "Can change business marketing", "codename": "change_businessmarketing"}, "model": "auth.permission", "pk": 89}, {"fields": {"content_type": 30, "name": "Can delete business marketing", "codename": "delete_businessmarketing"}, "model": "auth.permission", "pk": 90}, {"fields": {"content_type": 31, "name": "Can add product sell", "codename": "add_productsell"}, "model": "auth.permission", "pk": 91}, {"fields": {"content_type": 31, "name": "Can change product sell", "codename": "change_productsell"}, "model": "auth.permission", "pk": 92}, {"fields": {"content_type": 31, "name": "Can delete product sell", "codename": "delete_productsell"}, "model": "auth.permission", "pk": 93}, {"fields": {"content_type": 32, "name": "Can add expert show", "codename": "add_expertshow"}, "model": "auth.permission", "pk": 94}, {"fields": {"content_type": 32, "name": "Can change expert show", "codename": "change_expertshow"}, "model": "auth.permission", "pk": 95}, {"fields": {"content_type": 32, "name": "Can delete expert show", "codename": "delete_expertshow"}, "model": "auth.permission", "pk": 96}, {"fields": {"content_type": 33, "name": "Can add person", "codename": "add_person"}, "model": "auth.permission", "pk": 97}, {"fields": {"content_type": 33, "name": "Can change person", "codename": "change_person"}, "model": "auth.permission", "pk": 98}, {"fields": {"content_type": 33, "name": "Can delete person", "codename": "delete_person"}, "model": "auth.permission", "pk": 99}, {"fields": {"content_type": 34, "name": "Can add category", "codename": "add_category"}, "model": "auth.permission", "pk": 100}, {"fields": {"content_type": 34, "name": "Can change category", "codename": "change_category"}, "model": "auth.permission", "pk": 101}, {"fields": {"content_type": 34, "name": "Can delete category", "codename": "delete_category"}, "model": "auth.permission", "pk": 102}, {"fields": {"content_type": 35, "name": "Can add address", "codename": "add_address"}, "model": "auth.permission", "pk": 103}, {"fields": {"content_type": 35, "name": "Can change address", "codename": "change_address"}, "model": "auth.permission", "pk": 104}, {"fields": {"content_type": 35, "name": "Can delete address", "codename": "delete_address"}, "model": "auth.permission", "pk": 105}, {"fields": {"content_type": 36, "name": "Can add template", "codename": "add_template"}, "model": "auth.permission", "pk": 106}, {"fields": {"content_type": 36, "name": "Can change template", "codename": "change_template"}, "model": "auth.permission", "pk": 107}, {"fields": {"content_type": 36, "name": "Can delete template", "codename": "delete_template"}, "model": "auth.permission", "pk": 108}, {"fields": {"content_type": 37, "name": "Can add template region", "codename": "add_templateregion"}, "model": "auth.permission", "pk": 109}, {"fields": {"content_type": 37, "name": "Can change template region", "codename": "change_templateregion"}, "model": "auth.permission", "pk": 110}, {"fields": {"content_type": 37, "name": "Can delete template region", "codename": "delete_templateregion"}, "model": "auth.permission", "pk": 111}, {"fields": {"content_type": 38, "name": "Can add poster favorites", "codename": "add_posterfavorites"}, "model": "auth.permission", "pk": 112}, {"fields": {"content_type": 38, "name": "Can change poster favorites", "codename": "change_posterfavorites"}, "model": "auth.permission", "pk": 113}, {"fields": {"content_type": 38, "name": "Can delete poster favorites", "codename": "delete_posterfavorites"}, "model": "auth.permission", "pk": 114}, {"fields": {"content_type": 39, "name": "Can add business card", "codename": "add_businesscard"}, "model": "auth.permission", "pk": 115}, {"fields": {"content_type": 39, "name": "Can change business card", "codename": "change_businesscard"}, "model": "auth.permission", "pk": 116}, {"fields": {"content_type": 39, "name": "Can delete business card", "codename": "delete_businesscard"}, "model": "auth.permission", "pk": 117}, {"fields": {"content_type": 40, "name": "Can add poster more link", "codename": "add_postermorelink"}, "model": "auth.permission", "pk": 118}, {"fields": {"content_type": 40, "name": "Can change poster more link", "codename": "change_postermorelink"}, "model": "auth.permission", "pk": 119}, {"fields": {"content_type": 40, "name": "Can delete poster more link", "codename": "delete_postermorelink"}, "model": "auth.permission", "pk": 120}, {"fields": {"is_active": true, "last_login": "2015-11-10T01:18:08Z", "user_permissions": [], "last_name": "", "first_name": "", "email": "caobaohua@gmail.com", "is_superuser": true, "password": "pbkdf2_sha256$20000$hpeZiDProOzt$wBzJNflSTvSZJvQ9UtX45EOnA6dt1uKIXWHrPESpNS4=", "groups": [], "is_staff": true, "date_joined": "2015-11-10T01:17:59Z", "username": "bob"}, "model": "auth.user", "pk": 1}, {"fields": {"is_active": true, "last_login": null, "user_permissions": [], "last_name": "cao", "first_name": "baohua", "email": "info@alatting.com", "is_superuser": true, "password": "pbkdf2_sha256$20000$96ZJivpEupx1$0oaDVJjj2U4dYXVwEbfM6OxHBs/upPK5TkMCnYgx2D4=", "groups": [], "is_staff": true, "date_joined": "2015-09-25T23:56:10Z", "username": "alatting"}, "model": "auth.user", "pk": 2}, {"fields": {"is_active": true, "last_login": "2015-11-18T03:15:02Z", "user_permissions": [], "last_name": "chen", "first_name": "jerry", "email": "jerry@alatting.com", "is_superuser": false, "password": "pbkdf2_sha256$20000$sqGeDA69uXfx$Hpd+V3HRgj/pga4cXRaHKE86qVTUSo+c7Kh+GWtbgAo=", "groups": [], "is_staff": false, "date_joined": "2015-11-12T02:59:07Z", "username": "jerry"}, "model": "auth.user", "pk": 3}, {"fields": {"is_active": true, "last_login": "2016-04-13T03:12:29Z", "user_permissions": [], "last_name": "", "first_name": "", "email": "info@info.com", "is_superuser": true, "password": "pbkdf2_sha256$20000$cwDEKFgBpPx7$OiNEBJHLcouJRit+kMhK8wZcH4VZcrh7TORyHyrUTMs=", "groups": [], "is_staff": true, "date_joined": "2015-09-23T21:55:09Z", "username": "info"}, "model": "auth.user", "pk": 4}, {"fields": {"is_active": true, "last_login": "2016-04-21T01:56:14.581Z", "user_permissions": [], "last_name": "", "first_name": "", "email": "admin@admin.com", "is_superuser": true, "password": "pbkdf2_sha256$20000$3ye5zaGQFiGS$Linwz3KkUm71Mx+et+6tSICakfod8ldn6hyWGRVP9nk=", "groups": [], "is_staff": true, "date_joined": "2016-04-05T05:45:28Z", "username": "admin"}, "model": "auth.user", "pk": 5}, {"fields": {"creator": 5, "liked": true, "poster": 6}, "model": "alatting_website.posterlike", "pk": 1}, {"fields": {"creator": 4, "created_at": "2016-01-16T02:51:24Z", "poster": 1, "rate": 3}, "model": "alatting_website.rating", "pk": 1}, {"fields": {"creator": 5, "created_at": "2016-04-11T09:02:51Z", "poster": 6, "rate": 4}, "model": "alatting_website.rating", "pk": 2}, {"fields": {"creator": 2, "title": "Good company", "content": "This is a nice place to work!", "parent": null, "created_at": "2015-11-09T22:16:48Z", "poster": 1}, "model": "alatting_website.comment", "pk": 1}, {"fields": {"creator": 1, "title": "Super awesome!", "content": "This is an international company!", "parent": null, "created_at": "2015-11-09T22:17:57Z", "poster": 1}, "model": "alatting_website.comment", "pk": 2}, {"fields": {"creator": 5, "title": "abc", "content": "abc", "parent": null, "created_at": "2016-04-20T06:59:03.354Z", "poster": 6}, "model": "alatting_website.comment", "pk": 3}, {"fields": {"address": 2, "main_category": 2, "html": "html5/2015/09/23/47b3768339674065b427545f63a224f7.json", "tags": "", "email": "info@alatting.com", "script": "html5/2015/09/23/47b3768339674065b427545f63a224f7.js", "unique_name": "alatting", "width": 800, "created_at": "2015-09-23T22:01:33Z", "logo_title": "\u963f\u62c9\u9f0e\u9ad8\u79d1\u56fd\u9645\u80a1\u4efd\u6709\u9650\u516c\u53f8", "logo_image": 1, "lifetime_timezone": "America/Los_Angeles", "lifetime_value": "{\"2015-11-23\": {\"time_start\": \"08:00 am\", \"enabled\": 1,\"time_end\": \"09:00 pm\", \"message\": \"Funding opening day and project demonstration\"}}", "sub_category": 14, "music": 1, "mobile": "2134006368", "status": "Active", "creator": 4, "data": "html5/2015/09/23/47b3768339674065b427545f63a224f7.json", "lifetime_type": "specific_days", "css": "html5/2015/09/23/47b3768339674065b427545f63a224f7.css", "height": 1024, "url": "www.alatting.com", "phone": "3234444444", "short_description": "\u963f\u62c9\u9f0e\u603b\u90e8\u4f4d\u4e8e\u7f8e\u56fd\u6d1b\u6749\u77f6,\u4e13\u6ce8\u667a\u80fd\u6d77\u62a5\u8425\u9500"}, "model": "alatting_website.poster", "pk": 1}, {"fields": {"address": 3, "main_category": 1, "html": "html5/2016/04/13/7da62f47b96e4af3a6beacac7e2acbc9.json", "tags": "3551", "email": "abc@yunye123.com", "script": "", "unique_name": "3551", "width": 800, "created_at": "2016-04-11T07:55:50Z", "logo_title": "3551\u5149\u8c37\u4eba\u624d\u8ba1\u5212", "logo_image": 15, "lifetime_timezone": "Asia/Shanghai", "lifetime_value": "UTC", "sub_category": 1, "music": null, "mobile": "13800138000", "status": "Draft", "creator": 5, "data": "", "lifetime_type": "weekly", "css": "html5/2016/04/12/96d55ee0b5ad43c2ad23fb89efb2c9a9.css", "height": 1024, "url": "http://www.yunye123.com", "phone": "87280808", "short_description": "\u201c3551\u5149\u8c37\u4eba\u624d\u8ba1\u5212\u201d - \u6b66\u6c49\u4e1c\u6e56\u9ad8\u65b0\u533a\u542f\u52a8\u4e4b\u5f15\u624d\u8ba1\u5212"}, "model": "alatting_website.poster", "pk": 6}, {"fields": {"accepted_count": 0, "parking_notice_message": "", "activity_start_time": "2016-04-11T07:55:52Z", "activity_status": "coming", "activity_end_time": "2016-04-11T07:55:52Z", "pre_minutes_to_notify": 0, "special_description": "", "activity_reminder_message": "", "rejected_count": 0, "need_pre_notification": true, "invitation_message": ""}, "model": "alatting_website.activityinvitation", "pk": 6}, {"fields": {"avatar": "avatars/avatar.png", "gender": "Male"}, "model": "alatting_website.person", "pk": 1}, {"fields": {"avatar": "avatars/2015/11/09/86ecc17e58f4461fbcaee510e44cbc9f.png", "gender": "Male"}, "model": "alatting_website.person", "pk": 2}]