[{"fields": {"name": "Can add log entry", "content_type": 1, "codename": "add_logentry"}, "pk": 1, "model": "auth.permission"}, {"fields": {"name": "Can change log entry", "content_type": 1, "codename": "change_logentry"}, "pk": 2, "model": "auth.permission"}, {"fields": {"name": "Can delete log entry", "content_type": 1, "codename": "delete_logentry"}, "pk": 3, "model": "auth.permission"}, {"fields": {"name": "Can add permission", "content_type": 2, "codename": "add_permission"}, "pk": 4, "model": "auth.permission"}, {"fields": {"name": "Can change permission", "content_type": 2, "codename": "change_permission"}, "pk": 5, "model": "auth.permission"}, {"fields": {"name": "Can delete permission", "content_type": 2, "codename": "delete_permission"}, "pk": 6, "model": "auth.permission"}, {"fields": {"name": "Can add group", "content_type": 3, "codename": "add_group"}, "pk": 7, "model": "auth.permission"}, {"fields": {"name": "Can change group", "content_type": 3, "codename": "change_group"}, "pk": 8, "model": "auth.permission"}, {"fields": {"name": "Can delete group", "content_type": 3, "codename": "delete_group"}, "pk": 9, "model": "auth.permission"}, {"fields": {"name": "Can add user", "content_type": 4, "codename": "add_user"}, "pk": 10, "model": "auth.permission"}, {"fields": {"name": "Can change user", "content_type": 4, "codename": "change_user"}, "pk": 11, "model": "auth.permission"}, {"fields": {"name": "Can delete user", "content_type": 4, "codename": "delete_user"}, "pk": 12, "model": "auth.permission"}, {"fields": {"name": "Can add content type", "content_type": 5, "codename": "add_contenttype"}, "pk": 13, "model": "auth.permission"}, {"fields": {"name": "Can change content type", "content_type": 5, "codename": "change_contenttype"}, "pk": 14, "model": "auth.permission"}, {"fields": {"name": "Can delete content type", "content_type": 5, "codename": "delete_contenttype"}, "pk": 15, "model": "auth.permission"}, {"fields": {"name": "Can add session", "content_type": 6, "codename": "add_session"}, "pk": 16, "model": "auth.permission"}, {"fields": {"name": "Can change session", "content_type": 6, "codename": "change_session"}, "pk": 17, "model": "auth.permission"}, {"fields": {"name": "Can delete session", "content_type": 6, "codename": "delete_session"}, "pk": 18, "model": "auth.permission"}, {"fields": {"name": "Can add task state", "content_type": 7, "codename": "add_taskmeta"}, "pk": 19, "model": "auth.permission"}, {"fields": {"name": "Can change task state", "content_type": 7, "codename": "change_taskmeta"}, "pk": 20, "model": "auth.permission"}, {"fields": {"name": "Can delete task state", "content_type": 7, "codename": "delete_taskmeta"}, "pk": 21, "model": "auth.permission"}, {"fields": {"name": "Can add saved group result", "content_type": 8, "codename": "add_tasksetmeta"}, "pk": 22, "model": "auth.permission"}, {"fields": {"name": "Can change saved group result", "content_type": 8, "codename": "change_tasksetmeta"}, "pk": 23, "model": "auth.permission"}, {"fields": {"name": "Can delete saved group result", "content_type": 8, "codename": "delete_tasksetmeta"}, "pk": 24, "model": "auth.permission"}, {"fields": {"name": "Can add interval", "content_type": 9, "codename": "add_intervalschedule"}, "pk": 25, "model": "auth.permission"}, {"fields": {"name": "Can change interval", "content_type": 9, "codename": "change_intervalschedule"}, "pk": 26, "model": "auth.permission"}, {"fields": {"name": "Can delete interval", "content_type": 9, "codename": "delete_intervalschedule"}, "pk": 27, "model": "auth.permission"}, {"fields": {"name": "Can add crontab", "content_type": 10, "codename": "add_crontabschedule"}, "pk": 28, "model": "auth.permission"}, {"fields": {"name": "Can change crontab", "content_type": 10, "codename": "change_crontabschedule"}, "pk": 29, "model": "auth.permission"}, {"fields": {"name": "Can delete crontab", "content_type": 10, "codename": "delete_crontabschedule"}, "pk": 30, "model": "auth.permission"}, {"fields": {"name": "Can add periodic tasks", "content_type": 11, "codename": "add_periodictasks"}, "pk": 31, "model": "auth.permission"}, {"fields": {"name": "Can change periodic tasks", "content_type": 11, "codename": "change_periodictasks"}, "pk": 32, "model": "auth.permission"}, {"fields": {"name": "Can delete periodic tasks", "content_type": 11, "codename": "delete_periodictasks"}, "pk": 33, "model": "auth.permission"}, {"fields": {"name": "Can add periodic task", "content_type": 12, "codename": "add_periodictask"}, "pk": 34, "model": "auth.permission"}, {"fields": {"name": "Can change periodic task", "content_type": 12, "codename": "change_periodictask"}, "pk": 35, "model": "auth.permission"}, {"fields": {"name": "Can delete periodic task", "content_type": 12, "codename": "delete_periodictask"}, "pk": 36, "model": "auth.permission"}, {"fields": {"name": "Can add worker", "content_type": 13, "codename": "add_workerstate"}, "pk": 37, "model": "auth.permission"}, {"fields": {"name": "Can change worker", "content_type": 13, "codename": "change_workerstate"}, "pk": 38, "model": "auth.permission"}, {"fields": {"name": "Can delete worker", "content_type": 13, "codename": "delete_workerstate"}, "pk": 39, "model": "auth.permission"}, {"fields": {"name": "Can add task", "content_type": 14, "codename": "add_taskstate"}, "pk": 40, "model": "auth.permission"}, {"fields": {"name": "Can change task", "content_type": 14, "codename": "change_taskstate"}, "pk": 41, "model": "auth.permission"}, {"fields": {"name": "Can delete task", "content_type": 14, "codename": "delete_taskstate"}, "pk": 42, "model": "auth.permission"}, {"fields": {"name": "Can add poster statistics", "content_type": 15, "codename": "add_posterstatistics"}, "pk": 43, "model": "auth.permission"}, {"fields": {"name": "Can change poster statistics", "content_type": 15, "codename": "change_posterstatistics"}, "pk": 44, "model": "auth.permission"}, {"fields": {"name": "Can delete poster statistics", "content_type": 15, "codename": "delete_posterstatistics"}, "pk": 45, "model": "auth.permission"}, {"fields": {"name": "Can add history statistics", "content_type": 16, "codename": "add_historystatistics"}, "pk": 46, "model": "auth.permission"}, {"fields": {"name": "Can change history statistics", "content_type": 16, "codename": "change_historystatistics"}, "pk": 47, "model": "auth.permission"}, {"fields": {"name": "Can delete history statistics", "content_type": 16, "codename": "delete_historystatistics"}, "pk": 48, "model": "auth.permission"}, {"fields": {"name": "Can add poster like", "content_type": 17, "codename": "add_posterlike"}, "pk": 49, "model": "auth.permission"}, {"fields": {"name": "Can change poster like", "content_type": 17, "codename": "change_posterlike"}, "pk": 50, "model": "auth.permission"}, {"fields": {"name": "Can delete poster like", "content_type": 17, "codename": "delete_posterlike"}, "pk": 51, "model": "auth.permission"}, {"fields": {"name": "Can add poster fun", "content_type": 18, "codename": "add_posterfun"}, "pk": 52, "model": "auth.permission"}, {"fields": {"name": "Can change poster fun", "content_type": 18, "codename": "change_posterfun"}, "pk": 53, "model": "auth.permission"}, {"fields": {"name": "Can delete poster fun", "content_type": 18, "codename": "delete_posterfun"}, "pk": 54, "model": "auth.permission"}, {"fields": {"name": "Can add rating", "content_type": 19, "codename": "add_rating"}, "pk": 55, "model": "auth.permission"}, {"fields": {"name": "Can change rating", "content_type": 19, "codename": "change_rating"}, "pk": 56, "model": "auth.permission"}, {"fields": {"name": "Can delete rating", "content_type": 19, "codename": "delete_rating"}, "pk": 57, "model": "auth.permission"}, {"fields": {"name": "Can add comment", "content_type": 20, "codename": "add_comment"}, "pk": 58, "model": "auth.permission"}, {"fields": {"name": "Can change comment", "content_type": 20, "codename": "change_comment"}, "pk": 59, "model": "auth.permission"}, {"fields": {"name": "Can delete comment", "content_type": 20, "codename": "delete_comment"}, "pk": 60, "model": "auth.permission"}, {"fields": {"name": "Can add image", "content_type": 21, "codename": "add_image"}, "pk": 61, "model": "auth.permission"}, {"fields": {"name": "Can change image", "content_type": 21, "codename": "change_image"}, "pk": 62, "model": "auth.permission"}, {"fields": {"name": "Can delete image", "content_type": 21, "codename": "delete_image"}, "pk": 63, "model": "auth.permission"}, {"fields": {"name": "Can add music", "content_type": 22, "codename": "add_music"}, "pk": 64, "model": "auth.permission"}, {"fields": {"name": "Can change music", "content_type": 22, "codename": "change_music"}, "pk": 65, "model": "auth.permission"}, {"fields": {"name": "Can delete music", "content_type": 22, "codename": "delete_music"}, "pk": 66, "model": "auth.permission"}, {"fields": {"name": "Can add video", "content_type": 23, "codename": "add_video"}, "pk": 67, "model": "auth.permission"}, {"fields": {"name": "Can change video", "content_type": 23, "codename": "change_video"}, "pk": 68, "model": "auth.permission"}, {"fields": {"name": "Can delete video", "content_type": 23, "codename": "delete_video"}, "pk": 69, "model": "auth.permission"}, {"fields": {"name": "Can add poster image", "content_type": 24, "codename": "add_posterimage"}, "pk": 70, "model": "auth.permission"}, {"fields": {"name": "Can change poster image", "content_type": 24, "codename": "change_posterimage"}, "pk": 71, "model": "auth.permission"}, {"fields": {"name": "Can delete poster image", "content_type": 24, "codename": "delete_posterimage"}, "pk": 72, "model": "auth.permission"}, {"fields": {"name": "Can add poster video", "content_type": 25, "codename": "add_postervideo"}, "pk": 73, "model": "auth.permission"}, {"fields": {"name": "Can change poster video", "content_type": 25, "codename": "change_postervideo"}, "pk": 74, "model": "auth.permission"}, {"fields": {"name": "Can delete poster video", "content_type": 25, "codename": "delete_postervideo"}, "pk": 75, "model": "auth.permission"}, {"fields": {"name": "Can add poster", "content_type": 26, "codename": "add_poster"}, "pk": 76, "model": "auth.permission"}, {"fields": {"name": "Can change poster", "content_type": 26, "codename": "change_poster"}, "pk": 77, "model": "auth.permission"}, {"fields": {"name": "Can delete poster", "content_type": 26, "codename": "delete_poster"}, "pk": 78, "model": "auth.permission"}, {"fields": {"name": "Can add poster page", "content_type": 27, "codename": "add_posterpage"}, "pk": 79, "model": "auth.permission"}, {"fields": {"name": "Can change poster page", "content_type": 27, "codename": "change_posterpage"}, "pk": 80, "model": "auth.permission"}, {"fields": {"name": "Can delete poster page", "content_type": 27, "codename": "delete_posterpage"}, "pk": 81, "model": "auth.permission"}, {"fields": {"name": "Can add page text", "content_type": 28, "codename": "add_pagetext"}, "pk": 82, "model": "auth.permission"}, {"fields": {"name": "Can change page text", "content_type": 28, "codename": "change_pagetext"}, "pk": 83, "model": "auth.permission"}, {"fields": {"name": "Can delete page text", "content_type": 28, "codename": "delete_pagetext"}, "pk": 84, "model": "auth.permission"}, {"fields": {"name": "Can add activity invitation", "content_type": 29, "codename": "add_activityinvitation"}, "pk": 85, "model": "auth.permission"}, {"fields": {"name": "Can change activity invitation", "content_type": 29, "codename": "change_activityinvitation"}, "pk": 86, "model": "auth.permission"}, {"fields": {"name": "Can delete activity invitation", "content_type": 29, "codename": "delete_activityinvitation"}, "pk": 87, "model": "auth.permission"}, {"fields": {"name": "Can add business marketing", "content_type": 30, "codename": "add_businessmarketing"}, "pk": 88, "model": "auth.permission"}, {"fields": {"name": "Can change business marketing", "content_type": 30, "codename": "change_businessmarketing"}, "pk": 89, "model": "auth.permission"}, {"fields": {"name": "Can delete business marketing", "content_type": 30, "codename": "delete_businessmarketing"}, "pk": 90, "model": "auth.permission"}, {"fields": {"name": "Can add product sell", "content_type": 31, "codename": "add_productsell"}, "pk": 91, "model": "auth.permission"}, {"fields": {"name": "Can change product sell", "content_type": 31, "codename": "change_productsell"}, "pk": 92, "model": "auth.permission"}, {"fields": {"name": "Can delete product sell", "content_type": 31, "codename": "delete_productsell"}, "pk": 93, "model": "auth.permission"}, {"fields": {"name": "Can add expert show", "content_type": 32, "codename": "add_expertshow"}, "pk": 94, "model": "auth.permission"}, {"fields": {"name": "Can change expert show", "content_type": 32, "codename": "change_expertshow"}, "pk": 95, "model": "auth.permission"}, {"fields": {"name": "Can delete expert show", "content_type": 32, "codename": "delete_expertshow"}, "pk": 96, "model": "auth.permission"}, {"fields": {"name": "Can add person", "content_type": 33, "codename": "add_person"}, "pk": 97, "model": "auth.permission"}, {"fields": {"name": "Can change person", "content_type": 33, "codename": "change_person"}, "pk": 98, "model": "auth.permission"}, {"fields": {"name": "Can delete person", "content_type": 33, "codename": "delete_person"}, "pk": 99, "model": "auth.permission"}, {"fields": {"name": "Can add category", "content_type": 34, "codename": "add_category"}, "pk": 100, "model": "auth.permission"}, {"fields": {"name": "Can change category", "content_type": 34, "codename": "change_category"}, "pk": 101, "model": "auth.permission"}, {"fields": {"name": "Can delete category", "content_type": 34, "codename": "delete_category"}, "pk": 102, "model": "auth.permission"}, {"fields": {"name": "Can add address", "content_type": 35, "codename": "add_address"}, "pk": 103, "model": "auth.permission"}, {"fields": {"name": "Can change address", "content_type": 35, "codename": "change_address"}, "pk": 104, "model": "auth.permission"}, {"fields": {"name": "Can delete address", "content_type": 35, "codename": "delete_address"}, "pk": 105, "model": "auth.permission"}, {"fields": {"name": "Can add template", "content_type": 36, "codename": "add_template"}, "pk": 106, "model": "auth.permission"}, {"fields": {"name": "Can change template", "content_type": 36, "codename": "change_template"}, "pk": 107, "model": "auth.permission"}, {"fields": {"name": "Can delete template", "content_type": 36, "codename": "delete_template"}, "pk": 108, "model": "auth.permission"}, {"fields": {"name": "Can add template region", "content_type": 37, "codename": "add_templateregion"}, "pk": 109, "model": "auth.permission"}, {"fields": {"name": "Can change template region", "content_type": 37, "codename": "change_templateregion"}, "pk": 110, "model": "auth.permission"}, {"fields": {"name": "Can delete template region", "content_type": 37, "codename": "delete_templateregion"}, "pk": 111, "model": "auth.permission"}, {"fields": {"name": "Can add poster favorites", "content_type": 38, "codename": "add_posterfavorites"}, "pk": 112, "model": "auth.permission"}, {"fields": {"name": "Can change poster favorites", "content_type": 38, "codename": "change_posterfavorites"}, "pk": 113, "model": "auth.permission"}, {"fields": {"name": "Can delete poster favorites", "content_type": 38, "codename": "delete_posterfavorites"}, "pk": 114, "model": "auth.permission"}, {"fields": {"name": "Can add business card", "content_type": 39, "codename": "add_businesscard"}, "pk": 115, "model": "auth.permission"}, {"fields": {"name": "Can change business card", "content_type": 39, "codename": "change_businesscard"}, "pk": 116, "model": "auth.permission"}, {"fields": {"name": "Can delete business card", "content_type": 39, "codename": "delete_businesscard"}, "pk": 117, "model": "auth.permission"}, {"fields": {"name": "Can add poster more link", "content_type": 40, "codename": "add_postermorelink"}, "pk": 118, "model": "auth.permission"}, {"fields": {"name": "Can change poster more link", "content_type": 40, "codename": "change_postermorelink"}, "pk": 119, "model": "auth.permission"}, {"fields": {"name": "Can delete poster more link", "content_type": 40, "codename": "delete_postermorelink"}, "pk": 120, "model": "auth.permission"}, {"fields": {"last_login": "2015-11-10T01:18:08Z", "username": "bob", "is_superuser": true, "is_active": true, "last_name": "", "first_name": "", "groups": [], "is_staff": true, "date_joined": "2015-11-10T01:17:59Z", "email": "caobaohua@gmail.com", "user_permissions": [], "password": "pbkdf2_sha256$20000$hpeZiDProOzt$wBzJNflSTvSZJvQ9UtX45EOnA6dt1uKIXWHrPESpNS4="}, "pk": 1, "model": "auth.user"}, {"fields": {"last_login": null, "username": "alatting", "is_superuser": true, "is_active": true, "last_name": "cao", "first_name": "baohua", "groups": [], "is_staff": true, "date_joined": "2015-09-25T23:56:10Z", "email": "info@alatting.com", "user_permissions": [], "password": "pbkdf2_sha256$20000$96ZJivpEupx1$0oaDVJjj2U4dYXVwEbfM6OxHBs/upPK5TkMCnYgx2D4="}, "pk": 2, "model": "auth.user"}, {"fields": {"last_login": "2015-11-18T03:15:02Z", "username": "jerry", "is_superuser": false, "is_active": true, "last_name": "chen", "first_name": "jerry", "groups": [], "is_staff": false, "date_joined": "2015-11-12T02:59:07Z", "email": "jerry@alatting.com", "user_permissions": [], "password": "pbkdf2_sha256$20000$sqGeDA69uXfx$Hpd+V3HRgj/pga4cXRaHKE86qVTUSo+c7Kh+GWtbgAo="}, "pk": 3, "model": "auth.user"}, {"fields": {"last_login": "2016-04-13T03:12:29Z", "username": "info", "is_superuser": true, "is_active": true, "last_name": "", "first_name": "", "groups": [], "is_staff": true, "date_joined": "2015-09-23T21:55:09Z", "email": "info@info.com", "user_permissions": [], "password": "pbkdf2_sha256$20000$cwDEKFgBpPx7$OiNEBJHLcouJRit+kMhK8wZcH4VZcrh7TORyHyrUTMs="}, "pk": 4, "model": "auth.user"}, {"fields": {"last_login": "2016-04-21T01:56:14.581Z", "username": "admin", "is_superuser": true, "is_active": true, "last_name": "", "first_name": "", "groups": [], "is_staff": true, "date_joined": "2016-04-05T05:45:28Z", "email": "admin@admin.com", "user_permissions": [], "password": "pbkdf2_sha256$20000$3ye5zaGQFiGS$Linwz3KkUm71Mx+et+6tSICakfod8ldn6hyWGRVP9nk="}, "pk": 5, "model": "auth.user"}, {"fields": {"google_shared_count": 0, "one_count": 1, "weibo_shared_count": 0, "five_count": 0, "qq_shared_count": 0, "wechat_shared_count": 0, "fun_count": 1, "fun_review_score": 0.0, "views_count": 709, "complains_count": 0, "four_count": 1, "fun_survey_score": 0.0, "facebook_shared_count": 3, "two_count": 0, "ratings_count": 4, "map_contacted_count": 0, "favorites_count": 0, "three_count": 2, "qzone_shared_count": 0, "updated_at": null, "likes_count": 0, "email_shared_count": 3, "twitter_shared_count": 0, "linkedin_shared_count": 0, "phone_contacted_count": 0, "scans_count": 0, "pinterest_shared_count": 0, "created_at": "2015-11-21T03:15:48Z", "ratings_total": 11, "email_contacted_count": 0}, "pk": 1, "model": "alatting_website.posterstatistics"}, {"fields": {"google_shared_count": 0, "one_count": 0, "weibo_shared_count": 3, "five_count": 0, "qq_shared_count": 0, "wechat_shared_count": 2, "fun_count": 2, "fun_review_score": 0.0, "views_count": 746, "complains_count": 0, "four_count": 1, "fun_survey_score": 0.0, "facebook_shared_count": 2, "two_count": 0, "ratings_count": 1, "map_contacted_count": 0, "favorites_count": 0, "three_count": 0, "qzone_shared_count": 0, "updated_at": "2016-04-11T07:55:50Z", "likes_count": 1, "email_shared_count": 5, "twitter_shared_count": 0, "linkedin_shared_count": 0, "phone_contacted_count": 0, "scans_count": 0, "pinterest_shared_count": 0, "created_at": "2016-04-11T07:55:50Z", "ratings_total": 4, "email_contacted_count": 0}, "pk": 6, "model": "alatting_website.posterstatistics"}, {"fields": {"google_shared_count": 0, "one_count": 0, "weibo_shared_count": 0, "five_count": 0, "qq_shared_count": 0, "wechat_shared_count": 0, "fun_count": 0, "fun_review_score": 0.0, "views_count": 0, "complains_count": 0, "four_count": 0, "fun_survey_score": 0.0, "facebook_shared_count": 0, "two_count": 0, "ratings_count": 0, "map_contacted_count": 0, "favorites_count": 0, "three_count": 0, "qzone_shared_count": 0, "updated_at": null, "likes_count": 0, "email_shared_count": 0, "twitter_shared_count": 0, "linkedin_shared_count": 0, "phone_contacted_count": 0, "scans_count": 0, "pinterest_shared_count": 0, "created_at": "2015-11-27T19:13:37Z", "ratings_total": 0, "email_contacted_count": 0}, "pk": 1, "model": "alatting_website.historystatistics"}, {"fields": {"google_shared_count": 0, "one_count": 0, "weibo_shared_count": 0, "five_count": 0, "qq_shared_count": 0, "wechat_shared_count": 0, "fun_count": 0, "fun_review_score": 0.0, "views_count": 0, "complains_count": 0, "four_count": 0, "fun_survey_score": 0.0, "facebook_shared_count": 0, "two_count": 0, "ratings_count": 0, "map_contacted_count": 0, "favorites_count": 0, "three_count": 0, "qzone_shared_count": 0, "updated_at": "2016-04-11T07:55:50Z", "likes_count": 0, "email_shared_count": 0, "twitter_shared_count": 0, "linkedin_shared_count": 0, "phone_contacted_count": 0, "scans_count": 0, "pinterest_shared_count": 0, "created_at": "2016-04-11T07:55:50Z", "ratings_total": 0, "email_contacted_count": 0}, "pk": 6, "model": "alatting_website.historystatistics"}, {"fields": {"poster": 6, "creator": 5, "liked": true}, "pk": 1, "model": "alatting_website.posterlike"}, {"fields": {"poster": 6, "ip_address": "192.168.1.105"}, "pk": 1, "model": "alatting_website.posterfun"}, {"fields": {"poster": 1, "ip_address": "192.168.5.1"}, "pk": 2, "model": "alatting_website.posterfun"}, {"fields": {"poster": 6, "ip_address": "127.0.0.1"}, "pk": 3, "model": "alatting_website.posterfun"}, {"fields": {"poster": 1, "creator": 4, "created_at": "2016-01-16T02:51:24Z", "rate": 3}, "pk": 1, "model": "alatting_website.rating"}, {"fields": {"poster": 6, "creator": 5, "created_at": "2016-04-11T09:02:51Z", "rate": 4}, "pk": 2, "model": "alatting_website.rating"}, {"fields": {"poster": 1, "creator": 2, "content": "This is a nice place to work!", "title": "Good company", "created_at": "2015-11-09T22:16:48Z", "parent": null}, "pk": 1, "model": "alatting_website.comment"}, {"fields": {"poster": 1, "creator": 1, "content": "This is an international company!", "title": "Super awesome!", "created_at": "2015-11-09T22:17:57Z", "parent": null}, "pk": 2, "model": "alatting_website.comment"}, {"fields": {"poster": 6, "creator": 5, "content": "abc", "title": "abc", "created_at": "2016-04-20T06:59:03.354Z", "parent": null}, "pk": 3, "model": "alatting_website.comment"}, {"fields": {"format": "png", "width": 594, "height": 128, "created_at": "2015-09-23T21:56:48Z", "file": "images/2015/09/23/92180490f431414e9b160002d91f15db.png", "uuid": "a14f859435c34577acd1abaa609698a0"}, "pk": 1, "model": "alatting_website.image"}, {"fields": {"format": "png", "width": 1920, "height": 1440, "created_at": "2015-09-23T22:02:25Z", "file": "images/2015/09/23/2bcd27648100432e8c86d193271591cf.png", "uuid": "8167084b575e497cab36fd54e56c6665"}, "pk": 2, "model": "alatting_website.image"}, {"fields": {"format": "PNG", "width": 1460, "height": 775, "created_at": "2015-09-23T22:02:39Z", "file": "images/2015/09/23/4c795e20ec2f489d862a79a5a428826b.PNG", "uuid": "d853a5c31b5945a098d7e4daed81556d"}, "pk": 3, "model": "alatting_website.image"}, {"fields": {"format": "PNG", "width": 991, "height": 909, "created_at": "2015-09-23T22:02:43Z", "file": "images/2015/09/23/eab0c4ef73704536b3e026475a1aae67.PNG", "uuid": "7b6b26263c2245fd8d9f5c725d4a32b9"}, "pk": 4, "model": "alatting_website.image"}, {"fields": {"format": "PNG", "width": 1026, "height": 906, "created_at": "2015-09-23T22:02:47Z", "file": "images/2015/09/23/7b7837c7bfbc47eba950952ff1490b06.PNG", "uuid": "d9478b15a40f46e9bfae38194dd50eb0"}, "pk": 5, "model": "alatting_website.image"}, {"fields": {"format": "PNG", "width": 1013, "height": 781, "created_at": "2015-09-23T22:03:08Z", "file": "images/2015/09/23/ba39ba074c294f409e0d96244829b5ee.PNG", "uuid": "3334826e3cd04832a3378b8f49e4c170"}, "pk": 6, "model": "alatting_website.image"}, {"fields": {"format": "PNG", "width": 3264, "height": 2448, "created_at": "2015-09-23T22:03:22Z", "file": "images/2015/09/23/c1ef0a0998b24b42bfbead5151e1148b.PNG", "uuid": "7fcf9aa2e5614d1b9a09ab2548512bdc"}, "pk": 7, "model": "alatting_website.image"}, {"fields": {"format": "png", "width": 2448, "height": 3264, "created_at": "2015-09-23T22:03:46Z", "file": "images/2015/09/23/9b284ac9954b4e8b8779fe088d9b55f8.png", "uuid": "6de839654b3e4461a7a973ba5b05a2b0"}, "pk": 8, "model": "alatting_website.image"}, {"fields": {"format": "png", "width": 2448, "height": 2448, "created_at": "2015-09-23T22:04:06Z", "file": "images/2015/09/23/0d2c62213b844e29970abb69c7eaccf6.png", "uuid": "0ac5117d7b3b4e2f8d7d87030233ab75"}, "pk": 9, "model": "alatting_website.image"}, {"fields": {"format": "png", "width": 2000, "height": 1333, "created_at": "2015-09-23T22:04:16Z", "file": "images/2015/09/23/62e4733884394971a7615fc173236acd.png", "uuid": "a84043037f2447649a8baa14db8bc1e3"}, "pk": 10, "model": "alatting_website.image"}, {"fields": {"format": "png", "width": 2000, "height": 1333, "created_at": "2015-09-23T22:04:26Z", "file": "images/2015/09/23/f375ac8eb4f548a9a43f203daf2336c0.png", "uuid": "67f7ae9b91b742779f2c2cdae5f4ef85"}, "pk": 11, "model": "alatting_website.image"}, {"fields": {"format": "png", "width": 3264, "height": 2448, "created_at": "2015-09-23T22:04:55Z", "file": "images/2015/09/23/22ca7b1a54a040838c32643d64afaa48.png", "uuid": "8f9aaf83a231456cb108e34fb23962ed"}, "pk": 12, "model": "alatting_website.image"}, {"fields": {"format": "jpg", "width": 108, "height": 108, "created_at": "2016-04-11T07:43:09Z", "file": "images/2016/04/11/1b5d5a323bfe4f96a3f23fb042ff4cd2.jpg", "uuid": "45e04523415e418c84709eaa0785eee9"}, "pk": 13, "model": "alatting_website.image"}, {"fields": {"format": "png", "width": 562, "height": 248, "created_at": "2016-04-12T03:14:52Z", "file": "images/2016/04/12/3d4601961f894c2883e83241dec83223.png", "uuid": "abc6a4ce7b464951b52a71fe50833417"}, "pk": 15, "model": "alatting_website.image"}, {"fields": {"format": "png", "width": 871, "height": 388, "created_at": "2016-04-13T06:46:11Z", "file": "images/2016/04/13/0bfe3317931f4a1bbc5ce85055b1d17d.png", "uuid": "d8aee392cc6a475390d92592c594cc4c"}, "pk": 16, "model": "alatting_website.image"}, {"fields": {"format": "jpg", "width": 1242, "height": 487, "created_at": "2016-04-13T07:01:58Z", "file": "images/2016/04/13/94246f0b6ad24eb4996a904c7f1602e5.jpg", "uuid": "accf80b6a59c498486d49b1f9e155dc5"}, "pk": 17, "model": "alatting_website.image"}, {"fields": {"format": "jpg", "width": 1242, "height": 489, "created_at": "2016-04-13T07:05:04Z", "file": "images/2016/04/13/559b90b8e85d4ad4af44c6d075f388a7.jpg", "uuid": "0bf1f4a2503e45a8ba93df07f2ea5c42"}, "pk": 18, "model": "alatting_website.image"}, {"fields": {"format": "jpg", "width": 1242, "height": 201, "created_at": "2016-04-13T09:13:39Z", "file": "images/2016/04/13/58fb7a64deb44877803d8269279041e8.jpg", "uuid": "4e7b877f5c444fd3b385c032579b3436"}, "pk": 19, "model": "alatting_website.image"}, {"fields": {"format": "png", "width": 1237, "height": 247, "created_at": "2016-04-15T17:08:54Z", "file": "images/2016/04/15/48ef83d76806479aa40932766545143b.png", "uuid": "bfcd79575e634e14b03ed8af0a1fbbe5"}, "pk": 20, "model": "alatting_website.image"}, {"fields": {"format": "png", "width": 645, "height": 645, "created_at": "2016-04-15T17:09:44Z", "file": "images/2016/04/15/8a630176740b4a9a8342519b631f9352.png", "uuid": "d4f4b78c20354d38aa029c34ad73664d"}, "pk": 21, "model": "alatting_website.image"}, {"fields": {"format": "png", "width": 638, "height": 935, "created_at": "2016-04-15T17:10:11Z", "file": "images/2016/04/15/15588b5bb19f4518abb21269eccc9ba7.png", "uuid": "0a02db77c88c42eca88fddff71d873c3"}, "pk": 22, "model": "alatting_website.image"}, {"fields": {"format": "jpg", "width": 1920, "height": 1440, "created_at": "2016-04-15T17:11:24Z", "file": "images/2016/04/15/976f1990232e48a397c25d0199f9b5ab.jpg", "uuid": "9f0d495d471046eeacfe002990cab6b7"}, "pk": 23, "model": "alatting_website.image"}, {"fields": {"format": "jpg", "width": 2400, "height": 1600, "created_at": "2016-04-15T17:11:53Z", "file": "images/2016/04/15/4ae5f59f35a54882a3e255500393b69f.jpg", "uuid": "f4e24ecd04f44c378596c7edc8272e75"}, "pk": 24, "model": "alatting_website.image"}, {"fields": {"format": "jpg", "width": 2100, "height": 2300, "created_at": "2016-04-15T17:12:15Z", "file": "images/2016/04/15/2a54e533ebb14b56a88acb430dce6553.jpg", "uuid": "9d7af3c268854aeb9cbb39986fa622ed"}, "pk": 25, "model": "alatting_website.image"}, {"fields": {"created_at": "2015-09-23T21:59:22Z", "uuid": "e00f5c389f1b46948530079e368fa8d9", "format": "mp3", "file": "music/2015/09/23/745f07fbc5014e54b9835bf5d985b5b8.mp3"}, "pk": 1, "model": "alatting_website.music"}, {"fields": {"created_at": "2015-09-23T22:10:21Z", "file": "videos/2015/09/23/4ca3bb5041bf4d059c5d270606ed4631.mp4", "uuid": "48f4b841f23d4db897e6f9c51bb86643", "format": "mp4", "preview": "/media/videos/2015/09/23/4ca3bb5041bf4d059c5d270606ed4631.jpg"}, "pk": 1, "model": "alatting_website.video"}, {"fields": {"created_at": "2016-04-13T04:08:01Z", "file": "videos/2016/04/13/96ca4b251a384459b439b8107091d1c3.mp4", "uuid": "c7ebf1810c524edb9fdb5cb1d50d783f", "format": "mp4", "preview": "/media/videos/2016/04/13/96ca4b251a384459b439b8107091d1c3.jpg"}, "pk": 3, "model": "alatting_website.video"}, {"fields": {"created_at": "2016-04-13T10:31:48Z", "file": "videos/2016/04/13/c37a13ce9508463f863cc1f48ae1f2e7.mp4", "uuid": "86cf24739fe24020b9363f0d03d2e308", "format": "mp4", "preview": "/media/videos/2016/04/13/c37a13ce9508463f863cc1f48ae1f2e7.jpg"}, "pk": 4, "model": "alatting_website.video"}, {"fields": {"poster": 1, "name": "image_1", "image": 2}, "pk": 1, "model": "alatting_website.posterimage"}, {"fields": {"poster": 1, "name": "logo", "image": 1}, "pk": 2, "model": "alatting_website.posterimage"}, {"fields": {"poster": 1, "name": "image_3", "image": 3}, "pk": 3, "model": "alatting_website.posterimage"}, {"fields": {"poster": 1, "name": "image_4", "image": 4}, "pk": 4, "model": "alatting_website.posterimage"}, {"fields": {"poster": 1, "name": "image_5", "image": 5}, "pk": 5, "model": "alatting_website.posterimage"}, {"fields": {"poster": 1, "name": "image_6", "image": 6}, "pk": 6, "model": "alatting_website.posterimage"}, {"fields": {"poster": 1, "name": "image_7", "image": 7}, "pk": 7, "model": "alatting_website.posterimage"}, {"fields": {"poster": 1, "name": "image_8", "image": 8}, "pk": 8, "model": "alatting_website.posterimage"}, {"fields": {"poster": 1, "name": "image_9", "image": 9}, "pk": 9, "model": "alatting_website.posterimage"}, {"fields": {"poster": 1, "name": "image_10", "image": 10}, "pk": 10, "model": "alatting_website.posterimage"}, {"fields": {"poster": 1, "name": "image_11", "image": 11}, "pk": 11, "model": "alatting_website.posterimage"}, {"fields": {"poster": 1, "name": "image_2", "image": 12}, "pk": 12, "model": "alatting_website.posterimage"}, {"fields": {"poster": 6, "name": "logo", "image": 15}, "pk": 13, "model": "alatting_website.posterimage"}, {"fields": {"poster": 6, "name": "banner3551", "image": 16}, "pk": 14, "model": "alatting_website.posterimage"}, {"fields": {"poster": 6, "name": "slider3551_image_1", "image": 17}, "pk": 15, "model": "alatting_website.posterimage"}, {"fields": {"poster": 6, "name": "slider3551_image_2", "image": 18}, "pk": 16, "model": "alatting_website.posterimage"}, {"fields": {"poster": 6, "name": "bottom3551", "image": 19}, "pk": 17, "model": "alatting_website.posterimage"}, {"fields": {"poster": 1, "name": "stats", "image": 22}, "pk": 18, "model": "alatting_website.posterimage"}, {"fields": {"poster": 1, "name": "contact", "image": 21}, "pk": 19, "model": "alatting_website.posterimage"}, {"fields": {"poster": 1, "name": "body_text", "image": 20}, "pk": 20, "model": "alatting_website.posterimage"}, {"fields": {"poster": 1, "name": "people", "image": 24}, "pk": 21, "model": "alatting_website.posterimage"}, {"fields": {"poster": 1, "name": "posters", "image": 25}, "pk": 22, "model": "alatting_website.posterimage"}, {"fields": {"poster": 1, "name": "introduction", "image": 23}, "pk": 23, "model": "alatting_website.posterimage"}, {"fields": {"poster": 1, "video": 1, "name": "video_1"}, "pk": 1, "model": "alatting_website.postervideo"}, {"fields": {"poster": 6, "video": 3, "name": "plan3551"}, "pk": 3, "model": "alatting_website.postervideo"}, {"fields": {"lifetime_timezone": "America/Los_Angeles", "logo_image": 1, "data": "html5/2015/09/23/47b3768339674065b427545f63a224f7.json", "status": "Active", "music": 1, "url": "www.alatting.com", "width": 800, "lifetime_value": "{\"2015-11-23\": {\"time_start\": \"08:00 am\", \"enabled\": 1,\"time_end\": \"09:00 pm\", \"message\": \"Funding opening day and project demonstration\"}}", "css": "html5/2015/09/23/47b3768339674065b427545f63a224f7.css", "script": "html5/2015/09/23/47b3768339674065b427545f63a224f7.js", "lifetime_type": "specific_days", "html": "html5/2015/09/23/47b3768339674065b427545f63a224f7.json", "address": 2, "created_at": "2015-09-23T22:01:33Z", "sub_category": 14, "mobile": "2134006368", "phone": "3234444444", "creator": 4, "logo_title": "\u963f\u62c9\u9f0e\u9ad8\u79d1\u56fd\u9645\u80a1\u4efd\u6709\u9650\u516c\u53f8", "unique_name": "alatting", "height": 1024, "tags": "", "main_category": 2, "short_description": "\u963f\u62c9\u9f0e\u603b\u90e8\u4f4d\u4e8e\u7f8e\u56fd\u6d1b\u6749\u77f6,\u4e13\u6ce8\u667a\u80fd\u6d77\u62a5\u8425\u9500", "email": "info@alatting.com"}, "pk": 1, "model": "alatting_website.poster"}, {"fields": {"lifetime_timezone": "Asia/Shanghai", "logo_image": 15, "data": "", "status": "Draft", "music": null, "url": "http://www.yunye123.com", "width": 800, "lifetime_value": "UTC", "css": "html5/2016/04/12/96d55ee0b5ad43c2ad23fb89efb2c9a9.css", "script": "", "lifetime_type": "weekly", "html": "html5/2016/04/13/7da62f47b96e4af3a6beacac7e2acbc9.json", "address": 3, "created_at": "2016-04-11T07:55:50Z", "sub_category": 1, "mobile": "13800138000", "phone": "87280808", "creator": 5, "logo_title": "3551\u5149\u8c37\u4eba\u624d\u8ba1\u5212", "unique_name": "3551", "height": 1024, "tags": "3551", "main_category": 1, "short_description": "\u201c3551\u5149\u8c37\u4eba\u624d\u8ba1\u5212\u201d - \u6b66\u6c49\u4e1c\u6e56\u9ad8\u65b0\u533a\u542f\u52a8\u4e4b\u5f15\u624d\u8ba1\u5212", "email": "abc@yunye123.com"}, "pk": 6, "model": "alatting_website.poster"}, {"fields": {"poster": 1, "name": "COMPANY", "template": 3, "index": 0}, "pk": 1, "model": "alatting_website.posterpage"}, {"fields": {"poster": 6, "name": "3551Project", "template": 2, "index": 0}, "pk": 2, "model": "alatting_website.posterpage"}, {"fields": {"poster": 6, "poster_page": 2, "content": "3551\u4eba\u624d\u8ba1\u5212", "name": "3551project_text"}, "pk": 1, "model": "alatting_website.pagetext"}, {"fields": {"activity_reminder_message": "", "activity_end_time": "2016-04-11T07:55:52Z", "activity_start_time": "2016-04-11T07:55:52Z", "parking_notice_message": "", "pre_minutes_to_notify": 0, "rejected_count": 0, "accepted_count": 0, "need_pre_notification": true, "activity_status": "coming", "special_description": "", "invitation_message": ""}, "pk": 6, "model": "alatting_website.activityinvitation"}, {"fields": {"poster": 6, "name": "more", "content": "\u66f4\u591a\u4e86\u89e3", "template": 2, "index": 0, "link": "#"}, "pk": 1, "model": "alatting_website.postermorelink"}, {"fields": {"poster": 6, "name": "contact", "content": "\u8054\u7cfb\u65b9\u5f0f", "template": 2, "index": 1, "link": "#"}, "pk": 2, "model": "alatting_website.postermorelink"}, {"fields": {"gender": "Male", "avatar": "avatars/avatar.png"}, "pk": 1, "model": "alatting_website.person"}, {"fields": {"gender": "Male", "avatar": "avatars/2015/11/09/86ecc17e58f4461fbcaee510e44cbc9f.png"}, "pk": 2, "model": "alatting_website.person"}, {"fields": {"tags": "", "name": "Activity Invitation", "description": "Activity / Party Invitation", "parent": null, "type": "Activity"}, "pk": 1, "model": "alatting_website.category"}, {"fields": {"tags": "", "name": "Business Marketing", "description": "Business Marketing", "parent": null, "type": ""}, "pk": 2, "model": "alatting_website.category"}, {"fields": {"tags": "", "name": "Product Promotion", "description": "Profuct Promotion", "parent": null, "type": ""}, "pk": 3, "model": "alatting_website.category"}, {"fields": {"tags": "", "name": "Personal & Expert Branding", "description": "Personal & Expert Brandin", "parent": null, "type": ""}, "pk": 4, "model": "alatting_website.category"}, {"fields": {"tags": "", "name": "Marriage Invitation", "description": "Marriage Invitation", "parent": 1, "type": ""}, "pk": 5, "model": "alatting_website.category"}, {"fields": {"tags": "", "name": "Dating Invitation", "description": "Dating Invitation", "parent": 1, "type": ""}, "pk": 6, "model": "alatting_website.category"}, {"fields": {"tags": "", "name": "Education Marketing", "description": "Education Marketing", "parent": 2, "type": ""}, "pk": 7, "model": "alatting_website.category"}, {"fields": {"tags": "", "name": "School Marketing", "description": "School Marketing", "parent": 2, "type": ""}, "pk": 8, "model": "alatting_website.category"}, {"fields": {"tags": "", "name": "Art Auction", "description": "Art Auctio", "parent": 3, "type": ""}, "pk": 9, "model": "alatting_website.category"}, {"fields": {"tags": "", "name": "Cosmetics Promotion", "description": "Cosmetics Promotion", "parent": 3, "type": ""}, "pk": 10, "model": "alatting_website.category"}, {"fields": {"tags": "", "name": "Lawyer Branding", "description": "Lawyer Branding", "parent": 4, "type": ""}, "pk": 11, "model": "alatting_website.category"}, {"fields": {"tags": "", "name": "Doctor Branding", "description": "Doctor Branding", "parent": 4, "type": ""}, "pk": 12, "model": "alatting_website.category"}, {"fields": {"tags": "", "name": "Birthday Invitation", "description": "Birthday Invitation", "parent": 1, "type": ""}, "pk": 13, "model": "alatting_website.category"}, {"fields": {"tags": "", "name": "Enterprise Marketing", "description": "Enterprise Marketing", "parent": 2, "type": ""}, "pk": 14, "model": "alatting_website.category"}, {"fields": {"tags": "", "name": "Car Promotion", "description": "Car Promotion", "parent": 3, "type": ""}, "pk": 15, "model": "alatting_website.category"}, {"fields": {"tags": "", "name": "Designer Branding", "description": "Designer Branding", "parent": 4, "type": ""}, "pk": 16, "model": "alatting_website.category"}, {"fields": {"tags": "adfd", "name": "aa", "description": "aaa", "parent": 1, "type": "Business"}, "pk": 17, "model": "alatting_website.category"}, {"fields": {"address1": "2181 E Foothill Blvd", "state": "CA", "updated_at": "2015-09-23T21:58:21Z", "country": "USA", "city": "Pasadena", "address2": "", "created_at": "2015-09-23T21:58:21Z", "post_code": "91007"}, "pk": 1, "model": "alatting_website.address"}, {"fields": {"address1": "2181 E Foothill Blvd", "state": "CA", "updated_at": "2015-09-23T21:58:43Z", "country": "USA", "city": "Pasadena", "address2": "", "created_at": "2015-09-23T21:58:43Z", "post_code": "91007"}, "pk": 2, "model": "alatting_website.address"}, {"fields": {"address1": "\u6b66\u6c49\u5149\u8c37\u56fd\u9645\u5e7f\u573a", "state": "\u6e56\u5317", "updated_at": "2016-04-11T07:44:41Z", "country": "\u4e2d\u56fd", "city": "\u6b66\u6c49", "address2": "", "created_at": "2016-04-11T07:44:41Z", "post_code": "430070"}, "pk": 3, "model": "alatting_website.address"}, {"fields": {"name": "first"}, "pk": 1, "model": "alatting_website.template"}, {"fields": {"name": "yunye"}, "pk": 2, "model": "alatting_website.template"}, {"fields": {"name": "alatting"}, "pk": 3, "model": "alatting_website.template"}, {"fields": {"name": "top-left", "height": 49.0, "width": 63.5, "left": 0.0, "top": 0.0, "template": 1, "polygon": "0 0, 100% 0, 0 100%"}, "pk": 1, "model": "alatting_website.templateregion"}, {"fields": {"name": "top-right", "height": 49.0, "width": 49.0, "left": 51.0, "top": 0.0, "template": 1, "polygon": "0 23.2%, 30.3% 0, 100% 0, 100% 100%"}, "pk": 2, "model": "alatting_website.templateregion"}, {"fields": {"name": "middle", "height": 84.58, "width": 100.0, "left": 0.0, "top": 12.06, "template": 1, "polygon": "0 54.73%,0 45.27%, 50% 0, 100% 45.27%, 100% 54.73%, 50% 100%"}, "pk": 3, "model": "alatting_website.templateregion"}, {"fields": {"name": "bottom-left", "height": 40.0, "width": 52.0, "left": 0.0, "top": 60.0, "template": 1, "polygon": "44% 44%, 100% 100%, 0 100%, 0 86%"}, "pk": 4, "model": "alatting_website.templateregion"}, {"fields": {"name": "bottom-right", "height": 40.0, "width": 48.7, "left": 51.3, "top": 60.0, "template": 1, "polygon": "0 94%, 100% 0, 100% 100%, 6% 100%"}, "pk": 5, "model": "alatting_website.templateregion"}, {"fields": {"name": "videos", "height": 30.0, "width": 100.0, "left": 0.0, "top": 0.0, "template": 2, "polygon": ""}, "pk": 6, "model": "alatting_website.templateregion"}, {"fields": {"name": "banner", "height": 30.0, "width": 100.0, "left": 0.0, "top": 30.0, "template": 2, "polygon": ""}, "pk": 7, "model": "alatting_website.templateregion"}, {"fields": {"name": "slider", "height": 30.0, "width": 100.0, "left": 0.0, "top": 60.0, "template": 2, "polygon": ""}, "pk": 8, "model": "alatting_website.templateregion"}, {"fields": {"name": "bottom", "height": 17.0, "width": 100.0, "left": 0.0, "top": 90.0, "template": 2, "polygon": ""}, "pk": 9, "model": "alatting_website.templateregion"}, {"fields": {"name": "top-left", "height": 42.0, "width": 50.0, "left": 0.0, "top": 0.0, "template": 3, "polygon": ""}, "pk": 10, "model": "alatting_website.templateregion"}, {"fields": {"name": "top-right", "height": 42.0, "width": 50.0, "left": 50.0, "top": 0.0, "template": 3, "polygon": ""}, "pk": 11, "model": "alatting_website.templateregion"}, {"fields": {"name": "middle", "height": 16.0, "width": 100.0, "left": 0.0, "top": 42.0, "template": 3, "polygon": ""}, "pk": 12, "model": "alatting_website.templateregion"}, {"fields": {"name": "bottom-left", "height": 42.0, "width": 50.0, "left": 0.0, "top": 58.0, "template": 3, "polygon": ""}, "pk": 13, "model": "alatting_website.templateregion"}, {"fields": {"name": "bottom-right", "height": 42.0, "width": 50.0, "left": 50.0, "top": 58.0, "template": 3, "polygon": ""}, "pk": 14, "model": "alatting_website.templateregion"}]